tree
version=v4
num_class=3
num_tree_per_iteration=3
label_index=0
max_feature_idx=199
objective=multiclass num_class:3
feature_names=Column_0 Column_1 Column_2 Column_3 Column_4 Column_5 Column_6 Column_7 Column_8 Column_9 Column_10 Column_11 Column_12 Column_13 Column_14 Column_15 Column_16 Column_17 Column_18 Column_19 Column_20 Column_21 Column_22 Column_23 Column_24 Column_25 Column_26 Column_27 Column_28 Column_29 Column_30 Column_31 Column_32 Column_33 Column_34 Column_35 Column_36 Column_37 Column_38 Column_39 Column_40 Column_41 Column_42 Column_43 Column_44 Column_45 Column_46 Column_47 Column_48 Column_49 Column_50 Column_51 Column_52 Column_53 Column_54 Column_55 Column_56 Column_57 Column_58 Column_59 Column_60 Column_61 Column_62 Column_63 Column_64 Column_65 Column_66 Column_67 Column_68 Column_69 Column_70 Column_71 Column_72 Column_73 Column_74 Column_75 Column_76 Column_77 Column_78 Column_79 Column_80 Column_81 Column_82 Column_83 Column_84 Column_85 Column_86 Column_87 Column_88 Column_89 Column_90 Column_91 Column_92 Column_93 Column_94 Column_95 Column_96 Column_97 Column_98 Column_99 Column_100 Column_101 Column_102 Column_103 Column_104 Column_105 Column_106 Column_107 Column_108 Column_109 Column_110 Column_111 Column_112 Column_113 Column_114 Column_115 Column_116 Column_117 Column_118 Column_119 Column_120 Column_121 Column_122 Column_123 Column_124 Column_125 Column_126 Column_127 Column_128 Column_129 Column_130 Column_131 Column_132 Column_133 Column_134 Column_135 Column_136 Column_137 Column_138 Column_139 Column_140 Column_141 Column_142 Column_143 Column_144 Column_145 Column_146 Column_147 Column_148 Column_149 Column_150 Column_151 Column_152 Column_153 Column_154 Column_155 Column_156 Column_157 Column_158 Column_159 Column_160 Column_161 Column_162 Column_163 Column_164 Column_165 Column_166 Column_167 Column_168 Column_169 Column_170 Column_171 Column_172 Column_173 Column_174 Column_175 Column_176 Column_177 Column_178 Column_179 Column_180 Column_181 Column_182 Column_183 Column_184 Column_185 Column_186 Column_187 Column_188 Column_189 Column_190 Column_191 Column_192 Column_193 Column_194 Column_195 Column_196 Column_197 Column_198 Column_199
feature_infos=[-0.23237087277300811:3.5779465573250437] [-0.27602711449277312:3.84515003317635] [-0.15157429580323811:2.9122895814610441] [-0.27493967766469024:2.6971134511647223] [-0.52634742030685733:7.011218596902137] [-0.36898445021751031:4.5328954603916358] [-0.48929538603279299:2.0197167195752006] [-1.983123771197657:1.6411480383591455] [-2.0819801860061173:2.4137444463742459] [-2.0407130477998905:1.5660720481733783] [-0.17336012430746911:0.62150676422962281] [-1.2697543804089118:0.50311398830697618] [-2.0318210784646062:0.71923676564136807] [-0.39065340741977678:4.1494158683855318] [-0.43898704775278347:4.8142386736079619] [-0.43860209588161547:5.0475893804929166] [-0.13500888306800338:0.64597349812795668] [-1.2682078125134089:0.49360026144018121] [-1.9802372519673208:0.85953523027675971] [-0.16705518441381248:0.63209140047527701] [-1.2674082403628422:0.50434601295939829] [-2.0967164990241192:0.71119564143771241] [-2.2984607825007486:2.363004978915729] [-0.60967254678411908:0.74662174596019826] [-0.61658024871426242:0.25188023083914973] [-0.58563167808262939:1.1519917071790433] [-0.38167654108307125:5.0794300994845445] [-0.91072977892655627:3.5364106030038958] [-0.46503660721521645:4.3719224643293852] [-1.6886562342990195:2.4540812555124401] [-2.3531323450130963:1.6529605703173671] [-1.582397544815269:2.23742750830628] [-2.1168491823771567:1.548196561293629] [-1.6270960742370526:2.7570660916599694] [-2.6687372250572925:1.6268686376883241] [-1.6403871424463152:2.6161992424247251] [-2.6427278531691236:1.6239474999796619] [-1.8052941314239026:3.6892058367990352] [-3.7629820330818262:1.8063934625155396] [-1.7883941106223369:3.8144816111207338] [-3.8373770469006838:1.7886787371225372] [-1.6943254830460213:1.1641946026720531] [-0.27720002263554999:3.9909114082095472] [-0.45573133176507963:5.978774536265874] [-0.32510385335228387:4.6406026619036558] [-0.35137577116992652:4.1271352513117874] [-0.54179063948632777:8.4376763813650495] [0.47802653929576971:1.6831224466065589] [0.10420231624791813:1.8456889481357459] [-3.2604166318151608:2.7082730427258119] [-2.8248757074514628:3.3111966198045915] [-4.8690354931356499:4.2062148867976248] [-5.2437436090767306:5.6452840950688277] [-7.1032112262067049:6.1076065061195397] [-0.30000946022310365:5.6109328494013457] [-0.30877426165097688:5.6984665618866224] [-0.25464694965365536:4.7294177989578543] [-0.33683142001935851:4.5318044504870558] [-1.2621202937348206:5.8043370734381261] [-6.4069698215443696:1.151748522394427] [-0.48570832465666475:12.912222488878552] [-0.46434005913904791:9.1882097249745822] [-0.54173096322212255:9.44408223187056] [-0.34144151435274928:5.6355341527599947] [-0.30773812712105725:5.1233665302811646] [-0.42323384174346651:5.298750999450129] [-1.8671967370569078:2.5097988028581186] [-2.6707043245373558:1.4986401175170438] [-3.148975119285145:2.6004000655780555] [-1.7459764651224072:2.5901923560042746] [-2.1389055542366928:2.0321843141988229] [-1.3751307009428815:2.1305507443817358] [-0.42430428016085481:5.5517213799598721] [-0.40181979774859333:5.4707943506714392] [-0.42970768401683246:6.7056944156228262] [-0.2821330124404941:5.9022905441765134] [-0.52891571587893438:5.7466259124268007] [-6.1660511442552908:0.48025013652211168] [-0.31087344272221329:6.3735576182287135] [-0.53658839030865058:13.546774077595197] [-0.4736081845061495:13.969171898604763] [-0.36974045885353818:5.5431104792443397] [-0.30533973521653074:6.4023220657680904] [0.0597074677760027:1.7912588713806192] [-2.5691080554965207:1.637490308348228] [-3.9114216684295071:3.0864382202226377] [-2.6554389606092683:2.7482337951132738] [-2.7951365170303868:2.9903919120922384] [-2.6484717169417937:2.4530489453777333] [-0.23540307074766759:3.264134727449755] [-0.21703325262311865:3.4053610177754132] [-0.14706215387766974:3.3208486913625572] [-2.6532794166573654:1.9971308263225269] [-1.9585660441505339:3.1518997893953586] [-0.23540307074766759:3.264134727449755] [-0.21703325262311865:3.4053610177754132] [-0.14706215387766974:3.3208486913625572] [-0.38019763718936822:6.0563756774108581] [-2.6532794166573654:1.9971308263225269] [-1.9585660441505339:3.1518997893953586] [-0.33346815824919102:4.1719293132931012] [-0.34025175546596698:4.1369593640991855] [-0.33346815824919102:4.1719293132931012] [-0.57112192514884608:8.7158035831324749] [-0.36482912355530717:4.9288252333232556] [0.40595071725171333:1.4770437411068498] [-0.14197335027392594:3.7894878546578812] [-0.2739124944568736:3.4957329392568739] [-0.17893807250252886:2.7520998308389606] [-0.14498013087322942:3.4166586310832114] [-0.4377801469092274:3.9517531358537856] [-0.45396786163616454:3.2943904036201461] [-0.52492813146056017:7.0156618698482518] [-0.50666140391694303:5.1410898895327231] [-3.43853117915442:3.0925872533877028] [-1.2487681777637991:2.268688121039931] [-1.0922932661491229:2.5965205961664384] [-1.0403207956404521:2.7903989764267298] [-1.7590468873708296:2.4602707084890443] [-0.55330670090507861:6.3910313801791432] [-0.53556834708345202:6.7077647660414002] [-0.52298334059246998:6.9212308758872965] [-0.64652623506353757:5.5424351729378536] [-0.57436703683800339:7.4211406170193408] [-0.50400647067250215:5.1419558956326492] [-0.46449542583534131:7.9102299191624574] [-0.47780874985022836:12.278953279025005] [-0.48942400846298967:15.32775940004713] [-0.45468397255040005:7.6622275103748692] [-0.3599384030554949:4.1963568151793966] [-0.37330142661808369:3.7142645218885724] [-0.48424211539605794:6.1743906268047297] [-0.32668682783664238:3.7926372999686326] [-0.31733885740086298:3.8485383306192817] [-1.5241603545562428:1.6594998914649224] [-2.2489026571733364:2.1847955361988349] [-0.5550753990993158:8.3866030618401552] [-0.58778160575182714:10.92397983655675] [-0.52917053103680078:9.3668513367615596] [-0.54004025317757398:8.2163292406499995] [-0.5733734869503232:6.5969683593039177] [-0.46649970492856097:10.774544380055946] [-0.53746064404933702:10.195082136554852] [-0.47884732926892887:13.440909954863521] [-0.43663534818987365:22.669291389918058] [-0.48425316434953031:17.606425996632723] [-0.45035286544973391:22.415397056332115] [-0.29057554655120588:4.6815521171245482] [-0.20299270186359708:4.9005008512133452] [-0.34279065279912141:5.964926988995729] [-0.25646235925338667:4.32052194181865] [-0.36395730818244487:4.946628206849784] [-0.25394022612269013:4.9480841491340017] [-0.20161987447111021:5.0376368209996825] [-0.43593077507324463:5.6004345733134988] [-0.3480655311101889:5.0581551884374951] [-0.44390414471787298:6.3551756049879451] [-0.50626790546277811:14.137059587244257] [-0.45429478523273392:9.1254714445023435] [0.2615849898908793:1.8015692093556313] [-0.63306282404077596:5.4215011287384121] [-0.66988002709901218:4.5866995369328585] [-0.81232399135350919:5.5162985024564666] [-2.912450369405156:2.363894465768249] [-1.873280292370568:2.9792325306938525] [-1.8832831785068611:3.218190917437703] [-1.1932074901054857:3.8594675752947687] [-1.8107157319350664:3.2281826503490372] [-1.3016053462635866:3.8728056070265926] [-0.53187460038410028:15.84467266757817] [-0.50239736777135746:11.162428480026202] [-0.50632934015635889:14.679199935590624] [-0.53869706977067167:13.219900722306555] [-0.5070858981097931:14.333895698236379] [-0.45205143518516183:7.9805470915593393] [-0.44975492237966397:9.4489199262011621] [-0.36120782462046819:14.198934721551529] [-0.45420482458952022:8.5937155505311278] [-0.49961897615423667:10.649451380171556] [-0.44973698358925868:13.481057827290796] [-0.51165770731473237:9.6618379464166306] [-0.45861145217498306:11.582519866278204] [-0.52784583094470872:9.2545666986875794] [-0.43142101880829958:27.377475247087627] [-0.2748428786894595:3.5027542121117432] [-0.20017417587015468:3.224720680688232] [-0.23396941952171682:3.6514539762369198] [-0.27788197282678062:3.7797194663597233] [-0.2748428786894595:3.5027542121117432] [-0.51709019513224797:5.895329041985236] [-2.2791702787333747:1.9008912574636512] [-0.34588108003193108:4.069599233805671] [-0.47638987373693542:4.6204170297046376] [-0.56250852387742256:7.9898916879586173] [-0.7013218074626214:11.985656115416866] [-2.7850137685828922:3.3076267168489553] [-1.6583751285737396:1.6275503454240692] [-0.99742226321513827:0.47418617258976087] [-0.37785848664433269:1.1674504039795159] [-0.59903685230003578:1.9541289433177205]
tree_sizes=2522 2101 1982 2778 2251 2034 2904 2261 2029 2799 2149 2337 2795 2462 2365 2697 2372 2458 2901 2265 2576 2807 2580 2663 2702 2578 2465 2712 2584 2687 2806 2583 2473 2819 2592 2478 2918 2367 2676 3023 2154 2066 3017 2579 2460 2588 2067 2485 2704 2169 2581 2918 2280 2698 2819 2283 2487 2816 2061 2481 2908 2382 2392 2912 2271 2493 2589 2075 2595 2825 2482 2599 2614 2073 2707 2822 2379 2701 3039 2385 2805 2612 2275 2819 2827 2503 2600 2724 2496 2610 2818 2612 2613 2834 2498 2295 2826 2404 2605 2941 2296 2595 3070 2620 2724 2722 2297 2388 2940 2413 2623 2833 2628 2625 2969 2629 2630 3081 2306 2846 2842 2406 2737 2749 2627 2640 2844 2535 2631 3105 2649 2863 2859 2405 2857 2851 2641 2644 2876 2536 2536 2859 2755 2874 2766 2864 2430 2997 2428 2881 2880 2430 2548 3123 2442 2755 2646 2547 2550 2435 2432 2990 2799 2448 2783 2994 2669 2550 2795 2347 2895 2676 2459 2555 2884 3000 3001 3121 2672 2228 2795 2793 3008 2801 2911 2573 2908 3020 3025 2786 2475 2688 3032 2689 2914 3026 2819 2584 2937 2356 2932 2820 2810 2481 2600 2600 2697 3038 2473 2030 2816 2379 2815 2482 3047 2258 3066 2832 2143 2831 2718 2610 2616 2734 2377 2379 2382 2257 2862 2935 2723 3070 2729 2034 3182 2962 3075 3092 2734 2846 2866 2746 3065 2520 2512 2858 3327 2397 2621 3095 2633 2054 3106 2640 2871 3208 2743 2858 2754 2626 2062 2421 2414 3331 3110 2647 2992 3227 2527 2079 2659 2429 2624 2432 2874 2542 2532 2545 2203 2773 2309 2190 2429 2756 2649 2787 2758 2540 3021 2432 2422 2331 2552 2671 2900 2558 2550 2916 2667 2198

Tree=0
num_leaves=23
num_cat=0
split_feature=29 185 7 92 160 160 92 19 3 170 167 26 7 18 92 89 48 92 49 170 0 2
split_gain=839.627 341.228 288.304 151.043 57.1773 44.5801 22.9921 50.2159 40.8396 17.7562 23.244 15.9357 14.7851 11.1759 8.39036 8.05412 4.00188 3.80888 2.50669 1.82267 0.500047 7.10543e-15
threshold=0.024272827799234564 1.057051482096049 -0.11105157344577153 -0.77501568768269913 -0.46488048361001511 -0.46488048361001511 -0.31859956573110476 0.50468983417606461 1.2265845122984391 1.9038422897183127 -0.90580674657419435 0.3713036456318326 -0.91679240216758273 -1.3640102499961377 -0.842609261115569 0.68212058981528456 1.4769679445412993 -0.95021775147024468 0.87078490996117264 2.3558106011301114 1.1369235318911735 1.0626642265880863
decision_type=2 2 2 2 2 2 2 2 2 2 2 2 2 2 2 2 2 2 2 2 2 2
left_child=2 5 6 13 15 -2 18 16 -9 20 -11 -6 -7 -4 -14 -5 -8 -15 19 -1 -3 -22
right_child=1 9 3 4 11 12 7 8 -10 10 -12 -13 14 17 -16 -17 -18 -19 -20 -21 21 -23
leaf_value=-1.0913174753462103 -1.0105458392248077 -1.0634729267612482 -0.9426905987934735 -0.94947612283660698 -0.81197997775206154 -0.95626164687974036 -1.0890188426666405 -0.82977947871573365 -1.0675442411871283 -1.0919721277424084 -0.85447878623273921 -0.96243030510077077 -0.92097692185544666 -1.0894275562262334 -0.81034881781037515 -1.0919721277424086 -1.0207241252895076 -1.0249151842573254 -1.037165972009408 -1.0590884343026081 -1.0919721277424086 -1.0919721277424086
leaf_weight=458.25846165418625 12.281046062707899 7.0177406072616568 7.3686276376247397 7.0177406072616604 80.002242922782898 7.3686276376247397 67.721196860074997 17.544351518154148 12.281046062707899 8.0704016983509081 8.4212887287139875 7.7195146679878226 7.0177406072616568 39.299347400665283 296.85042768716812 9.1230627894401533 9.824836850166319 11.930159032344816 9.1230627894401533 18.24612557888031 17.193464487791061 32.983380854129791
leaf_count=1306 35 20 21 20 228 21 193 50 35 23 24 22 20 112 846 26 28 34 26 52 49 94
internal_value=-0.98561 -0.867906 -1.0475 -0.929471 -0.857046 -0.823672 -1.07983 -1.03795 -0.927683 -1.06212 -0.970699 -0.82522 -0.816298 -1.05784 -0.812904 -1.03002 -1.08037 -1.0744 -1.08909 -1.09008 -1.08848 -1.09197
internal_weight=1152.66 397.204 755.46 162.461 103.863 323.518 592.999 107.371 29.8254 73.6863 16.4917 87.7218 311.237 58.5981 303.868 16.1408 77.546 51.2295 485.628 476.505 57.1946 50.1768
internal_count=3285 1132 2153 463 296 922 1690 306 85 210 47 250 887 167 866 46 221 146 1384 1358 163 143
is_linear=0
shrinkage=1


Tree=1
num_leaves=19
num_cat=0
split_feature=37 20 162 86 24 11 7 33 191 168 161 168 165 166 35 156 13 26
split_gain=1129.21 202.086 180.45 113.484 78.8786 64.449 35.912 32.7307 32.2217 26.7228 17.78 21.8994 15.6989 14.4539 11.4723 3.37578 2.85786 0.503464
threshold=-0.46084762783276195 -0.84176831786887463 0.19450231258392425 1.015886446051262 -0.5389893846754602 -0.86146031937209933 -1.3626662510518261 -0.52815463112870253 1.1118763565518484 1.0000000180025095e-35 0.3585812058125703 0.35153230556254117 0.70701256199376383 1.6892713562823058 0.18301686565136685 2.1801070080576461 0.12130634873586192 0.85866463555288008
decision_type=2 2 2 2 2 2 2 2 2 2 2 2 2 2 2 2 2 2
left_child=2 3 4 6 16 -4 -2 9 -5 -3 14 -12 17 15 -6 -9 -1 -7
right_child=1 7 5 8 10 12 -8 13 -10 -11 11 -13 -14 -15 -16 -17 -18 -19
leaf_value=-1.2179136167384983 -1.1601791254506655 -1.2179136167384983 -0.92346771117055104 -0.97542875332960055 -0.9198722920151583 -1.2179136167384983 -0.91480753747737609 -1.2159443298131418 -1.2179136167384983 -0.95810840594325075 -1.17244770484933 -0.91480753747737609 -1.0525830280506134 -1.0663605771079372 -1.0112503808786424 -1.1457455026287073 -1.1269817929601618 -1.1876030088123861
leaf_weight=7.2581847906112653 6.9282673001289359 6.9282673001289394 11.54711216688156 6.5983498096466056 256.67580759525299 32.331914067268372 42.889273762702942 609.35760492086411 32.331914067268372 9.2376897335052472 6.5983498096466047 6.5983498096466064 7.2581847906112662 6.5983498096466056 14.516369581222532 6.9282673001289359 6.5983498096466064 6.5983498096466056
leaf_count=22 21 21 35 20 778 98 130 1847 98 28 20 20 22 20 44 21 20 20
internal_value=-1.11891 -1.1903 -0.972957 -1.0489 -0.941631 -1.13478 -0.948932 -1.20993 -1.17681 -1.06945 -0.930279 -1.04363 -1.1876 -1.21358 -0.924764 -1.21516 -1.17461 -1.21278
internal_weight=1083.78 727.798 355.981 88.7478 298.245 57.7356 49.8175 639.05 38.9303 16.166 284.389 13.1967 46.1884 622.884 271.192 616.286 13.8565 38.9303
internal_count=3285 2206 1079 269 904 175 151 1937 118 49 862 40 140 1888 822 1868 42 118
is_linear=0
shrinkage=1


Tree=2
num_leaves=18
num_cat=0
split_feature=89 71 59 81 12 40 186 20 6 90 78 47 136 7 24 38 41
split_gain=1389.32 144.256 71.7358 60.9076 44.0691 37.3847 23.409 47.3712 20.967 35.595 11.9013 9.2289 20.1891 3.86849 2.74646 2.33081 1.07553
threshold=1.2754395768919409 0.89825983141408272 -1.5353689974005571 1.4132451143725235 0.61174653915634181 0.55622666836176327 1.0535271060398068 -0.60819158075182445 1.1830369947759312 1.6458578935797232 0.95873787396200127 1.2485890694458486 1.2660573185270294 -1.2695140772074682 -0.38208827269779216 0.77804101752242827 -0.56962510177403136
decision_type=2 2 2 2 2 2 2 2 2 2 2 2 2 2 2 2 2
left_child=2 8 3 5 6 10 13 -8 11 -10 -1 15 -13 -4 -3 -2 -5
right_child=1 14 4 16 -6 -7 7 -9 9 -11 -12 12 -14 -15 -16 -17 -18
leaf_value=-0.98135602993586213 -0.98315670147332834 -1.2193822987946759 -1.2370138742656991 -1.2511191346425177 -1.0545948818924202 -1.263461237472234 -1.285219351883284 -1.1161288944951904 -1.2240494805370055 -0.98135602993586213 -1.1400402091750712 -1.2035138808707548 -0.98135602993586213 -1.2959780965074905 -1.2987243884142805 -1.0448297016315458 -1.2987243884142805
leaf_weight=18.905476927757267 222.13935390114784 6.3018256425857571 11.343286156654356 6.3018256425857571 8.1923733353614789 8.5074646174907667 59.237161040306091 23.001663595438004 10.713103592395784 13.864016413688658 6.3018256425857535 6.3018256425857571 11.658377438783644 582.60378065705299 14.179107695817946 6.3018256425857535 19.220568209886551
leaf_count=60 705 20 36 20 26 27 188 73 34 44 20 20 37 1849 45 20 61
internal_value=-1.20347 -1.01841 -1.276 -1.17043 -1.28514 -1.0822 -1.28793 -1.23793 -0.99907 -1.08715 -1.02103 -0.990285 -1.05931 -1.29485 -1.27431 -0.984858 -1.28697
internal_weight=1035.07 291.459 743.615 59.2372 684.378 33.7148 676.186 82.2388 270.979 24.5771 25.2073 246.401 17.9602 593.947 20.4809 228.441 25.5224
internal_count=3285 925 2360 188 2172 107 2146 261 860 78 80 782 57 1885 65 725 81
is_linear=0
shrinkage=1


Tree=3
num_leaves=25
num_cat=0
split_feature=92 185 122 7 30 162 185 160 29 110 15 7 30 11 87 169 110 33 178 44 49 83 38 187
split_gain=679.602 274.53 125.704 121.86 74.4539 43.8428 43.5678 34.2163 28.1892 40.6246 24.4046 18.9844 15.1068 8.57464 5.01487 4.60456 4.59086 13.6667 3.32667 2.73854 1.37359 0.881334 0.46855 0.132308
threshold=-0.38400055699831587 1.0175823776997195 1.3814593859756068 1.0000000180025095e-35 0.63041442638530076 0.76983163209898486 1.0905766195341797 -0.46488048361001511 0.10828053181264446 0.70505524446350432 -0.18625052918885507 -0.36625096004523655 0.77972744290247131 -0.60911773712693307 1.6361222236707758 0.49181307796573231 0.40381647529756964 -0.1135260812668798 0.67576948875759035 0.9715916919828318 0.70323834815025343 0.87280869513087478 0.25543038282799696 0.92001181470818838
decision_type=2 2 2 2 2 2 2 2 2 2 2 2 2 2 2 2 2 2 2 2 2 2 2 2
left_child=3 2 7 8 6 23 21 11 16 15 -3 -2 -9 -6 19 -10 17 -1 -11 -12 -18 -5 -15 -4
right_child=1 10 5 4 13 -7 -8 12 9 18 14 -13 -14 22 -16 -17 20 -19 -20 -21 -22 -23 -24 -25
leaf_value=-0.095945385454493881 -0.10293613965123422 0.065141656834044923 -0.10199299380478644 0.11771823404197135 0.021605386154410985 0.13275235081064019 -0.090161852736623319 0.14745052191026128 0.14562713918162803 -0.10158396428684119 -0.037310925796469774 0.11664841703814265 0.0022218657677643703 -0.071827053610386452 -0.005810356916230934 0.041889496603889166 -0.099628980836738879 0.06416344217686884 -0.0248716225487986 -0.10082803739825133 -0.068162412261027733 0.1556504119058674 -0.10168070036029049 -0.086246936770982371
leaf_weight=22.404428124427799 8.8446416258811933 12.024314016103743 26.067296147346497 7.2830891311168662 7.9108788073062888 10.899004667997358 9.0793500244617444 354.37717327475548 10.65481010079384 24.952199518680573 7.5269425809383383 7.0961726605892173 7.3102820217609397 6.732232719659808 6.9381202161312094 7.1500160098075858 436.72919094562531 6.9960815012454978 7.3088582456111899 69.135670185089111 14.327730268239973 38.530040979385376 23.996093571186066 6.7099465429782859
leaf_count=67 26 34 77 20 23 30 27 963 29 74 22 20 21 20 20 20 1307 20 21 206 42 105 71 20
internal_value=0.00010276 0.0849003 0.119619 -0.0701384 0.0351045 -0.0409954 0.10996 0.138196 -0.0886928 -0.017285 -0.0680646 -0.00518643 0.144515 -0.071238 -0.0872237 0.103968 -0.0961338 -0.0578462 -0.0842045 -0.0945918 -0.0986295 0.14962 -0.0951401 -0.0987696
internal_weight=1140.98 516.93 421.305 624.055 93.5317 43.6762 54.8925 377.628 530.523 50.0659 95.625 15.9408 361.687 38.6392 83.6007 17.8048 480.457 29.4005 32.2611 76.6626 451.057 45.8131 30.7283 32.7772
internal_count=3285 1439 1157 1846 266 127 152 1030 1580 144 282 46 984 114 248 49 1436 87 95 228 1349 125 91 97
is_linear=0
shrinkage=0.1


Tree=4
num_leaves=20
num_cat=0
split_feature=37 20 162 86 24 11 35 168 191 7 165 19 49 156 118 78 58 59 49
split_gain=890.912 174.039 129.241 85.654 57.5179 50.6308 29.2935 27.9694 26.6864 25.4411 14.179 13.9306 9.78865 4.9667 3.55353 0.75368 0.135008 0.016163 0.000178613
threshold=-0.46084762783276195 -0.84176831786887463 0.19450231258392425 1.015886446051262 -0.55645603315269077 -0.85007907366318836 -0.61199179418538063 1.0000000180025095e-35 1.1118763565518484 -1.3626662510518261 0.70701256199376383 0.55342295947298659 0.36240427871660214 2.136488706469867 1.4907191983352759 0.77346134772441943 0.14468532013602628 -1.6751469176089666 -1.1807716094214427
decision_type=2 2 2 2 2 2 2 2 2 2 2 2 2 2 2 2 2 2 2
left_child=2 3 4 9 -1 -4 7 15 -5 -2 16 12 -6 14 -8 -3 -7 -11 -10
right_child=1 6 5 8 11 10 13 -9 18 17 -12 -13 -14 -15 -16 -17 -18 -19 -20
leaf_value=-0.096757962762278674 -0.037708486054460845 -0.095481309809666057 0.15703839448066195 0.12224431067234134 0.16497567634640409 -0.0789811063034766 -0.092802697669719714 0.1475143679622519 -0.094578233930874819 0.1737367920193702 0.059046620638671825 0.019795226105646244 0.10531379227485659 -0.014614465384835735 -0.017583965165976597 -0.047701128675081687 -0.095112661511355612 0.16906013743357901 -0.094081437359420483
leaf_weight=9.2957146763801557 6.7548033297061911 6.9443822503089923 13.156435102224348 7.002035826444625 273.27872148156166 6.2661611735820761 567.38225969672203 10.20975425839424 11.853504598140718 9.2186798453330976 7.4532145261764517 7.3661434650421134 30.576665252447128 8.4219637513160688 6.3510029017925254 6.2930523157119751 30.155359476804733 37.256668835878372 18.581612020730972
leaf_count=29 21 22 37 20 766 20 1820 29 38 26 22 22 87 26 20 20 96 104 60
internal_value=-1.89497e-05 -0.0670923 0.123677 0.0621196 0.148357 -0.0150253 -0.0864371 0.0231516 -0.0537784 0.143632 -0.066621 0.155678 0.158972 -0.090851 -0.0919701 -0.0727667 -0.0923373 0.169988 -0.0942749
internal_weight=1073.82 696.27 377.548 90.6673 320.517 57.0312 605.602 23.4472 37.4372 53.2302 43.8747 311.222 303.855 582.155 573.733 13.2374 36.4215 46.4753 30.4351
internal_count=3285 2206 1079 269 904 175 1937 71 118 151 138 875 853 1866 1840 42 116 130 98
is_linear=0
shrinkage=0.1


Tree=5
num_leaves=18
num_cat=0
split_feature=89 71 186 20 199 128 59 145 59 3 76 118 156 24 97 59 44
split_gain=1072.14 100.914 63.2798 64.439 50.2186 48.5903 17.796 14.8614 11.2544 10.6516 8.8839 4.81287 4.73287 4.29781 1.74981 0.10955 0.000726006
threshold=1.2754395768919409 0.92717846780002122 1.0535271060398068 -0.60819158075182445 -0.52415556508447925 0.82423121558137624 -1.6511416347898162 -0.18292916141146923 -2.0986185625964877 1.2049506122899694 2.6738589252555038 -0.54423181818909416 1.1189136791872845 -0.59045144169814701 1.748079521277411 -1.5134333075347992 0.84022584840466075
decision_type=2 2 2 2 2 2 2 2 2 2 2 2 2 2 2 2 2
left_child=2 7 4 6 -1 15 -4 -2 -6 -9 -11 -8 -7 -10 16 -5 -3
right_child=1 14 3 5 8 12 11 9 13 10 -12 -13 -14 -15 -16 -17 -18
leaf_value=0.16416119279138897 0.041435614190556691 -0.091393962884042571 0.068653071018977205 0.18351059784784718 0.028444564744844181 0.016154714932251058 0.0060221370218003847 0.058316537046727013 -0.043210545070739993 0.17889277749328714 0.11187052532132324 -0.088138274543430289 -0.095809823547102768 -0.088024606585768814 -0.02703114826612394 0.19686681097134595 -0.092895465514088296
leaf_weight=8.2252844870090467 9.200560659170149 6.2162580192089099 9.6163789927959424 12.478044271469114 8.6721799969673139 7.8422502875328046 6.0644549727439871 8.2194967567920667 22.24769788980484 260.3920282125473 21.402817606925964 51.751782685518265 7.2802542448043823 561.79795676469803 6.0617882311344138 12.092480182647707 6.6814720630645752
leaf_count=24 28 21 30 36 27 24 20 25 74 746 63 173 23 1893 20 36 22
internal_value=-9.44224e-05 0.152383 -0.0686111 0.00219399 -0.081233 0.103283 -0.0573105 0.16656 -0.0846384 0.170529 0.173802 -0.0782616 -0.0377471 -0.0863175 -0.0713449 0.190084 -0.0921718
internal_weight=1026.24 318.174 708.069 107.126 600.943 39.693 67.4326 299.215 592.718 290.014 281.795 57.8162 15.1225 584.046 18.9595 24.5705 12.8977
internal_count=3285 925 2360 342 2018 119 223 862 1994 834 809 193 47 1967 63 72 43
is_linear=0
shrinkage=0.1


Tree=6
num_leaves=26
num_cat=0
split_feature=92 185 160 7 29 162 119 119 29 110 187 14 170 92 92 52 110 81 50 90 41 49 69 82 37
split_gain=557.428 243.536 112.66 83.5145 54.2425 47.9291 61.7516 23.7581 17.9319 31.2217 15.0097 13.2332 9.3546 9.19786 3.70936 3.27575 2.45405 9.54005 1.75789 1.1845 0.940537 0.757638 0.139242 0.111448 0.00233483
threshold=-0.45337511716931395 1.0688621009376111 -0.46488048361001511 -0.0040512485497366532 -0.36025324720089164 1.0000000180025095e-35 0.22182050808228185 -0.0040442731165069804 0.10828053181264446 0.70505524446350432 0.74068398449905615 -0.12798102386006968 1.2097971724053771 -0.81740472811885201 -0.72197769616245411 1.7401216638612911 0.50215735360595015 0.66117465158890443 0.54784507208743594 1.2381590027691558 0.65112703614317502 0.87078490996117264 -0.67413936698428734 0.54977697140493242 1.0036396108809393
decision_type=2 2 2 2 2 2 2 2 2 2 2 2 2 2 2 2 2 2 2 2 2 2 2 2 2
left_child=3 2 7 8 13 6 -4 -2 16 14 23 12 -3 18 -10 -7 17 -1 -5 -13 -11 -18 -9 -6 -21
right_child=1 11 5 4 10 15 -8 22 9 20 -12 19 -14 -15 -16 -17 21 -19 -20 24 -22 -23 -24 -25 -26
leaf_value=-0.0902186792402523 0.10605059264141002 -0.069724294277239848 0.11541656685173106 -0.096997543464201141 0.1243918661211036 0.1338794829923857 -0.084705078430730704 -0.081093424504488032 0.039834615553875879 -0.097428035090689702 -0.023166084835833961 -0.058288523551577098 0.093312007316558282 0.022761857369662089 0.13787155137854187 0.073293076474309826 -0.094872260787584539 0.039110043513398557 -0.045643493920580598 -0.095374123297184032 -0.054059790244356025 -0.064805203216578108 -0.097565222638471338 0.1382932766163297 -0.09654766669646947
leaf_weight=33.88120436668396 7.2184242308139792 6.8628740608692151 40.361225306987762 22.840147614479065 7.4608231484889975 340.32957050204277 24.951196730136871 6.3710066378116599 7.5867450535297394 21.531679123640064 7.3244110643863669 9.5380532741546613 7.2235708236694336 11.319848865270613 7.8555217385292035 9.1643344461917859 387.38917902112007 6.8583205044269553 9.4125874340534192 40.026775062084198 6.5134600996971121 8.5660051107406598 26.389357268810272 25.402840733528137 29.410194635391235
leaf_count=107 20 21 109 71 20 909 76 20 21 67 22 29 20 33 21 25 1230 20 29 127 20 26 82 68 92
internal_value=0.000143684 0.0719845 0.102145 -0.0696466 0.022493 0.117596 0.0389644 -0.0581762 -0.085719 -0.0244815 0.106286 -0.0754064 0.0138812 -0.0547914 0.0897063 0.132291 -0.0918172 -0.0684468 -0.0820105 -0.0913322 -0.0873558 -0.0942218 -0.0943619 0.135137 -0.0958712
internal_weight=1111.79 547.847 454.785 563.943 83.7607 414.806 65.3124 39.9788 480.182 43.4874 40.1881 93.0615 14.0864 43.5726 15.4423 349.494 436.695 40.7395 32.2527 78.975 28.0451 395.955 32.7604 32.8637 69.437
internal_count=3285 1530 1241 1755 243 1119 185 122 1512 129 110 289 41 133 42 934 1383 127 100 248 87 1256 102 88 219
is_linear=0
shrinkage=0.1


Tree=7
num_leaves=20
num_cat=0
split_feature=37 20 162 86 24 11 35 191 168 7 174 119 161 156 198 31 53 59 49
split_gain=718.571 151.199 97.4901 67.3294 44.5309 40.6923 25.6844 22.3444 22.1968 19.2904 12.5776 11.0329 8.20171 4.62211 3.3737 1.03728 0.779987 0.0574607 0.000190281
threshold=-0.46084762783276195 -0.84176831786887463 0.19450231258392425 1.015886446051262 -0.55645603315269077 -0.86146031937209933 -0.61199179418538063 1.1118763565518484 1.0000000180025095e-35 -1.3626662510518261 1.9846693929904895 -0.19508532608503817 0.3585812058125703 2.136488706469867 0.78455809753775618 -1.1382646870603577 -0.082869336216590608 -1.6751469176089666 -1.1807716094214427
decision_type=2 2 2 2 2 2 2 2 2 2 2 2 2 2 2 2 2 2 2
left_child=2 3 4 9 -1 -4 8 -5 16 -2 15 -6 -13 14 -8 -7 -3 -11 -9
right_child=1 6 5 7 11 10 13 18 -10 17 -12 12 -14 -15 -16 -17 -18 -19 -20
leaf_value=-0.093296503191460822 -0.034440229462804756 -0.043115087956732745 0.14069621808115454 0.10635255712868064 0.013305272357130395 -0.04745779139398406 -0.088948446095063638 -0.090638495907949632 0.12666558731930122 0.15509738625430863 0.065960240944777926 0.14090694828160336 0.060721130828458605 -0.012935162525948339 -0.01689323456931336 -0.092340564065637648 -0.092797646552617824 0.14643303357067464 -0.090107885580861635
leaf_weight=8.7993195950984937 6.5752372145652762 6.0193186104297638 12.980170994997023 7.2520185410976401 7.3160209059715262 6.2198321819305376 531.39109149575233 11.082959145307543 10.648623436689375 9.5426321327686292 6.553590476512908 302.26026496291161 13.31788310408592 8.3147490024566633 6.5783806443214408 29.913707882165912 6.6520625352859515 38.677691429853439 17.320491105318069
leaf_count=29 21 20 35 20 21 20 1818 38 29 26 20 816 38 26 22 100 22 104 60
internal_value=-1.24637e-05 -0.0634641 0.108108 0.0566416 0.12866 -0.0143512 -0.0825364 -0.0503144 0.0202399 0.126238 -0.0614975 0.134709 0.137523 -0.0869238 -0.0880673 -0.0846147 -0.0691968 0.148148 -0.0903149
internal_weight=1047.42 660.055 387.361 90.451 331.693 55.6673 569.604 35.6555 23.32 54.7956 42.6871 322.894 315.578 546.284 537.969 36.1335 12.6714 48.2203 28.4035
internal_count=3285 2206 1079 269 904 175 1937 118 71 151 140 875 854 1866 1840 120 42 130 98
is_linear=0
shrinkage=0.1


Tree=8
num_leaves=18
num_cat=0
split_feature=89 71 186 20 12 128 59 6 59 144 7 48 170 7 89 59 44
split_gain=852.35 74.8238 56.0343 51.6313 42.6815 36.1717 15.4499 12.333 10.1668 6.24188 4.77259 4.47148 3.98022 3.80467 1.73019 0.0528797 0.000697311
threshold=1.2754395768919409 0.92717846780002122 1.0535271060398068 -0.60819158075182445 0.61174653915634181 0.82423121558137624 -1.6511416347898162 1.4012996473066506 -2.0986185625964877 -0.2488326653176435 -1.1885902904357046 1.3781345921497021 4.0244576570668587 -1.2401721250833899 1.4641914842413433 -1.5134333075347992 0.81266713018785997
decision_type=2 2 2 2 2 2 2 2 2 2 2 2 2 2 2 2 2
left_child=2 7 4 6 8 15 -4 9 -1 -2 -8 -7 -11 -10 16 -5 -3
right_child=1 14 3 5 -6 11 10 -9 13 12 -12 -13 -14 -15 -16 -17 -18
leaf_value=0.025453375636440206 0.057734899618221883 -0.088439406380555058 0.061152546355121212 0.15555940872361709 0.11763911816211892 0.016656950134427959 0.010352643061731842 0.027159459151155554 -0.029674578733298346 0.15029827413163221 -0.085069064261466099 -0.093449694954407414 0.094843086980148691 -0.084592578100784008 -0.02294007155510808 0.16454333238299443 -0.089954692619580182
leaf_weight=8.7360089719295484 7.9041882157325736 6.1206944584846514 9.8634065687656385 13.20038256049156 10.968782871961592 7.7757021784782392 5.8721144795417777 9.0768816173076612 12.92197275161743 284.08477711677551 48.812029033899307 7.0164111852645874 13.560444325208662 531.06574763357639 5.8353238105773917 13.007994890213014 6.0277974903583527
leaf_count=27 23 22 30 36 31 24 20 27 44 774 173 23 38 1916 20 36 21
internal_value=-0.000146419 0.130691 -0.065172 0.0016981 -0.077693 0.0894541 -0.0540443 0.14203 -0.0815693 0.145443 -0.0748225 -0.0355704 0.147772 -0.083288 -0.0676943 0.160018 -0.0891913
internal_weight=1001.85 332.61 669.241 105.548 563.693 41.0005 64.5476 314.626 552.724 305.549 54.6841 14.7921 297.645 543.988 17.9838 26.2084 12.1485
internal_count=3285 925 2360 342 2018 119 223 862 1987 835 193 47 812 1960 63 72 43
is_linear=0
shrinkage=0.1


Tree=9
num_leaves=25
num_cat=0
split_feature=29 185 7 92 160 160 170 185 39 119 10 34 35 7 92 12 7 148 50 140 134 88 137 187
split_gain=464.548 281.607 76.5041 52.422 48.125 24.9219 17.2087 24.1374 16.3506 15.1559 11.4354 6.83446 6.57316 6.42257 4.47259 12.3148 5.31654 3.47681 0.939576 0.910778 0.517677 0.382028 0.144104 0.129477
threshold=-0.23614314751277052 1.0102404515981049 -0.10587013798178954 -0.81740472811885201 -0.46488048361001511 -0.46488048361001511 1.9038422897183127 1.3543801363119259 -0.72470159902348075 0.072993733865441904 0.48655964255849188 -1.045294762697303 -0.31775216712093241 -0.74081274349540827 -0.42128703118900135 -0.010434082215136269 -0.26992054482321959 1.0584887958455911 0.93702971635874166 2.6567454585817649 0.49623941695718904 1.1272410757549127 0.49439235042659163 0.15750691275618087
decision_type=2 2 2 2 2 2 2 2 2 2 2 2 2 2 2 2 2 2 2 2 2 2 2 2
left_child=2 4 14 17 9 -5 11 -8 10 -2 -6 -3 -7 -10 20 16 -16 18 -4 -9 23 -13 -11 -1
right_child=1 6 3 5 8 12 7 19 13 22 -12 21 -14 -15 15 -17 -18 -19 -20 -21 -22 -23 -24 -25
leaf_value=-0.076549363350977062 0.085160214653274335 0.015383654967748609 -0.09281165781477374 -0.05703054319553278 -0.065526247878389787 0.020238286811714364 0.10685949342045578 -0.044629491790597497 0.061258868007639994 -0.097262416178917732 0.10164645647518772 -0.092283102642786816 0.12242698727771673 0.1207129692571632 -0.08598627117348312 0.063264364445172014 0.00098346152473317307 -0.012035518071121444 -0.050812868895554822 -0.093563293485504462 -0.061658335378301038 -0.067007948604409992 -0.077667970643327713 -0.091387771912222152
leaf_weight=5.9865287542343131 7.1993537545204189 6.5149961709976187 29.296724081039429 11.765284985303877 8.4306412339210528 7.5084622204303733 12.757430404424669 5.9114504456520107 19.14744633436203 9.7962225675582868 7.9507964551448813 87.073057353496552 38.936160027980804 355.7829515337944 64.118732243776321 6.9142761826515189 7.894406169652938 7.9407062530517569 6.5104196071624747 10.667135238647459 6.069009691476821 6.4210797548294059 6.0843992829322806 332.20853281021118
leaf_count=20 20 20 97 37 26 22 36 20 54 31 22 292 105 959 210 20 24 25 21 35 20 21 20 1128
internal_value=0.000132803 0.0649211 -0.0669487 0.0108119 0.105128 0.0729741 -0.0638913 0.00345566 0.113404 -0.0351937 0.0156117 -0.0836465 0.105907 0.117677 -0.0856832 -0.0642127 -0.0764523 -0.0718998 -0.0851755 -0.0761149 -0.0906056 -0.0905472 -0.0897551 -0.0911251
internal_weight=1068.89 543.737 525.149 101.958 414.392 58.2099 129.345 29.336 391.312 23.08 16.3814 100.009 46.4446 374.93 423.191 78.9274 72.0131 43.7478 35.8071 16.5786 344.264 93.4941 15.8806 338.195
internal_count=3285 1556 1729 307 1132 164 424 91 1061 71 48 333 127 1013 1422 254 234 143 118 55 1168 313 51 1148
is_linear=0
shrinkage=0.1


Tree=10
num_leaves=19
num_cat=0
split_feature=37 20 162 86 24 11 35 191 156 44 165 19 35 156 118 178 59 80
split_gain=588.635 131.923 76.1093 60.5369 35.7607 33.4836 22.8421 19.3055 18.3132 15.4178 11.6831 9.0198 6.87513 4.39024 2.25685 0.317922 0.156175 0.000730356
threshold=-0.46084762783276195 -0.82585457421852493 0.19450231258392425 1.015886446051262 -0.55645603315269077 -0.85007907366318836 -0.61199179418538063 1.1118763565518484 0.86940566968985655 1.5132491412246754 0.70701256199376383 0.55342295947298659 0.27788444597983514 2.136488706469867 1.1859957149076445 0.079324552545416566 -1.8800118240041028 0.79590662113997124
decision_type=2 2 2 2 2 2 2 2 2 2 2 2 2 2 2 2 2 2
left_child=2 3 4 9 -1 -4 8 -5 -3 15 16 12 -6 14 -8 -2 -7 -9
right_child=1 6 5 7 11 10 13 17 -10 -11 -12 -13 -14 -15 -16 -17 -18 -19
leaf_value=-0.090535655570341766 0.1511884236503972 -0.081253733402296302 0.12063844394567878 0.093685491234223747 0.12523107370846639 -0.070738309976855013 -0.086553466154083047 -0.086953193681225338 0.098612738327918711 -0.027379391589407887 0.052224967356408004 0.01088473777651737 0.051037701420914107 -0.011742229223985885 -0.044085526665592567 0.1293869392841136 -0.089156528127012538 -0.088114046190417683
leaf_weight=8.3008989393711072 7.9521089792251578 10.268390089273455 13.797555357217787 7.3765537440776816 305.31152561306953 5.5523382127284959 483.07669861614704 22.260558307170871 12.614620238542555 6.8240075707435599 7.530626267194747 7.4501651227474204 13.022386521100996 8.2140239179134351 12.846314340829847 42.103728920221329 26.948146492242817 7.1639812290668479
leaf_count=29 22 36 37 20 817 20 1778 83 35 22 22 22 36 26 45 113 96 26
internal_value=1.31825e-05 -0.0603798 0.0966481 0.0489673 0.114428 -0.0137021 -0.079817 -0.0509713 0.0179005 0.113627 -0.0600053 0.11965 0.122196 -0.0842524 -0.0854534 0.13285 -0.08601 -0.0872358
internal_weight=1008.61 620.701 387.914 93.6809 334.085 53.8287 527.02 36.8011 22.883 56.8798 40.0311 325.784 318.334 504.137 495.923 50.0558 32.5005 29.4245
internal_count=3285 2206 1079 286 904 175 1920 129 71 157 138 875 853 1849 1823 135 116 109
is_linear=0
shrinkage=0.1


Tree=11
num_leaves=21
num_cat=0
split_feature=89 71 186 20 12 128 59 6 90 59 7 156 47 136 3 186 132 60 6 44
split_gain=691.082 57.6442 49.8692 42.1383 36.1637 28.128 13.5341 10.2709 20.1151 9.13713 4.43356 3.89191 3.8872 10.7248 3.78698 1.90478 0.95102 0.0451212 0.0209302 0.000750293
threshold=1.2754395768919409 0.92717846780002122 1.0535271060398068 -0.60819158075182445 0.61174653915634181 0.82423121558137624 -1.6511416347898162 1.1830369947759312 1.6458578935797232 -2.0986185625964877 -1.1885902904357046 1.1189136791872845 1.2485890694458486 1.2660573185270294 1.5844415831605787 1.6061535493913708 0.80732540815073939 0.92531238718120712 1.3424505803724378 0.84022584840466075
decision_type=2 2 2 2 2 2 2 2 2 2 2 2 2 2 2 2 2 2 2 2
left_child=2 7 4 6 9 17 -4 12 -9 -1 -8 -7 16 -14 -11 19 -2 -5 -10 -3
right_child=1 15 3 5 -6 11 10 8 18 14 -12 -13 13 -15 -16 -17 -18 -19 -20 -21
leaf_value=0.022725387219210476 0.098862152272093717 -0.085509363312033626 0.055502994178741528 0.14571516972374168 0.10266565235891295 0.01461751508668133 0.010452596159809405 -0.033770813713687231 0.13492712243720043 -0.081124156083130616 -0.082110774590333502 -0.089875267592918362 -0.014958263732792574 0.13893584959771377 0.0025992494077404248 -0.013427384673204999 0.13457520275811549 0.13717280009562741 0.14209336773294032 -0.087103289318079397
leaf_weight=8.771318852901457 7.6732732355594626 5.6661197543144244 10.009787499904631 9.652131140232088 11.264092862606047 7.8024244606494886 5.8376561403274527 11.603830367326738 8.9953291118145007 500.22308330237865 45.555338531732559 6.5623504817485809 6.7391191124916103 13.804400265216826 5.4615363776683798 5.1387513279914847 263.95971265435219 17.205596417188644 7.4518901705741873 6.1680103242397308
leaf_count=27 21 22 30 26 31 24 20 35 24 1940 173 23 20 37 20 18 705 46 20 23
internal_value=-0.000160788 0.115326 -0.0621368 0.001626 -0.0745838 0.0798317 -0.050877 0.124845 0.0670459 -0.0784647 -0.0715966 -0.0331186 0.130394 0.0884523 -0.0802199 -0.0642649 0.133566 0.140243 0.138174 -0.0863401
internal_weight=965.546 337.2 628.345 102.625 525.72 41.2225 61.4028 320.228 28.051 514.456 51.393 14.3648 292.177 20.5435 505.685 16.9729 271.633 26.8577 16.4472 11.8341
internal_count=3285 925 2360 342 2018 119 223 862 79 1987 193 47 783 57 1960 63 726 72 44 45
is_linear=0
shrinkage=0.1


Tree=12
num_leaves=25
num_cat=0
split_feature=92 185 122 7 30 162 160 185 119 69 29 110 14 170 20 50 7 36 90 19 41 69 128 71
split_gain=389.778 169.228 77.609 60.9434 34.639 30.0577 22.9713 17.13 12.9237 12.6977 12.0519 19.0789 11.8124 8.52876 8.11052 1.6487 1.61098 2.89439 1.38966 1.04577 0.874589 0.769034 0.122197 0.00278348
threshold=-0.48143096808264535 1.057051482096049 1.3814593859756068 -0.0040512485497366532 0.58230963917304135 0.76983163209898486 -0.46488048361001511 1.0905766195341797 -0.012748567870386035 1.2861916207169806 0.10828053181264446 0.70505524446350432 -0.12798102386006968 1.3330805217877308 -0.66751064820066575 0.68498930892638443 -0.12406597364982926 0.12913972346397853 1.2381590027691558 0.58826212810042267 0.67905273756552786 0.1815655182871776 0.70420144823464248 0.64273116474097225
decision_type=2 2 2 2 2 2 2 2 2 2 2 2 2 2 2 2 2 2 2 2 2 2 2 2
left_child=3 2 6 10 7 22 8 21 -2 -8 16 -12 13 -3 -6 -16 19 -18 -14 -1 -13 -5 -4 -20
right_child=1 12 5 4 14 -7 9 -9 -10 -11 11 20 18 -15 15 -17 17 -19 23 -21 -22 -23 -24 -25
leaf_value=-0.087324409713878837 0.090442433847002401 -0.063523999565552061 -0.074213659152525854 0.11688262029129604 0.045947402257985326 0.095753272290758598 0.10710224488381569 -0.074646566103516235 -0.08314766311200239 -0.0082180871170760613 0.069004681964410508 -0.090685490120006429 -0.048808379220748932 0.092031497595891007 -0.089875132162724053 -0.031166976923973022 -0.0078964482375741985 -0.089693011825032073 -0.088220515165326169 -0.045684420175010398 -0.045771176794099235 0.083673577303555888 -0.090383743829954011 -0.090531458702305154
leaf_weight=349.50224560499191 7.2481032013893154 6.8197528719902021 5.6145560741424552 25.025487333536148 6.5228389501571646 12.183135092258452 368.76816582679749 6.0558283030986777 10.504399225115774 9.8017798364162427 13.579045742750166 17.863856241106991 10.277373999357222 7.2948104441165924 22.761545032262806 6.0562688410282126 7.3866724371910122 10.44043719768524 58.157496407628059 6.1372958123683921 5.7248371690511695 9.666822820901869 27.880764335393906 5.7251519262790671
leaf_count=1277 20 23 20 69 20 34 1024 21 36 29 38 63 34 20 80 20 24 37 211 21 19 27 98 20
internal_value=0.000119767 0.0594312 0.0846772 -0.0644989 0.0177045 -0.0387506 0.098903 0.08054 -0.0122732 0.104116 -0.0797308 -0.0254255 -0.0669783 0.0168715 -0.0547456 -0.0775372 -0.0851354 -0.0558006 -0.082937 -0.0866058 -0.0797851 0.107629 -0.0876733 -0.0884276
internal_weight=1017 530.275 442.001 486.723 76.0888 45.6785 396.322 40.7481 17.7525 378.57 410.634 37.1677 88.2746 14.1146 35.3407 28.8178 373.467 17.8271 74.16 355.64 23.5887 34.6923 33.4953 63.8826
internal_count=3285 1569 1261 1716 237 152 1109 117 56 1053 1479 120 308 43 120 100 1359 61 265 1298 82 96 118 231
is_linear=0
shrinkage=0.1


Tree=13
num_leaves=22
num_cat=0
split_feature=37 20 162 86 24 20 35 37 156 120 126 49 87 184 156 118 25 31 81 87 191
split_gain=486.5 115.711 60.9184 49.5994 29.3279 28.098 20.1831 16.6858 15.3567 12.8494 8.96005 7.81644 16.0079 6.06386 4.22223 2.35335 1.71733 0.880286 0.374255 0.160885 0.0101277
threshold=-0.46084762783276195 -0.82585457421852493 0.19450231258392425 1.015886446051262 -0.5399133374217201 -0.83202439751613089 -0.61199179418538063 -0.12975472218112585 0.79447551817156259 1.6611969652890883 -0.29967674710523456 0.45098328996847364 0.64718766036888054 1.4122874522717199 2.136488706469867 1.4907191983352759 -0.28976890948682504 -0.90665819226413913 0.78676281176242957 -1.0481152414603645 1.3499810975729258
decision_type=2 2 2 2 2 2 2 2 2 2 2 2 2 2 2 2 2 2 2 2 2
left_child=2 3 4 9 16 17 8 -5 -3 18 -7 13 -13 -6 15 -8 -1 -4 -2 -12 -9
right_child=1 6 5 7 11 10 14 20 -10 -11 19 12 -14 -15 -16 -17 -18 -19 -20 -21 -22
leaf_value=-0.091949058166489767 0.10316691923258377 -0.087139252287021213 0.12354220748425682 0.082539776500935386 0.1164762454849339 0.045201159929663642 -0.08338179881580865 -0.089186372041791681 0.08264222040091089 -0.034817442468730225 -0.067971011481329599 0.10449943570911235 -0.064920159275992748 0.023704815733964626 -0.0096272729894090053 -0.016716724507308552 -0.01469628042884457 0.075239496792213034 0.12475732479893648 -0.087395821857611578 -0.084317630871411808
leaf_weight=5.7423041760921478 10.03029891848564 8.7729511111974734 8.1222876906394941 7.5976411849260321 282.54503926634789 6.5356396585702887 453.26874925196171 5.3273914009332684 13.564693003892897 5.9622534811496726 5.1511592715978614 20.895499289035801 7.6075971722602835 7.225834220647811 8.0678691267967206 5.3578921258449546 5.7680083662271482 7.0458813458681098 40.2335225045681 24.75282129645348 21.575325861573219
leaf_count=20 28 33 22 22 766 20 1804 20 38 20 20 57 21 20 26 19 20 20 109 93 87
internal_value=4.98673e-05 -0.0576544 0.0877668 0.0460663 0.103577 -0.0132622 -0.0768969 -0.0483242 0.0159618 0.103984 -0.0608679 0.109248 0.0592806 0.114163 -0.0813414 -0.082603 -0.0532364 0.101105 0.120449 -0.0840498 -0.0852818
internal_weight=961.151 579.759 381.392 90.7264 329.784 51.6078 489.032 34.5004 22.3376 56.2261 36.4396 318.274 28.5031 289.771 466.695 458.627 11.5103 15.1682 50.2638 29.904 26.9027
internal_count=3285 2206 1079 286 904 175 1920 129 71 157 133 864 78 786 1849 1823 40 42 137 113 107
is_linear=0
shrinkage=0.1


Tree=14
num_leaves=21
num_cat=0
split_feature=89 71 24 7 3 6 145 121 6 24 22 197 49 71 38 7 186 101 118 71
split_gain=568.223 46.1117 44.3942 45.0788 38.7068 35.5771 30.0303 8.48447 7.42866 4.10054 12.1015 4.05124 13.395 2.50208 2.40346 0.933626 0.284174 0.00807345 1.40604e-05 3.48106e-06
threshold=1.2754395768919409 0.82414818113057442 -0.58908246305852441 0.10918251365803748 1.1492091006708989 0.99470897673495806 -0.15980405505133807 1.3508765814568278 1.4012996473066506 -0.25340415471751138 0.59191567046021942 -0.72999776206370448 -0.1871669702379288 -0.14011572095964092 0.83296765459579392 -1.1885902904357046 1.0535271060398068 0.95034417794531179 0.48382510029826459 0.10500678558861942
decision_type=2 2 2 2 2 2 2 2 2 2 2 2 2 2 2 2 2 2 2 2
left_child=2 8 3 16 11 6 -6 17 9 14 -11 12 -4 -7 -2 -13 -1 -3 19 -5
right_child=1 7 4 18 5 13 -8 -9 -10 10 -12 15 -14 -15 -16 -17 -18 -19 -20 -21
leaf_value=0.14972579646848172 0.12067119763249552 -0.083715431310887573 0.088479223173020774 -0.083200484300110109 -0.056383684521015276 -0.0087611156063861079 0.10268418920017107 0.058458333762206993 0.022502069394005515 -0.037748350205105044 0.12354464265832031 -0.058581841614859922 -0.083174091851665133 -0.079138059938876515 0.061491984786775783 -0.082524865870328201 0.12656630492393961 -0.088645791368880192 -0.083466850943690607 -0.083314450708909998
leaf_weight=12.313412159681322 276.03668168187141 8.7300935685634631 6.1110470741987255 5.0155026465654355 18.297114416956902 5.6979320645332328 33.77986478805542 5.7604105323553076 8.7466987669467908 6.6947498917579678 15.242352992296217 16.966215029358864 17.752327844500542 44.543809071183205 7.0377343893051139 406.22535927593708 9.2995825409889203 5.3606396466493598 4.8213220983743659 5.7559835910797119
leaf_count=34 744 36 20 21 72 20 102 18 26 20 41 65 75 178 20 1704 25 20 20 24
internal_value=-0.000184454 0.104015 -0.0594465 0.0462664 -0.0666058 -0.0111224 0.0467961 -0.0437908 0.113366 0.115972 0.0743214 -0.0793044 -0.0392163 -0.0711566 0.1192 -0.081565 0.139761 -0.0855911 -0.0833249 -0.0832614
internal_weight=920.189 333.609 586.579 37.2058 549.374 102.319 52.077 19.8511 313.758 305.012 21.9371 447.055 23.8634 50.2417 283.074 423.192 21.613 14.0907 15.5928 10.7715
internal_count=3285 925 2360 124 2236 372 174 74 851 825 61 1864 95 198 764 1769 59 56 65 45
is_linear=0
shrinkage=0.1


Tree=15
num_leaves=24
num_cat=0
split_feature=29 185 7 160 92 160 135 110 78 170 167 7 48 65 110 81 148 48 50 92 67 63 92
split_gain=330.11 190.155 60.083 43.3276 37.4657 17.0188 13.8738 13.2435 8.43245 8.0274 10.0597 5.44624 5.43362 4.93215 3.64812 12.0019 3.16063 2.46932 0.872573 0.693504 0.182938 0.140043 0.00482464
threshold=-0.23614314751277052 1.0905766195341797 -0.10587013798178954 -0.46488048361001511 -0.81740472811885201 -0.46488048361001511 -1.2412439768614789 0.36839426410359222 0.68964102508608394 3.0842403339459241 -0.96271410758204723 -0.92351073873904943 1.4472825704171945 1.4117122093684447 0.4945127388920359 0.70423428324693271 1.0584887958455911 1.4701925518656049 0.93702971635874166 0.36415585665687206 -0.44204973626798455 2.168035362353133 -0.83698307266633531
decision_type=2 2 2 2 2 2 2 2 2 2 2 2 2 2 2 2 2 2 2 2 2 2 2
left_child=2 3 14 7 16 -6 8 -2 -5 12 -11 -8 21 -7 15 22 18 19 -4 -16 -9 -3 -1
right_child=1 9 4 6 5 13 11 20 -10 10 -12 -13 -14 -15 17 -17 -18 -19 -20 -21 -22 -23 -24
leaf_value=-0.084963965296128777 0.07753861417388748 -0.08599937763871468 -0.08666447834969418 -0.081826681338240143 -0.049471862334903347 0.10572393201410271 0.0089819641822386047 -0.092820498304746563 0.075282640843786816 -0.085559842573639605 0.091841482881423589 0.10089333420216579 0.015273554698698833 0.013232513051664632 -0.084948390479691452 0.04374462637248102 -0.0059097087289200299 -0.035600907961388886 -0.044083914646526785 -0.050274528967000423 -0.071316270170676058 -0.068838065479841379 -0.088225397920063953
leaf_weight=19.173353686928749 6.8500895649194744 75.975413635373116 25.43630209565163 6.8452946692705137 10.667760923504828 37.084064275026321 6.566100761294364 12.147509455680851 6.8197651505470276 6.1544591039419174 6.6507027745246869 355.44528570771217 5.7993353605270377 6.8268184065818778 313.66827017068863 10.013000920414923 7.3888162374496451 10.757835477590559 5.935622662305831 5.8763191550970069 5.8665011674165699 5.0726055949926367 5.9412313550710705
leaf_count=76 20 296 97 24 37 106 20 42 20 24 20 1028 20 21 1232 31 25 39 21 22 22 20 22
internal_value=8.71845e-05 0.0562769 -0.0611761 0.0870313 0.0104297 0.0638208 0.0954926 -0.0408126 -0.00341878 -0.0673361 0.00657827 0.0992263 -0.0782344 0.0913443 -0.0794659 -0.0488276 -0.0647499 -0.0827243 -0.0786082 -0.0843107 -0.0858174 -0.0849253 -0.0857355
internal_weight=958.962 500.193 458.769 400.541 93.3394 54.5786 375.676 24.8641 13.6651 99.6525 12.8052 362.011 86.8474 43.9109 365.43 35.1276 38.7607 330.302 31.3719 319.545 18.014 81.048 25.1146
internal_count=3285 1556 1729 1176 307 164 1092 84 44 380 44 1048 336 127 1422 129 143 1293 118 1254 64 316 98
is_linear=0
shrinkage=0.1


Tree=16
num_leaves=21
num_cat=0
split_feature=37 20 162 86 24 20 35 191 168 7 174 3 49 156 166 153 45 59 186 117
split_gain=406.321 101.143 49.5158 41.1824 24.8654 23.6273 17.9785 14.4751 12.9162 10.9101 8.57771 7.9262 6.40103 4.03053 2.53959 1.54048 0.814604 0.287723 0.163679 0.000950574
threshold=-0.46084762783276195 -0.82585457421852493 0.19450231258392425 1.015886446051262 -0.55645603315269077 -0.82585457421852493 -0.61199179418538063 1.1118763565518484 1.0000000180025095e-35 -1.3626662510518261 1.9846693929904895 0.19104601241355956 0.45098328996847364 2.136488706469867 1.626080609538896 0.57127603340027766 1.0002564267328864 -0.12434571764050233 0.39702661679579071 -0.5933781577084799
decision_type=2 2 2 2 2 2 2 2 2 2 2 2 2 2 2 2 2 2 2 2
left_child=2 3 4 9 -1 15 8 -5 16 -2 18 -6 -13 14 -8 -4 -3 -11 -7 -9
right_child=1 6 5 7 11 10 13 19 -10 17 -12 12 -14 -15 -16 -17 -18 -19 -20 -21
leaf_value=-0.086228421225624283 -0.03001881644039613 -0.086581702693936655 0.11553431224888698 0.078036009438883655 -0.0021510280472338411 -0.065310028480903504 -0.080936393224639455 -0.083547316086490298 0.093299493536085867 0.11505426897699243 0.055973686507605938 0.10655558541955382 0.055752981907627952 -0.0081930816497927782 -0.0067263391878722469 0.052264587305744896 -0.031815162030885615 0.093090378596525039 -0.085600851380116721 -0.081980232266945327
leaf_weight=7.3759102225303641 6.0926552116870871 5.928579583764078 9.0234948694705945 7.2672717571258536 7.4826656579971305 4.7929675877094295 417.34442396461964 4.7858878225088146 10.626358836889265 41.767874509096146 5.3533134311437598 278.0322792828083 27.23055437207222 7.9380959272384635 4.6629749089479438 6.7098059207200995 5.0118889212608337 6.9577859938144675 23.309726893901825 20.244351148605347
leaf_count=29 21 23 25 20 22 20 1806 20 29 116 17 777 76 26 17 20 19 20 93 89
internal_value=0.00010836 -0.055285 0.0808979 0.0433676 0.0952513 -0.012513 -0.0743193 -0.0462071 0.0147761 0.0961427 -0.0600405 0.0995313 0.102024 -0.0787885 -0.0801164 0.0885516 -0.0614928 0.111918 -0.0821402 -0.0822799
internal_weight=907.939 538.628 369.311 87.1158 320.121 49.1893 451.512 32.2975 21.5668 54.8183 33.456 312.745 305.263 429.945 422.007 15.7333 10.9405 48.7257 28.1027 25.0302
internal_count=3285 2206 1079 286 904 175 1920 129 71 157 130 875 853 1849 1823 45 42 136 113 109
is_linear=0
shrinkage=0.1


Tree=17
num_leaves=22
num_cat=0
split_feature=3 24 7 71 3 71 47 44 120 106 145 6 7 198 185 6 5 137 132 91 12
split_gain=473.714 41.3263 55.9384 32.0298 24.291 21.5256 17.0891 16.3348 13.2604 10.5983 6.30406 4.34873 3.77645 10.5677 2.27653 1.86948 0.438851 0.361596 0.211815 0.124333 0.0206223
threshold=1.4074966585119457 -0.57020068120972367 -0.10587013798178954 0.7736098719674781 1.1492091006708989 0.23571199044225696 1.2930759352824681 0.69939206608780891 1.5202530655439164 1.5666031544016037 -0.18292916141146923 0.63171189782298931 -1.1885902904357046 0.88644045174549191 0.96143709973349356 0.38898979036516829 1.0060685346876717 0.7784350398504899 0.53520985338344629 0.6391386386303991 0.59642301219468552
decision_type=2 2 2 2 2 2 2 2 2 2 2 2 2 2 2 2 2 2 2 2 2
left_child=1 2 16 6 12 7 10 -6 -8 17 -2 -7 13 -3 -12 -14 18 -5 -1 20 -4
right_child=3 4 19 9 5 11 8 -9 -10 -11 14 -13 15 -15 -16 -17 -18 -19 -20 -21 -22
leaf_value=0.12196773545884283 0.026359883388817781 0.078690445143048071 -0.080890087987362538 -0.05289938738187612 -0.077340786346208154 0.0064073689902488977 -0.074559335809603583 0.088189575792947464 0.093095693963957282 0.083947750030178361 0.048382226478310572 -0.075151130669003099 -0.033976726031375734 -0.083731729120849543 0.11160016945515275 -0.080456987524369417 0.14127733524061042 -0.086302243426833597 0.1002664025241046 -0.063625589805287194 -0.088420686237832224
leaf_weight=12.518925040960317 9.2382838129997236 5.8030895143747356 18.033997297286994 4.9617063701152828 7.9404131472110775 7.9528587311506262 9.4128312468528765 23.921187743544579 9.4577477127313596 5.9654804170131674 5.8156892061233512 36.739642187952995 8.8557258099317533 12.934027999639509 277.49471269547939 378.62437930703163 8.6026560068130475 9.3440820127725583 7.0194879323244086 4.1756068617105475 4.5549322217702857
leaf_count=34 29 19 83 21 31 30 34 72 27 18 20 157 38 54 770 1728 24 39 20 19 18
internal_value=-0.000209337 -0.0581872 0.024021 0.0937739 -0.0675367 -0.0158657 0.101702 0.0469368 0.00946771 -0.0280248 0.107652 -0.0606381 -0.0772744 -0.0334278 0.110302 -0.0793947 0.122457 -0.0747171 0.114171 -0.0794782 -0.0824086
internal_weight=869.367 537.677 54.9056 331.691 482.771 76.5541 311.419 31.8616 18.8706 20.2713 292.549 44.6925 406.217 18.7371 283.31 387.48 28.1411 14.3058 19.5384 26.7645 22.5889
internal_count=3285 2327 198 958 2129 290 880 103 61 78 819 187 1839 73 790 1766 78 60 54 120 101
is_linear=0
shrinkage=0.1


Tree=18
num_leaves=26
num_cat=0
split_feature=92 185 122 7 30 162 7 191 185 29 110 14 29 20 123 92 110 195 90 70 185 49 38 128 71
split_gain=279.011 112.27 51.6204 49.4416 25.301 23.266 15.8139 23.0521 15.2899 10.8022 16.1063 9.75303 7.80953 5.86553 5.26641 2.12782 2.0838 7.04143 0.984014 0.866474 0.746905 0.64618 0.452105 0.126505 0.0030366
threshold=-0.45337511716931395 1.0688621009376111 1.3814593859756068 -0.0040512485497366532 0.63041442638530076 0.76983163209898486 -0.66303457893500062 1.2048721353951277 1.0905766195341797 0.10828053181264446 0.70505524446350432 -0.12798102386006968 -0.65883444166698557 -0.64297844264772674 1.379133595748655 -0.72197769616245411 0.50215735360595015 -0.30389429547086372 1.2381590027691558 0.17523814706270144 0.60535788256394074 0.87078490996117264 0.25543038282799696 0.73431534843868751 0.64273116474097225
decision_type=2 2 2 2 2 2 2 2 2 2 2 2 2 2 2 2 2 2 2 2 2 2 2 2 2
left_child=3 2 6 9 8 23 7 -2 20 16 15 14 -8 -6 -3 -11 17 -1 -13 -12 -5 -18 -15 -4 -20
right_child=1 11 5 4 13 -7 12 -9 -10 10 19 18 -14 22 -16 -17 21 -19 24 -21 -22 -23 -24 -25 -26
leaf_value=-0.083555079938238783 -0.091255427355701871 -0.056750025444938096 -0.068448911346128558 0.10229550423325635 0.029234369750993812 0.087845550976054995 0.0016148070883477137 0.086167503592390934 -0.071258248462386917 0.023515839403938758 -0.086557143379278195 -0.04550620826573662 0.095538651203370101 -0.051027036562865481 0.074200235580202292 0.10133903556852782 -0.082277531856170191 0.02203784093879109 -0.082876604269671972 -0.040571640798580777 0.065875257464764553 -0.051307430544902402 -0.085111790280890512 -0.08596987455685301 -0.085471202684518383
leaf_weight=22.989993393421177 11.87752276659012 5.3215634226798993 5.0151615440845516 27.837537854909897 6.6796455979347256 11.151550352573393 9.1075861006975156 19.097449705004692 6.5801184028387061 7.0268495976924896 16.24555687606335 8.0350400209426862 316.25542658567429 5.009090036153796 7.262396439909935 7.0264308750629407 284.99229741096497 8.7070577889680845 46.598466664552689 5.4794832915067664 7.0587489902973166 6.9001386761665335 17.44224788248539 23.111008360981941 4.9941667169332495
leaf_count=97 40 20 21 84 22 33 30 58 26 21 66 29 966 20 21 21 1230 30 199 21 21 26 70 93 20
internal_value=4.35733e-05 0.0534876 0.0744169 -0.0581053 0.0183961 -0.0343838 0.0864096 0.0181337 0.0685634 -0.073136 -0.0209956 -0.0611751 0.0929095 -0.0530317 0.0188234 0.0624263 -0.078901 -0.0545491 -0.0780581 -0.0749587 0.0949285 -0.0815454 -0.0775072 -0.0828457 -0.0831278
internal_weight=897.803 467.827 395.616 429.975 70.6074 39.2777 356.338 30.975 41.4764 359.368 35.7783 72.2116 325.363 29.131 12.584 14.0533 323.589 31.6971 59.6277 21.725 34.8963 291.892 22.4513 28.1262 51.5926
internal_count=3285 1530 1241 1755 243 147 1094 98 131 1512 129 289 996 112 41 42 1383 127 248 87 105 1256 90 114 219
is_linear=0
shrinkage=0.1


Tree=19
num_leaves=20
num_cat=0
split_feature=37 20 162 86 24 11 35 37 156 165 189 161 167 49 156 165 195 17 191
split_gain=341 88.6938 41.0845 34.3708 20.5849 19.9402 16.1022 12.5872 11.0777 9.76514 9.27358 7.661 11.4532 4.45811 3.87799 2.48417 0.946216 0.399273 0.00947246
threshold=-0.46084762783276195 -0.82585457421852493 0.19450231258392425 1.015886446051262 -0.55645603315269077 -0.86146031937209933 -0.61199179418538063 -0.12975472218112585 0.79447551817156259 1.2301938528982463 1.6039598021775874 0.3585812058125703 -1.0000000180025095e-35 0.45098328996847364 2.136488706469867 1.5152386558019997 -0.44554377281512353 -0.84147737765582475 1.3499810975729258
decision_type=2 2 2 2 2 2 2 2 2 2 2 2 2 2 2 2 2 2 2
left_child=2 3 4 10 -1 -4 8 -5 -3 16 17 13 -13 -6 15 -8 -7 -2 -9
right_child=1 6 5 7 11 9 14 18 -10 -11 -12 12 -14 -15 -16 -17 -18 -19 -20
leaf_value=-0.083724030557075169 0.10818749900555942 -0.082506447419077006 0.098018335005043603 0.069944882966557445 0.099909748653796385 -0.041716088227197967 -0.078806989886980636 -0.085046441400346437 0.069680271933345542 0.080499553442909141 -0.031727917731371756 -0.074487361190105475 0.10660315180149103 0.056898842541947416 -0.0067692879826201898 -0.0042893928039498428 -0.082850249328981607 0.081683863814621907 -0.07995915530827255
leaf_weight=6.7866734564304343 40.50675767660141 7.5346971452236202 12.142569720745085 7.3095373213291195 259.87222626805305 7.4761521965265265 382.08209210634232 4.5915866643190411 13.096605509519575 4.8551887273788443 5.5927955508232108 6.6824206709861755 7.316257715225218 26.561858236789703 7.8119427263736716 4.5266620814800254 22.192206591367725 6.6118723452091208 18.04127062857151
leaf_count=29 117 33 35 22 759 29 1806 20 38 14 20 20 21 75 26 17 97 20 87
internal_value=0.000176902 -0.0531819 0.075221 0.0414157 0.0885005 -0.0122031 -0.0720202 -0.0441447 0.0141006 -0.05097 0.0900177 0.092391 0.0201576 0.0959212 -0.076525 -0.0779345 -0.0724848 0.104468 -0.0809912
internal_weight=851.591 497.706 353.886 82.6538 307.219 46.6661 415.052 29.9424 20.6313 34.5235 52.7114 300.433 13.9987 286.434 394.421 386.609 29.6684 47.1186 22.6329
internal_count=3285 2206 1079 286 904 175 1920 129 71 140 157 875 41 834 1849 1823 126 137 107
is_linear=0
shrinkage=0.1


Tree=20
num_leaves=23
num_cat=0
split_feature=186 71 24 7 3 108 155 145 110 44 71 29 6 3 176 155 22 186 12 123 90 140
split_gain=398.028 39.1863 30.6672 44.6285 21.1727 23.2036 16.6891 13.8273 12.1802 6.28967 5.25471 4.63799 3.45805 2.30975 1.1109 0.667305 0.665031 0.29058 0.0152233 0.00212429 0.000163628 0.000144363
threshold=1.2439876994843495 0.90837073968193915 -0.57020068120972367 -0.010155838089201336 1.1417265045350342 0.75520668824483239 1.2873708653323728 -0.12550479993541475 1.5005374982063686 0.69939206608780891 0.4430465272381951 0.96746021853654629 0.38898979036516829 1.48303945762899 -0.12900581047939458 0.39325971635368534 -1.1087547101126238 1.0193710889797984 0.59642301219468552 0.31551053387003319 1.4072370746737504 0.5759370585930732
decision_type=2 2 2 2 2 2 2 2 2 2 2 2 2 2 2 2 2 2 2 2 2 2
left_child=2 7 3 15 12 6 -6 8 14 -9 -7 -11 -4 19 -2 -1 -14 -17 21 20 -3 -5
right_child=1 13 4 18 5 10 -8 9 -10 11 -12 -13 16 -15 -16 17 -18 -19 -20 -21 -22 -23
leaf_value=0.083563671637865433 -0.025726048983825314 -0.079199993349718265 -0.015183247675286372 -0.078536200237967105 0.11522167835779942 -0.019318856338650797 -0.08219690333853949 0.012628403137989753 0.11086386801172293 0.10298621232956429 -0.079479822847002682 0.018624178385412426 -0.060146908376284253 0.006313168509386723 -0.08935495461175233 0.13256829943266188 -0.079015029996932343 0.1074401311065508 -0.085615393132076681 -0.082340103205920917 -0.080058978972529116 -0.079144026516067431
leaf_weight=6.5713780820369747 5.4722659289836892 3.9937901794910449 9.0070347487926465 5.3726964890956941 17.08175486326218 25.876940384507179 5.7146864086389533 8.2887424230575544 7.0434218496084204 277.06535966694355 33.075846061110497 6.6737962067127219 19.807228624820709 3.9593540132045737 5.503364935517312 9.7198583781719226 328.34196577966213 8.7400684058666211 4.1909306794404975 4.494125857949256 4.9863822460174561 14.328244909644125
leaf_count=20 20 20 39 28 52 100 26 29 20 800 154 20 94 16 20 27 1641 25 18 20 24 72
internal_value=-0.000232757 0.0850452 -0.05748 0.0176185 -0.065851 -0.0199429 0.0657321 0.0932478 0.00823175 0.0984936 -0.0530726 0.101002 -0.0763589 -0.0608343 -0.0576306 0.110929 -0.0779416 0.120671 -0.0801425 -0.0805652 -0.079677 -0.0789783
internal_weight=815.309 327.481 487.829 48.9232 438.905 81.7492 22.7964 310.047 18.0191 292.028 58.9528 283.739 357.156 17.4337 10.9756 25.0313 348.149 18.4599 23.8919 13.4743 8.98017 19.7009
internal_count=3285 989 2296 190 2106 332 78 909 60 849 254 820 1774 80 40 72 1735 52 118 64 44 100
is_linear=0
shrinkage=0.1


Tree=21
num_leaves=25
num_cat=0
split_feature=29 185 7 92 160 170 185 160 110 39 7 33 7 192 92 21 36 148 41 50 19 7 69 50
split_gain=238.034 132.359 46.9191 27.0358 24.9384 13.2442 14.3537 12.1133 8.79272 8.20319 6.3762 6.30148 3.7546 3.74037 3.29307 8.45038 3.47391 2.93506 0.911651 0.858981 0.577283 0.320445 0.174676 0.136558
threshold=-0.23614314751277052 1.0102404515981049 -0.10587013798178954 -0.81740472811885201 -0.46488048361001511 1.9038422897183127 1.3543801363119259 -0.46488048361001511 0.46455878894794062 -0.72470159902348075 -0.2185919390009832 1.4019018301077708 -0.74081274349540827 0.3548918638296979 -0.42128703118900135 -0.02706971975731572 -0.20597163950773362 1.0584887958455911 0.67437893985146535 0.93702971635874166 0.58826212810042267 -0.071194711206594194 -0.15723881586502519 2.1826422390224978
decision_type=2 2 2 2 2 2 2 2 2 2 2 2 2 2 2 2 2 2 2 2 2 2 2 2
left_child=2 4 14 17 8 11 -7 -5 -2 10 -6 21 -11 -9 20 16 -16 19 -8 -4 23 -3 -10 -1
right_child=1 5 3 7 9 6 18 13 22 12 -12 -13 -14 -15 15 -17 -18 -19 -20 -21 -22 -23 -24 -25
leaf_value=-0.080776924940146627 0.062878369976612267 -0.081999327369662867 -0.08242458961091309 -0.043819319926161483 -0.057926951699735302 0.090703873180902936 -0.082227442662878014 0.01463294377356125 -0.064583218576134541 0.043262059337987838 0.077123624845205185 0.04044418614406782 0.092120564828094498 0.095378497510411012 -0.025685523871148305 0.060488618682993281 -0.081415831961200891 -0.00036859925756393811 -0.024989116694963318 -0.037642798116661921 -0.042712584888727118 -0.053115634267304625 -0.088875554891145861 -0.063726827519958867
leaf_weight=238.38597573339939 6.5552525669336346 65.581337109208107 21.782781869173053 9.5998984575271589 6.8266090452671051 11.899102553725244 8.2444292604923231 6.9476698338985434 4.7213807553052911 16.617112994194031 7.1655274927616102 4.6075525730848303 294.0791742503643 32.919645309448242 15.479487702250479 5.8385787010192862 40.316347718238831 6.8526236563920966 4.2002899944782248 5.331743359565734 4.124362811446189 4.0799974203109732 7.9344108700752232 4.7918744981288901
leaf_count=1129 20 300 97 37 26 36 37 23 20 54 22 16 959 104 60 19 175 25 18 21 17 17 31 22
internal_value=1.80337e-05 0.0502977 -0.0566868 0.00985404 0.079584 -0.0518348 0.0121762 0.0570242 -0.0311234 0.0861343 0.0112339 -0.0728163 0.0895074 0.081307 -0.0746575 -0.0539767 -0.0659545 -0.0588411 -0.0629086 -0.0736188 -0.0798117 -0.0803076 -0.079813 -0.0804409
internal_weight=834.883 442.512 392.371 83.4344 343.899 98.6127 24.3438 49.4672 19.211 324.688 13.9921 74.2689 310.696 39.8673 308.937 61.6344 55.7958 33.9671 12.4447 27.1145 247.302 69.6613 12.6558 243.178
internal_count=3285 1556 1729 307 1132 424 91 164 71 1061 48 333 1013 127 1422 254 235 143 55 118 1168 317 51 1151
is_linear=0
shrinkage=0.1


Tree=22
num_leaves=23
num_cat=0
split_feature=38 20 162 86 24 20 191 166 165 33 17 161 168 49 26 9 43 35 44 70 105 117
split_gain=288.85 62.3116 48.3499 30.4056 26.1289 21.5274 14.2909 12.3377 8.14096 7.28426 9.06323 6.86733 9.74878 5.1564 2.27808 2.1396 1.39614 1.02033 0.252058 0.149228 0.0135757 0.00647008
threshold=0.41048368645722771 -0.82585457421852493 0.19450231258392425 0.85307509292904748 -0.5399133374217201 -0.82585457421852493 1.0966955381802683 1.7798294029681527 1.2301938528982463 -0.36049554418838836 -0.56558793640465133 0.3585812058125703 -1.0000000180025095e-35 0.29965055049558015 0.39158482030131475 0.7201366864324551 0.32050141881458366 -0.2940653870936229 0.99254520698836046 -0.60914174089744455 1.0093002621410474 -0.62959615312120654
decision_type=2 2 2 2 2 2 2 2 2 2 2 2 2 2 2 2 2 2 2 2 2 2
left_child=1 3 4 15 14 16 -5 9 19 10 -3 13 -13 -6 20 18 -4 -11 -1 -7 -2 -8
right_child=2 7 5 6 11 8 21 -9 -10 17 -12 12 -14 -15 -16 -17 -18 -19 -20 -21 -22 -23
leaf_value=0.096627490920390663 -0.086746199157701792 0.056149322738236022 0.10265225858387157 0.079191740219441489 0.095808557057339552 -0.060536887815841559 -0.083089015232220453 0.085812503560647832 0.062151903877720231 -0.058385601610654217 -0.083645462987852873 -0.069550643523955236 0.10038039455059143 0.05481964506532197 0.0083283684794411388 0.036091496096002512 0.041287233031121341 -0.078900347019456793 0.11673420465586921 -0.08097694000986233 -0.079120958886370801 -0.078822601719093333
leaf_weight=23.73803773522377 4.8429636508226377 9.3826169222593325 9.3208227157592756 7.4549726247787502 247.01531739532948 4.0591334551572755 4.3585422039032009 4.8998010009527198 4.6837052404880515 26.288900882005692 9.170548275113104 6.5719617009162903 6.9422621428966504 35.045544385910034 3.8497049808502188 5.8343274593353263 6.1564040184020987 311.72732672095299 8.4555686116218549 29.749540671706203 4.508330911397934 19.269381582736969
leaf_count=73 20 31 28 22 763 20 20 15 14 129 42 21 21 104 15 20 20 1618 24 142 23 100
internal_value=0.000227387 -0.0551566 0.0659683 0.0318435 0.0812317 -0.0213577 -0.0415224 -0.0717905 -0.0614057 -0.0739562 -0.0129491 0.0873793 0.017743 0.0907158 -0.0564162 0.0918107 0.078243 -0.0773048 0.101908 -0.0785229 -0.08307 -0.0796096
internal_weight=793.326 430.58 362.746 69.1108 308.776 53.9696 31.0829 361.469 38.4924 356.569 18.5532 295.575 13.5142 282.061 13.201 38.0279 15.4772 338.016 32.1936 33.8087 9.35129 23.6279
internal_count=3285 2094 1191 259 967 224 142 1835 176 1820 73 909 42 867 58 117 48 1747 97 162 43 120
is_linear=0
shrinkage=0.1


Tree=23
num_leaves=24
num_cat=0
split_feature=3 24 7 71 3 71 47 90 44 44 145 7 11 117 90 6 29 119 53 5 91 148 12
split_gain=336.701 31.9575 39.047 22.2836 19.8711 15.6317 13.3242 13.8319 12.5471 9.63491 3.95133 3.62829 14.398 3.59418 2.89426 1.77951 1.03097 0.613079 0.258447 0.118226 0.112959 0.0181472 0.0128024
threshold=1.4074966585119457 -0.57020068120972367 -0.10587013798178954 0.7736098719674781 1.1492091006708989 0.23571199044225696 1.2485890694458486 1.3763941340079389 1.0147709473062838 1.806778941548852 -0.18292916141146923 -1.1885902904357046 -0.81983585672598946 -0.64190620385792529 1.6333157808067253 0.40555093872756104 0.59989348517764507 1.4291273085736063 -0.032733449087387768 1.0060685346876717 0.6391386386303991 1.0851372985050904 0.59642301219468552
decision_type=2 2 2 2 2 2 2 2 2 2 2 2 2 2 2 2 2 2 2 2 2 2 2
left_child=1 2 18 6 11 8 10 -8 -6 17 -2 12 -3 -7 -9 -13 -12 21 -1 -20 22 -5 -4
right_child=3 4 20 9 5 13 7 14 -10 -11 16 15 -14 -15 -16 -17 -18 -19 19 -21 -22 -23 -24
leaf_value=0.089698976810715439 0.026048234193385318 -0.080119328913058105 -0.077353422574130026 -0.078113615072963716 -0.025714203329562729 0.010367092017643416 -0.073651121352027935 0.024082785810415643 0.10375697046118022 0.10000293597379102 0.09914785129994988 -0.030089876945829503 0.13818559763704805 -0.070272099499371507 0.10588323691936948 -0.076990394657713374 0.066492557216809509 -0.034056288128566467 0.10408758393521345 0.1205478840974223 -0.059187390350333526 -0.086883283093974223 -0.083796880590844225
leaf_weight=8.496098458766939 7.9143236428499213 12.612885788083078 14.814225718379026 5.7790838032960909 14.794883891940119 6.6765258163213721 9.6938346475362795 7.0607999861240414 15.149771943688391 4.5312927365303031 238.37065188586712 8.3032595664262754 3.9727820456027976 32.109056025743484 11.165040850639341 314.8935486972332 10.076774850487707 3.7344679236412039 10.612849503755571 7.4103485047817221 3.5282666385173789 3.9879256933927536 3.89413958787918
leaf_count=26 26 62 83 31 58 25 39 22 45 14 727 39 11 162 33 1727 33 16 31 21 19 17 18
internal_value=-0.000257309 -0.0543923 0.0221303 0.0816252 -0.0635253 -0.0144871 0.088463 0.022861 0.0397886 -0.0261717 0.0956076 -0.0734446 -0.0278285 -0.0563909 0.0741933 -0.0757855 0.0978234 -0.0685178 0.104077 0.110855 -0.0755994 -0.0816943 -0.0786946
internal_weight=759.583 457.269 48.7559 302.314 408.513 68.7302 284.281 27.9197 29.9447 18.0328 256.362 339.782 16.5857 38.7856 18.2258 323.197 248.447 13.5015 26.5193 18.0232 22.2366 9.76701 18.7084
internal_count=3285 2327 198 958 2129 290 880 94 103 78 786 1839 73 187 55 1766 760 64 78 52 120 48 101
is_linear=0
shrinkage=0.1


Tree=24
num_leaves=24
num_cat=0
split_feature=92 185 122 7 29 162 187 160 14 69 119 29 110 130 81 19 7 92 90 39 47 185 8
split_gain=202.745 82.8646 39.2698 36.8169 18.3557 17.4751 15.1 12.0252 8.78021 8.11884 8.08002 7.4196 10.3269 6.90615 5.48302 1.45957 1.0382 0.991121 0.65604 0.184113 0.132556 0.00853832 0.00199726
threshold=-0.48143096808264535 1.057051482096049 1.3814593859756068 -0.0040512485497366532 -0.81416099002708198 0.76983163209898486 1.0642065676920291 -0.46488048361001511 -0.087546039414215251 1.2861916207169806 -0.012748567870386035 0.10828053181264446 0.70505524446350432 1.3502461708576519 0.30925900147458213 0.58764659178581491 -0.12406597364982926 -0.64377622609428042 1.2135542644077291 -0.65220947040718857 1.3634284070581588 1.2436657075417887 -0.34631765066715647
decision_type=2 2 2 2 2 2 2 2 2 2 2 2 2 2 2 2 2 2 2 2 2 2 2
left_child=3 2 7 11 19 20 14 10 13 -9 -2 15 -13 -3 -6 16 -1 -14 -10 22 -4 -20 -5
right_child=1 8 5 4 6 -7 -8 9 18 -11 -12 12 17 -15 -16 -17 -18 -19 21 -21 -22 -23 -24
leaf_value=-0.078128128204569283 0.0736143839035171 -0.081953441148000641 -0.082631066226346708 -0.080149216268485354 -0.016443236097371437 0.075432853585435528 -0.071512465028937572 0.084708780606260164 -0.045094773607972566 -0.015327808169796526 -0.074321399574985014 0.051181210295926219 -0.082852124412223768 0.061851730002641429 0.093409400767497652 -0.025020772368198774 -0.049701959800162204 -0.025739976604856496 -0.083321444486323684 -0.056996984549234776 -0.062875516312575722 -0.078991864507267848 -0.082715096926902876
leaf_weight=245.46567560732365 6.5509167909622184 5.0977124422788611 20.726545616984371 5.5907595008611688 5.3383231163024893 10.327113702893255 8.4540002644062024 293.38274973630905 6.3279341310262671 8.3436247557401639 8.4600339978933317 11.531358361244203 13.874726355075838 9.6827942132949811 30.51967579126358 5.596050113439559 13.557897716760634 3.8906218707561484 5.1446161717176428 4.0750140249729148 4.06207650899887 39.738187685608864 6.6325484365224847
leaf_count=1275 20 23 98 27 20 34 39 1024 27 29 36 38 66 31 103 24 60 16 23 19 20 204 29
internal_value=-6.34422e-06 0.0471868 0.0664727 -0.0556281 0.0153358 -0.0338611 0.0487109 0.0775964 -0.055642 0.0819425 -0.00976086 -0.070262 -0.0225113 0.0122541 0.0770552 -0.0755486 -0.0766402 -0.0703445 -0.0752383 -0.0754047 -0.0793938 -0.0794881 -0.0815415
internal_weight=772.371 417.844 351.853 354.527 60.6103 35.1157 44.312 316.737 65.9912 301.726 15.011 293.916 29.2967 14.7805 35.858 264.62 259.024 17.7653 51.2107 16.2983 24.7886 44.8828 12.2233
internal_count=3285 1569 1261 1716 237 152 162 1109 308 1053 56 1479 120 54 123 1359 1335 82 254 75 118 227 56
is_linear=0
shrinkage=0.1


Tree=25
num_leaves=23
num_cat=0
split_feature=37 162 20 86 24 20 35 49 61 38 184 156 44 13 118 9 118 190 33 44 24 130
split_gain=245.162 48.9758 41.2205 29.8628 27.8989 21.061 9.84352 8.69138 20.5677 7.06335 7.03998 6.5139 4.04924 3.38838 1.73234 1.54835 1.13734 0.738679 0.575403 0.148112 0.0190827 0.00724849
threshold=-0.27503395854644774 0.19450231258392425 -0.82585457421852493 0.83639966998486315 -0.5389893846754602 -0.83202439751613089 -0.61199179418538063 0.29965055049558015 1.2028866269176051 1.0744213734739401 1.4367805269984861 0.86940566968985655 0.94615369499143631 0.50017093349833486 1.4907191983352759 0.7013346031171831 0.53003006387806484 -0.73207968991082295 -0.38264712918081206 0.99254520698836046 -0.57809950180826764 1.0417551013524802
decision_type=2 2 2 2 2 2 2 2 2 2 2 2 2 2 2 2 2 2 2 2 2 2
left_child=1 4 3 15 13 16 11 10 -9 17 -6 -4 -5 20 18 19 -3 -7 -8 -2 -1 -14
right_child=2 5 6 12 7 9 14 8 -10 -11 -12 -13 21 -15 -16 -17 -18 -19 -20 -21 -22 -23
leaf_value=-0.078345946212362572 0.09454093356087169 0.041935576451894142 -0.068451949169925516 0.021366318771012405 0.090790171369105319 -0.038922850552294642 -0.040216807258517166 0.081120557490329037 -0.080836608416337941 0.06660293743032504 -0.013038126946460067 0.073239077607183678 -0.082055437387483054 0.029556762141447281 -0.0074083338421710018 0.041784374231070148 0.098050991967152876 -0.079379549997623047 -0.076499021137729231 0.11137696037393791 -0.086928639129714519 -0.077394727375010811
leaf_weight=8.3498616218566877 17.189174741506584 5.9713496267795554 5.6505284607410413 5.0986279845237759 245.24074013531208 5.2009496390819541 4.4375230818986884 29.373084038496017 10.696836471557615 3.9281853586435309 6.709057241678237 7.6200272440910339 4.2178611606359508 3.594823330640792 3.7333118617534629 5.6872180253267279 9.140553265810011 34.124374940991402 291.75098968297243 7.507479488849639 3.755805864930152 15.976382613182066
leaf_count=45 56 20 28 20 809 23 21 91 39 13 22 23 21 14 17 20 29 179 1666 22 16 91
internal_value=0.000259109 0.0582342 -0.0572785 0.0220061 0.0741636 -0.0257504 -0.071373 0.0811453 0.0378854 -0.0612571 0.0880254 0.0129078 -0.0582633 -0.0556934 -0.0751022 0.088826 0.0758774 -0.074029 -0.0759554 0.0996589 -0.0810087 -0.0783682
internal_weight=734.955 366.086 368.869 55.6767 307.72 58.3654 313.192 292.02 40.0699 43.2535 251.95 13.2706 25.2929 15.7005 299.922 30.3839 15.1119 39.3253 296.189 24.6967 12.1057 20.1942
internal_count=3285 1300 1985 230 1036 264 1755 961 130 215 831 51 132 75 1704 98 49 202 1687 78 61 112
is_linear=0
shrinkage=0.1


Tree=26
num_leaves=22
num_cat=0
split_feature=3 24 7 71 3 165 89 47 120 178 145 59 6 7 170 113 48 192 5 78 12
split_gain=286.085 27.9581 32.8144 18.7336 18.1125 13.212 11.6707 10.8257 8.66291 7.67492 4.34981 3.71324 3.56537 2.40187 1.20279 0.881149 0.228296 0.117419 0.0954713 0.0265153 0.00887743
threshold=1.4074966585119457 -0.57020068120972367 -0.10587013798178954 0.72950737578006608 1.1492091006708989 -0.50800127703998321 1.7537821689591471 1.2930759352824681 1.5202530655439164 1.1192286087946284 -0.18292916141146923 -2.0725474189635729 0.8413638872843775 -0.96214122221708087 2.3949175371497486 0.80358125846501927 0.99251095311408011 1.3508709160998233 0.93582835803338682 1.3327274899285431 0.59642301219468552
decision_type=2 2 2 2 2 2 2 2 2 2 2 2 2 2 2 2 2 2 2 2 2
left_child=1 2 16 7 11 9 15 10 -9 -6 -2 -3 -7 -13 -12 -5 18 20 -1 -17 -4
right_child=3 4 17 6 5 12 -8 8 -10 -11 14 13 -14 -15 -16 19 -18 -19 -20 -21 -22
leaf_value=0.097112231365345067 0.019788501534127284 0.015121553440048806 -0.075962873954153354 -0.028301569212382895 0.063648677776113827 -0.0058438487856312792 0.10356188393402779 -0.070042437377654934 0.075611491964841057 -0.070872439959611247 0.094370753384941719 -0.047622485108127971 -0.073360309954134575 -0.0763295274678637 0.071193035937987301 -0.077297709798405445 0.08074351497355918 -0.056384453335980689 0.11161578685244111 -0.087931974556860928 -0.081586862531856152
leaf_weight=11.506489157676702 8.655783072113989 4.8304957970976821 13.342101797461515 4.5505804419517544 22.576641023159031 11.231691673398016 5.8052280843257895 7.8804274201393154 8.4746679514646512 5.2223038524389258 214.27236154675484 32.65050633251667 25.759658873081207 271.50868347287178 25.002316758036613 5.7647153437137586 6.2070746421813956 3.2476833313703528 7.4949190020561209 3.952103927731514 3.5544507950544348
leaf_count=36 29 19 83 22 77 51 18 33 27 25 697 173 137 1647 82 33 20 19 22 17 18
internal_value=-0.000263731 -0.0527899 0.0213556 0.0771577 -0.0617863 -0.0137137 -0.0159772 0.0842314 0.0054306 0.0383776 0.0894296 -0.0718664 -0.0528603 -0.0732479 0.0919489 -0.0646161 0.0973939 -0.0737988 0.102833 -0.081623 -0.077146
internal_weight=703.491 419.133 45.3527 284.358 373.78 64.7903 20.0726 264.286 16.3551 27.7989 247.93 308.99 36.9914 304.159 239.275 14.2674 25.2085 20.1442 19.0014 9.71682 16.8966
internal_count=3285 2327 198 958 2129 290 90 868 60 102 808 1839 188 1820 779 72 78 120 58 50 101
is_linear=0
shrinkage=0.1


Tree=27
num_leaves=24
num_cat=0
split_feature=29 185 7 160 92 170 185 69 110 92 33 162 176 110 81 148 48 59 181 15 7 67 92
split_gain=174.759 95.8683 36.5075 19.5738 19.2592 11.1358 10.7857 9.07049 6.81044 6.29656 5.10859 3.81172 3.30734 2.75657 7.51798 2.71472 2.07744 0.967639 0.799823 0.316117 0.299343 0.202371 0.00411871
threshold=-0.24053874377836962 1.0102404515981049 -0.10587013798178954 -0.46488048361001511 -0.81740472811885201 1.9038422897183127 1.3543801363119259 0.57268139240186267 0.46455878894794062 -0.89027710359572498 1.4019018301077708 1.0000000180025095e-35 0.35599713865430077 0.4945127388920359 0.70423428324693271 1.0584887958455911 1.4701925518656049 -1.7413875544143715 0.64868174036098392 -0.30879031209550195 -0.071194711206594194 -0.46061669449160947 -0.80818637710447161
decision_type=2 2 2 2 2 2 2 2 2 2 2 2 2 2 2 2 2 2 2 2 2 2 2
left_child=2 3 13 8 15 10 -7 12 -2 -5 20 -11 -6 14 22 18 19 -8 -4 -15 -3 -10 -1
right_child=1 5 4 9 7 6 17 -9 21 11 -12 -13 -14 16 -16 -17 -18 -19 -20 -21 -22 -23 -24
leaf_value=-0.077125817718363424 0.055760560598481036 -0.078665068089723997 -0.079352920058060869 -0.0032245387290796182 0.088457709142755428 0.082151417071654131 -0.078823074463207687 -0.040929385255508849 -0.08455418938714801 0.050438364825085048 0.036238108742332395 0.086044904466397842 0.0085400968064002752 -0.056884364381295606 0.037348442280358399 0.004328991626823697 -0.025622763721817043 -0.015160519558562457 -0.034230801619699346 -0.077526784489496417 -0.048550370791552777 -0.056239718119357053 -0.080818915159534988
leaf_weight=13.516896575689318 6.0525735616683987 55.37359818816185 18.071591883897788 9.0551533699035627 28.439146414399147 11.203238531947138 7.2514917999505997 8.574516221880911 7.7391785532236108 34.419841796159744 4.2836197763681403 237.62830066680908 6.3312079310417166 7.6856642961502066 8.3769350796937925 6.3404253721237174 8.2235465347766858 3.5594313740730268 5.0195359736680976 213.55744718015194 3.5099725276231757 3.7460761368274662 3.8885527998209026
leaf_count=78 20 305 94 35 101 36 39 35 35 126 16 904 26 40 30 25 39 17 24 1205 17 19 19
internal_value=-8.17162e-05 0.0457235 -0.0536783 0.0724148 0.00879918 -0.0478548 0.013392 0.051189 -0.0300815 0.0788094 -0.0691997 0.0815399 0.0739058 -0.0714919 -0.0404891 -0.0536298 -0.0749753 -0.0578626 -0.0695443 -0.0768097 -0.07687 -0.075319 -0.0779509
internal_weight=711.848 383.822 328.025 298.641 72.7764 85.1814 22.0142 43.3449 17.5378 281.103 63.1672 272.048 34.7704 255.249 25.7824 29.4316 229.467 10.8109 23.0911 221.243 58.8836 11.4853 17.4054
internal_count=3285 1569 1716 1139 305 430 92 162 74 1065 338 1030 127 1411 127 143 1284 56 118 1245 322 54 97
is_linear=0
shrinkage=0.1


Tree=28
num_leaves=23
num_cat=0
split_feature=37 162 20 86 24 20 35 49 61 165 184 7 114 13 166 153 33 30 164 59 24 191
split_gain=209.619 41.543 36.9615 25.8414 23.6878 18.2185 8.804 7.70718 17.3273 6.50936 6.23785 6.04732 5.61176 3.01658 1.72789 1.05454 0.591716 0.452575 0.352958 0.113552 0.0172695 0.0153421
threshold=-0.27503395854644774 0.19450231258392425 -0.82585457421852493 1.0046433238774395 -0.5389893846754602 -0.83202439751613089 -0.61199179418538063 0.29965055049558015 1.2028866269176051 1.2301938528982463 1.4367805269984861 -1.1985925743112602 -0.49644913729358325 0.50017093349833486 1.3705976495592944 0.70169108243988265 -0.38264712918081206 1.0713867940062676 0.13205854389424751 -0.95998410970299852 -0.57809950180826764 1.3312478096061937
decision_type=2 2 2 2 2 2 2 2 2 2 2 2 2 2 2 2 2 2 2 2 2 2
left_child=1 4 3 11 13 15 12 10 -9 17 -6 -2 -4 20 16 -3 -8 -7 21 -13 -1 -5
right_child=2 5 6 18 7 9 14 8 -10 -11 -12 19 -14 -15 -16 -17 -18 -19 -20 -21 -22 -23
leaf_value=-0.076805691111902163 -0.027030155391363078 0.093952969173664719 0.073403285861233389 -0.082727514045721373 0.086725324628447314 -0.07788835265805584 -0.037696215565874852 0.076050984513997347 -0.076401078912970932 0.052253551915080632 -0.012329310109814189 0.098486146246377193 -0.060890413867605103 0.027021170673288908 -0.020871993893792313 0.038634528256536571 -0.075428297592105745 -0.04095562203642774 -0.040936535070916998 0.085536849505187598 -0.085307054966951956 -0.075509245232447328
leaf_weight=7.5268440544605246 4.912526160478591 8.6274097263813001 6.8133997321128845 3.9197111725807217 228.66242451965809 31.658203512430191 4.2232185155153266 28.064634904265404 10.152202457189558 4.6153317987918845 6.5393018424510947 16.691504389047623 5.7271895110607129 3.5026602894067755 6.0704279989004126 5.7379924952983847 261.73018480092287 3.7063786238431922 3.2126620113849631 11.394650623202326 3.5008485317230216 11.835681051015852
leaf_count=45 20 29 24 20 809 183 21 91 39 15 22 54 27 14 31 20 1652 17 18 41 16 77
internal_value=0.000357264 0.055457 -0.0556861 0.0218654 0.0705917 -0.024734 -0.0698484 0.0772036 0.0355525 -0.0594407 0.0839713 0.075329 0.0120724 -0.0538256 -0.073625 0.071857 -0.0748291 -0.0740176 -0.0711452 0.0932326 -0.0795045 -0.077305
internal_weight=678.825 342.294 336.531 51.9667 287.949 54.3453 284.564 273.419 38.2168 39.9799 235.202 32.9987 12.5406 14.5304 272.024 14.3654 265.953 35.3646 18.9681 28.0862 11.0277 15.7554
internal_count=3285 1300 1985 230 1036 264 1755 961 130 215 831 115 51 75 1704 49 1673 200 115 95 61 97
is_linear=0
shrinkage=0.1


Tree=29
num_leaves=24
num_cat=0
split_feature=186 71 24 3 7 108 155 145 119 3 47 170 156 197 49 171 3 89 118 123 71 33 69
split_gain=244.599 26.1108 18.3303 17.4607 17.213 16.0193 10.4722 8.46913 9.25178 8.09593 5.46522 5.81451 4.24928 3.40979 9.23866 1.27229 1.25634 0.709731 0.060771 0.0176339 0.000771475 6.31828e-06 3.04553e-06
threshold=1.2105157316729505 0.82414818113057442 -0.58908246305852441 1.1316818963669586 0.10918251365803748 0.75520668824483239 1.2873708653323728 -0.12550479993541475 1.574039241133643 1.5967571708121604 1.2608708233046149 1.001902319653287 0.36738545393432726 -0.72999776206370448 -0.2657068807814193 0.58429293542907723 1.2049506122899694 1.1865622353068677 0.33267896038968447 0.55354968165301477 1.1496041299282396 0.72207252554639267 -0.043108834334901099
decision_type=2 2 2 2 2 2 2 2 2 2 2 2 2 2 2 2 2 2 2 2 2 2 2
left_child=2 7 4 13 18 6 -5 8 15 19 16 -12 -7 14 -4 -2 -9 -15 -1 20 -3 -6 -23
right_child=1 9 3 5 21 12 -8 10 -10 -11 11 -13 -14 17 -16 -17 -18 -19 -20 -21 -22 22 -24
leaf_value=0.092337566708671229 -0.085001760286038897 -0.077175884844545919 0.088725136351634454 0.092157807163807892 -0.074714324257628001 0.012435437391697501 -0.07843675735853875 0.050597775382631417 0.10365372553322168 0.07749961059558845 0.08610916173100791 -0.022976905532939532 -0.062519159286024362 -0.074494175183675945 -0.07563719514877669 -0.012619173479950431 0.088676214031745415 -0.026760996984822996 0.10530617589245002 -0.084191201060879073 -0.075389287426630008 -0.074830644060835547 -0.074967284195517139
leaf_weight=8.3110530972480792 5.4260194599628431 3.4497979581356075 4.8622228503227261 17.132450446486477 2.882272467017172 9.4588200449943525 4.5550869405269614 9.0242498666048032 6.1687937378883353 4.3392347991466513 9.8592971563339251 9.6871816366910917 37.744994014501572 255.55053427070379 11.528023734688757 4.3956266641616821 217.41714537143707 3.1533997505903235 6.3926255106925955 3.3246327787637702 8.0728748589754087 3.6444709599018097 2.952830582857132
leaf_count=28 23 20 16 57 20 42 26 31 19 15 33 36 205 1708 77 19 762 13 20 17 53 25 20
internal_value=-0.000283907 0.0699483 -0.0539191 -0.0598354 0.0302347 -0.014814 0.0563274 0.0781952 0.00767509 -0.0426583 0.0827794 0.0320464 -0.0474996 -0.07111 -0.0268785 -0.0526073 0.0871587 -0.0739123 0.0979758 -0.0777753 -0.0759242 -0.0748378 -0.0748918
internal_weight=649.334 281.165 368.169 343.986 24.1833 68.8914 21.6875 261.978 15.9904 19.1865 245.988 19.5465 47.2038 275.094 16.3902 9.82165 226.441 258.704 14.7037 14.8473 11.5227 9.47957 6.5973
internal_count=3285 1028 2257 2144 113 330 83 923 61 105 862 69 247 1814 93 42 793 1721 48 90 73 65 45
is_linear=0
shrinkage=0.1


Tree=30
num_leaves=25
num_cat=0
split_feature=7 92 29 160 185 119 162 60 40 48 19 13 110 194 110 72 135 115 135 92 130 178 29 115
split_gain=149.387 59.8261 59.4137 21.6758 21.4556 9.66471 7.91838 5.56304 6.07314 5.40514 5.26246 4.91068 4.9068 3.89529 3.71677 8.5959 2.01293 1.86306 2.85286 1.58521 0.270723 0.200913 0.0084377 0.00179826
threshold=-0.26992054482321959 -0.80818637710447161 0.15661916966993647 -0.46488048361001511 1.1289461455440766 0.11007642924810405 0.19450231258392425 0.11663404663207691 0.64110338300974712 1.4909169745043929 0.45163986418120899 0.46246008468094629 0.72180397230409366 1.413174523589775 0.42332424047294642 1.1483307959950817 -1.2412439768614789 0.030258664713300656 -0.56947152332024087 0.6344044054595962 1.4618456711801315 -0.018161553344542013 -0.11272828067028338 -0.72784115798030247
decision_type=2 2 2 2 2 2 2 2 2 2 2 2 2 2 2 2 2 2 2 2 2 2 2 2
left_child=2 7 9 5 6 -3 12 8 -2 14 -11 16 -4 23 15 -1 -5 18 -9 -16 -19 -8 -7 -6
right_child=1 3 4 11 13 22 21 17 -10 10 -12 -13 -14 -15 19 -17 -18 20 -20 -21 -22 -23 -24 -25
leaf_value=-0.067027020035268323 0.064870368982326551 0.056084173687537424 0.051889784415397378 0.025228451930921242 -0.078859278220635015 -0.077297972418701816 0.069003484277621374 -0.077146491541365492 -0.076079427524448004 -0.077999192085850363 0.063142816118844758 -0.01532508574397677 -0.078101125851079756 0.040092273945061881 -0.075070585535160328 0.091662126228064758 0.082815315012184212 -0.078436842605593735 0.040699110571919099 -0.0056216213592019046 -0.048592145410892698 0.086063585171196486 -0.082954009888141181 -0.07634153113520202
leaf_weight=13.580072253942491 7.9835353195667249 8.8764355480670947 6.1239195615053159 6.2394571006298056 3.6328579038381621 9.5574758499860746 8.5276177227497083 4.392537385225296 4.9537104666233063 4.6823390722274763 6.0612746328115463 5.3886905312538138 5.522481381893158 3.43619780242443 234.67224583029747 4.5595664680004111 223.35763831436634 28.818615525960922 3.8589689582586271 3.3333563655614844 3.397777557373046 36.237114056944847 3.6428448706865302 12.945829354226589
leaf_count=71 30 31 24 23 20 55 36 26 31 26 24 22 23 13 1443 16 913 165 15 16 19 145 18 80
internal_value=-0.000139425 0.0501269 -0.0455965 0.0701352 0.032143 -0.0246021 0.0637035 -0.0461817 0.0109003 -0.0678579 0.00162955 0.0790357 -0.0097492 -0.0568089 -0.0707724 -0.027139 0.0812504 -0.0644303 -0.0220338 -0.0740979 -0.0752892 0.0828137 -0.0788588 -0.0768932
internal_weight=653.783 310.468 343.315 257.063 76.426 22.0768 56.4111 53.4051 12.9372 266.889 10.7436 234.986 11.6464 20.0149 256.145 18.1396 229.597 40.4679 8.25151 238.006 32.2164 44.7647 13.2003 16.5787
internal_count=3285 1348 1937 1062 341 104 228 286 61 1596 50 958 47 113 1546 87 936 225 41 1459 184 181 73 100
is_linear=0
shrinkage=0.1


Tree=31
num_leaves=23
num_cat=0
split_feature=37 162 20 86 24 24 37 35 161 168 49 156 119 22 118 130 33 118 164 88 191 198
split_gain=179.259 35.2742 33.2356 22.3403 20.0008 15.5736 8.92953 7.96032 7.23553 7.8102 5.86932 5.01385 4.98148 2.01929 1.80713 0.721137 0.601441 0.501681 0.359723 0.128912 0.0107232 0.0107119
threshold=-0.27503395854644774 0.19450231258392425 -0.82585457421852493 1.0046433238774395 -0.5399133374217201 -0.27431637864621111 -1.2716876795784644 -0.61199179418538063 0.3585812058125703 -1.0000000180025095e-35 0.4228632110245813 0.79447551817156259 1.574039241133643 -0.12553920886314526 1.4907191983352759 0.9269381042462167 -0.38264712918081206 0.53003006387806484 0.22127985910507122 1.0000000180025095e-35 1.3312478096061937 0.29090411950019252
decision_type=2 2 2 2 2 2 2 2 2 2 2 2 2 2 2 2 2 2 2 2 2 2
left_child=1 4 3 12 13 6 -3 11 10 -10 -6 -4 19 21 16 -7 -9 -8 20 -2 -5 -1
right_child=2 5 7 18 8 15 17 14 9 -11 -12 -13 -14 -15 -16 -17 -18 -19 -20 -21 -22 -23
leaf_value=-0.07535419088390459 0.098584115208602774 0.1057624207440868 -0.076838594236153482 -0.080679798880733192 0.082919974966073562 0.090796557825504276 -0.077324333463870978 -0.034968164278370954 -0.069546721336678705 0.088253178492944492 0.033721970360829537 0.059163389418896678 -0.013976164659102836 0.013281754185544637 0.0003967962004976656 0.04273208270865228 -0.07393977074730726 -0.046757148327491269 -0.037218620663213839 0.084371171445458568 -0.074347205146828008 -0.082355641971216587
leaf_weight=6.1386234015226346 12.364594161510473 3.1041362285614005 4.1755721718072873 3.560954853892329 215.17120948433876 7.548270255327223 27.558248490095139 4.0268053561449042 7.1152179539203644 5.6091381609439832 27.328797683119774 7.7267538905143738 5.4605000913143149 3.2643635123968116 3.374165177345275 5.3227289021015167 238.73740405589342 6.668555110692977 2.8857927769422522 13.188006311655043 10.735703036189078 3.3930247873067856
leaf_count=41 41 9 25 20 819 27 170 21 26 21 97 26 24 15 17 20 1666 38 17 50 78 17
internal_value=0.0004333 0.0529928 -0.0541834 0.0220446 0.067402 -0.0239357 -0.05664 -0.0684209 0.0735187 1.44755e-05 0.0773756 0.0114512 0.0727216 -0.054599 -0.0722832 0.0709198 -0.0732933 -0.0713688 -0.0694238 0.0912486 -0.0759245 -0.0778465
internal_weight=624.459 318.222 306.236 48.1956 268.02 50.2019 37.3309 258.041 255.224 12.7244 242.5 11.9023 31.0131 12.796 246.138 12.871 242.764 34.2268 17.1825 25.5526 14.2967 9.53165
internal_count=3285 1300 1985 230 1036 264 217 1755 963 47 916 51 115 73 1704 47 1687 208 115 91 98 58
is_linear=0
shrinkage=0.1


Tree=32
num_leaves=22
num_cat=0
split_feature=3 186 71 8 71 47 90 198 156 106 197 7 38 50 196 195 190 194 88 148 76
split_gain=208.991 22.1758 17.558 14.529 14.034 9.06264 9.73314 8.23665 7.67804 6.87156 5.21175 14.7232 3.09175 2.45068 1.68436 1.40459 0.75513 0.318733 0.241392 0.0196386 0.00734441
threshold=1.4074966585119457 1.0645902329271515 0.67533097182410617 1.4366274729994213 0.7736098719674781 1.2429483915849036 1.3763941340079389 0.76310213966338425 1.0642886984419504 1.7560612743591411 -0.72999776206370448 -0.38031327678399007 0.78906626587412643 -1.0255941915904896 1.6055435548508796 0.85253166310541506 0.97113199149114149 -0.21336113032011983 -0.091752299141510577 1.020421466369174 1.0471932610067738
decision_type=2 2 2 2 2 2 2 2 2 2 2 2 2 2 2 2 2 2 2 2 2
left_child=1 3 7 10 5 12 18 8 -3 17 11 -1 16 -8 -12 20 -2 -6 -7 -19 -4
right_child=4 2 15 -5 9 6 13 -9 -10 -11 14 -13 -14 -15 -16 -17 -18 19 -20 -21 -22
leaf_value=0.099637242855781558 0.086343305669162665 0.076500877027913583 -0.074966622614396683 0.085379227561287629 -0.04175005391267566 -0.084533413605204777 0.011512142937765852 -0.077719317848323866 -0.028545811723893373 0.083253186981951555 -0.071226889895823584 -0.072237699928891494 0.015013088382363888 0.091927644832893923 0.0060018224059064929 -0.0031951821411288148 0.047686221264400336 -0.0748386119079891 -0.050218314602618511 -0.085268552638745429 -0.079459582047883906
leaf_weight=7.0707461982965496 195.13921555876732 31.040237694978714 17.378210946917541 6.485242933034896 3.1855835616588584 4.5853741317987442 5.862258896231654 5.4850083887577048 8.9683803841471654 4.2074440717697135 246.54229564219713 16.887604750692844 6.4520951360464087 10.719354301691054 2.8568043410778037 3.0219128727912894 5.1874949336051932 3.8768014162778845 3.707526773214342 3.3785583227872849 4.6016221344470969
leaf_count=22 737 111 121 24 20 21 20 32 41 14 1795 124 25 38 16 15 20 27 19 17 26
internal_value=-0.000300724 -0.0499254 0.000201719 -0.062553 0.0702852 0.0762877 0.0192602 0.0371987 0.0529535 -0.0246399 -0.0660626 -0.0215128 0.0831478 0.0634976 -0.0703423 -0.0671187 0.0853423 -0.0681181 -0.0691921 -0.0796955 -0.0759073
internal_weight=596.64 350.338 70.4954 279.843 246.302 231.653 24.8745 45.4936 40.0086 14.6484 273.357 23.9584 206.779 16.5816 249.399 25.0017 200.327 10.4409 8.2929 7.25536 21.9798
internal_count=3285 2327 346 1981 958 880 98 184 152 78 1957 146 782 58 1811 162 757 64 40 44 147
is_linear=0
shrinkage=0.1


Tree=33
num_leaves=25
num_cat=0
split_feature=92 90 110 160 38 162 65 49 185 119 7 29 31 11 83 83 34 167 79 47 35 15 10 71
split_gain=128.549 46.9542 33.3467 25.8195 24.8104 12.6276 17.6954 8.10535 9.78557 7.95815 7.55288 2.31424 2.02329 1.95989 1.80178 1.69251 1.38988 2.18349 0.929721 0.252639 0.0208391 0.0167798 0.0132507 0.0012013
threshold=-0.38400055699831587 1.3495617202447934 0.55098308101717242 -0.46488048361001511 0.72013881058718954 1.0000000180025095e-35 1.2278458606586924 0.58244950499596515 0.78879398547024959 0.14127314586563203 -0.44313843823558313 -0.37285421085955656 0.33327735361131244 -0.45920083178001181 0.96031351626174977 0.92126132198408295 -1.1019889846269204 -0.51805345573870787 1.5155058491882316 1.3934391876882877 -0.3618866324157462 -0.14188818352631541 0.50569890960520814 0.66545821710096364
decision_type=2 2 2 2 2 2 2 2 2 2 2 2 2 2 2 2 2 2 2 2 2 2 2 2
left_child=2 3 4 9 10 6 -5 16 14 -2 -1 -7 21 20 -9 -12 17 -4 -10 -18 -6 -3 -11 -23
right_child=1 12 7 5 13 11 -8 8 18 22 15 -13 -14 -15 -16 -17 19 -19 -20 -21 -22 23 -24 -25
leaf_value=-0.038493690888622339 0.050869151523906433 -0.08217115193919225 -0.075044738014623552 0.062848924177315246 -0.075970373365078725 0.039020675437676365 -0.078011052633590094 0.0096905923183596629 -0.077011689866882449 -0.076055955784002482 0.024884079877167238 0.081438028692651029 0.0066495426877230014 0.0044909853633520102 0.091737735558022407 0.086566816607166808 -0.074829769908008784 0.030316000002154359 -0.01593422784985301 -0.050405228388091708 -0.084157066923872745 -0.075036731885341421 -0.082148545390617111 -0.07718755486358661
leaf_weight=6.5915005058050147 6.7178513854742077 4.1197363436222103 4.8262220025062561 27.943986490368843 17.263183072209365 13.780034765601156 13.098925665020941 4.5384621918201464 12.509688943624495 11.632771298289301 5.1843664795160285 193.14539648592472 3.2721768468618384 3.3892400115728369 6.5241315066814423 31.33587272465229 187.47489333152771 3.3200564980506879 3.1122933924198142 4.3328186050057402 3.7923449426889411 22.275058090686802 5.1501373350620261 2.9395175129175177
leaf_count=35 25 21 33 117 115 55 65 22 76 76 24 868 15 16 25 129 1294 17 16 25 19 153 26 18
internal_value=-0.000144321 0.0454502 -0.0472701 0.0590689 0.0143954 0.0685631 0.0178932 -0.0656513 -0.0138842 -0.0411087 0.0600283 0.0786133 -0.0679345 -0.0660846 0.0580776 0.0778104 -0.0725599 -0.0321044 -0.0648435 -0.074278 -0.0774449 -0.0762542 -0.0779256 -0.0752875
internal_weight=598.271 304.076 294.195 271.469 67.5565 247.968 41.0429 226.639 26.6846 23.5008 43.1117 206.925 32.6065 24.4448 11.0626 36.5202 199.954 8.14628 15.622 191.808 21.0555 29.3343 16.7829 25.2146
internal_count=3285 1439 1846 1232 338 1105 182 1508 139 127 188 923 207 150 47 153 1369 50 92 1319 134 192 102 171
is_linear=0
shrinkage=0.1


Tree=34
num_leaves=23
num_cat=0
split_feature=37 162 20 86 24 11 37 35 33 24 11 37 3 26 166 9 195 35 44 179 24 159
split_gain=152.991 30.1186 29.4527 19.1258 17.0827 13.4265 7.58699 7.20916 6.76131 8.28041 4.40107 3.35977 2.73062 2.68665 1.8299 1.16258 0.912892 0.709981 0.111197 0.101094 0.00930507 0.00398408
threshold=-0.27503395854644774 0.19450231258392425 -0.82585457421852493 0.83639966998486315 -0.5389893846754602 -0.86781930480514646 -1.1238511705852958 -0.61199179418538063 0.083085630968432841 -0.28282905489136934 -0.58347327169724028 1.0000000180025095e-35 0.19945065850566354 0.55864209310498125 1.6892713562823058 0.7013346031171831 -0.46740408624887358 -0.26037992908558927 1.0263948418621449 0.066918631967337452 -0.57809950180826764 1.0565225190199652
decision_type=2 2 2 2 2 2 2 2 2 2 2 2 2 2 2 2 2 2 2 2 2 2
left_child=1 4 3 15 13 19 -7 10 12 -10 -4 -5 -6 20 17 18 -8 -9 -2 -3 -1 -13
right_child=2 5 7 11 8 6 16 14 9 -11 -12 21 -14 -15 -16 -17 -18 -19 -20 -21 -22 -23
leaf_value=-0.074676689453087183 0.085221511127895541 0.067661142014446063 0.054159181736264828 0.027036620743083401 0.0071543703956513972 0.08797071042001299 -0.034589189311923091 -0.055439504048571876 -0.018994505365453988 0.088210918963776863 -0.080509075832702892 -0.076808620694466284 0.078747228195866673 0.029747157068129054 0.0096455598312626678 0.035056973807956013 -0.075739282722092502 -0.073999314944006744 0.1020853484363788 0.087595756120268417 -0.081352648048479081 -0.073523207348831429
leaf_weight=6.0979998856782904 15.06552734971047 4.9450550675392133 7.6199775487184525 4.1086935177445438 5.4726188480854026 3.4921781569719306 6.8183383271098092 23.032272897660732 17.257842212915424 12.368150025606154 3.5607823282480222 6.3253106102347365 200.86631713807583 3.1646457388997069 2.7766369283199301 4.837358132004737 25.755035601556305 196.06324147433043 5.2804907262325278 5.2392577081918716 3.1747952103614798 8.8627237603068334
leaf_count=44 61 20 30 19 20 11 35 160 67 47 21 42 827 14 12 20 178 1532 17 20 17 71
internal_value=0.000433891 0.0506181 -0.0528458 0.0217217 0.0644137 -0.0234763 -0.0521079 -0.0670777 0.0704343 0.0257612 0.0112708 -0.0531888 0.0768484 -0.0498107 -0.0710259 0.0791217 -0.0671256 -0.0720482 0.0895983 0.0779164 -0.0769624 -0.0748915
internal_weight=572.185 294.652 277.533 44.4801 248.402 46.2499 36.0656 233.053 235.965 29.626 11.1808 19.2967 206.339 12.4374 221.872 25.1834 32.5734 219.096 20.346 10.1843 9.2728 15.188
internal_count=3285 1300 1985 230 1036 264 224 1755 961 114 51 132 847 75 1704 98 213 1692 78 40 61 113
is_linear=0
shrinkage=0.1


Tree=35
num_leaves=22
num_cat=0
split_feature=186 114 71 7 20 9 6 90 44 106 8 162 59 170 22 3 47 92 164 89 71
split_gain=179.511 19.1224 15.796 20.8071 21.2094 15.7053 7.01053 8.68187 4.48494 4.1452 3.54019 2.92372 1.9516 1.77906 1.22109 0.441957 1.63126 0.149218 0.0981227 0.0194588 0.00867377
threshold=1.2105157316729505 -1.1757457667651317 0.43493008115120074 -0.44710255505299407 -0.79736367449433898 0.43984775051336228 1.2318485232467986 1.6458578935797232 0.69939206608780891 1.3718859222920912 1.0687223939357187 -0.38082700693113597 -2.0725474189635729 4.2884316547590542 -0.16866564950635826 1.2640435344114482 1.0561278303888362 -0.54804038738807781 0.73045376123165051 1.1529902673429977 0.87154201924370922
decision_type=2 2 2 2 2 2 2 2 2 2 2 2 2 2 2 2 2 2 2 2 2
left_child=2 11 3 4 17 -6 8 14 -3 10 -5 18 -4 -10 -8 19 -17 -1 20 -14 -2
right_child=1 6 12 9 5 -7 7 -9 13 -11 -12 -13 15 -15 -16 16 -18 -19 -20 -21 -22
leaf_value=-0.074507117419239891 -0.080590435172144662 0.0019575300240083824 -0.0062207962824928856 -0.073102251595044396 0.099200020746923356 -0.032372448212883854 -0.013225707042189139 0.085702071511818967 0.081953747316057798 0.054986617089263314 0.031068880702694437 0.035740520586054057 -0.073522735767560993 0.036498174712849288 -0.08092133155994545 -0.0010146867927845837 -0.074775527484994289 -0.047875256970850856 -0.054536035235250406 -0.082069295145123899 -0.074135890226444331
leaf_weight=16.028483226895336 3.5602979585528356 7.6706800311803809 4.6214571297168723 61.438464306294918 28.713301338255405 13.262822695076464 5.3932409286499023 9.2575706988573057 189.34524215012789 2.8823244571685782 3.445305533707141 3.2794115245342246 154.73792184144258 9.0204744488000852 5.2665134668350237 4.0092516764998427 11.890347994863985 2.421738736331462 2.5689343214035025 2.7106614485383025 5.0141210854053497
leaf_count=122 18 38 22 478 100 84 21 37 779 12 19 15 1278 34 29 21 87 18 19 16 38
internal_value=-0.00029627 0.0643829 -0.0510777 -0.0243144 0.0183502 0.0576282 0.0715088 0.0148559 0.0769854 -0.062358 -0.0675708 -0.0472547 -0.0703555 0.0798867 -0.0466711 -0.0720653 -0.056176 -0.0710115 -0.0716797 -0.0736699 -0.076816
internal_weight=546.539 240.376 306.162 128.192 60.4263 41.9761 225.954 19.9173 206.036 67.7661 64.8838 14.4228 177.97 198.366 10.6598 173.348 15.8996 18.4502 11.1434 157.449 8.57442
internal_count=3285 1028 2257 833 324 184 938 87 851 509 497 90 1424 813 50 1402 108 140 75 1294 56
is_linear=0
shrinkage=0.1


Tree=36
num_leaves=26
num_cat=0
split_feature=7 29 92 160 185 119 162 60 155 194 69 27 170 110 48 135 107 115 135 105 81 130 134 29 33
split_gain=111.49 45.2491 44.4841 16.4602 15.3827 7.58021 6.20224 4.70591 4.82082 4.39244 8.64657 3.99434 3.78846 3.63625 2.35233 1.86339 1.72877 1.60726 2.17297 0.781052 0.444424 0.260348 0.19788 0.00800011 0.00367991
threshold=-0.26992054482321959 0.15661916966993647 -0.80818637710447161 -0.46488048361001511 1.1289461455440766 0.11007642924810405 0.19450231258392425 0.11663404663207691 1.4999582251567072 1.7384816416847761 -0.17841665553023284 1.3713076997182918 3.0842403339459241 0.72180397230409366 1.4909169745043929 -1.2412439768614789 0.37640127690967151 0.030258664713300656 -0.56947152332024087 0.99388071864896643 1.1958911208727343 1.4618456711801315 -1.0955907060533934 -0.11272828067028338 0.89153769417812267
decision_type=2 2 2 2 2 2 2 2 2 2 2 2 2 2 2 2 2 2 2 2 2 2 2 2 2
left_child=1 9 7 5 6 -4 13 8 19 14 -11 15 24 -3 16 -5 -1 18 -9 -2 -12 -19 -8 -7 -6
right_child=2 4 3 11 12 23 22 17 -10 10 20 -13 -14 -15 -16 -17 -18 21 -20 -21 -22 -23 -24 -25 -26
leaf_value=-0.015758524701267648 -0.076381940535254503 0.046080740082707572 0.050089511703212658 0.020306850967648431 -0.074308885564420765 -0.075058858888684757 0.060768635979339375 -0.074721816983039091 0.089060460875824088 0.066281934367038664 -0.077950454405720238 -0.0053304938582808686 0.045055982235942468 -0.073779781739640921 -0.012632339374408628 0.078567270536001224 -0.073478697610609961 -0.076430503103171565 0.035726006729085491 -0.0069866026466281293 -0.032416657757777162 -0.044479430479564402 0.081037425103178753 -0.081035099007810307 -0.078272368384484439
leaf_weight=5.337522752583026 3.4028641805052739 5.3973770290613157 8.225647374987604 5.6570845395326605 10.599306769669058 7.9017044678330421 5.6781049221754065 3.5705418139696121 4.7700828090310097 7.2881998568773296 10.804688096046446 6.1038743257522574 3.2453355640172949 4.7660547643899918 6.9457140043377867 185.65185546875 186.46070596575737 24.029701560735706 3.5547243878245345 3.0988748371601105 2.674026943743228 2.8530479446053496 31.748035058379173 3.1261524558067304 3.0071123763918868
leaf_count=31 24 24 31 23 80 55 27 26 19 33 76 28 15 23 39 907 1398 165 15 18 19 19 154 18 18
internal_value=-0.000194903 -0.0436005 0.0468572 0.0656959 0.0300759 -0.0225622 0.0591496 -0.0432874 0.0127094 -0.0652295 -0.0214686 0.0743037 -0.0520287 -0.0101268 -0.0698021 0.0768445 -0.0718724 -0.0618473 -0.0196205 -0.0433066 -0.0689171 -0.0730396 0.0779623 -0.076753 -0.0751848
internal_weight=545.898 283.952 261.946 216.666 64.4413 19.2535 47.5896 45.2798 11.2718 219.511 20.7669 197.413 16.8518 10.1634 198.744 191.309 191.798 34.008 7.12527 6.50174 13.4787 26.8827 37.4261 11.0279 13.6064
internal_count=3285 1937 1348 1062 341 104 228 286 61 1596 128 958 113 47 1468 930 1429 225 41 42 95 184 181 73 98
is_linear=0
shrinkage=0.1


Tree=37
num_leaves=21
num_cat=0
split_feature=38 198 161 86 24 89 35 89 35 167 114 20 49 166 57 142 110 43 191 166
split_gain=130.881 35.1514 22.722 13.291 12.7842 9.18609 8.35998 7.56722 5.97045 5.63565 4.5005 3.23063 2.60322 1.88364 1.30854 1.19874 0.10273 0.0793675 0.00557912 0.00269422
threshold=0.42123300390493718 0.78647576841116262 0.3585812058125703 1.2924199995924721 -0.55645603315269077 1.606174341299683 -0.57873629177064889 1.606174341299683 0.18301686565136685 1.7842336341678766 -0.55586205628918106 -0.79736367449433898 -2.1369003901939281 1.7349389814996783 1.0297042532912937 0.46268911813005359 0.7885660572061447 0.36681750725374368 1.3312478096061937 0.45041976380451682
decision_type=2 2 2 2 2 2 2 2 2 2 2 2 2 2 2 2 2 2 2 2
left_child=1 6 4 5 19 16 10 8 -6 11 -1 -4 -8 -14 18 -12 -3 -13 -5 -2
right_child=2 3 9 14 7 -7 12 -9 -10 -11 15 17 13 -15 -16 -17 -18 -19 -20 -21
leaf_value=0.06842082021708909 -0.073275586466882731 0.071792093339272944 0.02021819548062077 -0.077749842207362835 0.074051807606378278 -0.065293711109825292 0.013429479448838016 -0.063941184854002672 0.009404916074208557 0.08267215830339035 -0.0080646090234584127 -0.08767754938805869 -0.071124731320409057 0.017776387228905208 0.0094653316541547811 -0.087493457734509186 0.087744228851824368 -0.072414722937558601 -0.072553961306252204 -0.077356762100937268
leaf_weight=6.881689578294754 3.6081543788313857 4.8357713073492077 4.3155879080295625 2.981410086154936 199.37436244636774 4.7148514389991751 3.7992682084441176 4.3408121243119231 15.388715498149393 3.3339962959289542 4.3460662662982923 4.6972725987434414 206.19132248312235 2.4112016409635535 2.3182640969753256 3.3760425671935081 24.440263003110886 12.403326772153376 6.7346844300627708 2.9320146068930626
leaf_count=28 30 23 20 20 892 31 23 26 63 15 24 21 1754 10 15 19 99 93 61 18
internal_value=0.00047224 -0.0474147 0.0526883 0.0322719 0.0626651 0.064247 -0.0635711 0.0667775 0.0694196 -0.0382683 0.0096153 -0.0570959 -0.0686031 -0.0700971 -0.0580412 -0.0427902 0.0851093 -0.0766072 -0.0741483 -0.0751052
internal_weight=523.425 273.031 250.394 46.0252 225.644 33.9909 227.006 219.104 214.763 24.7502 14.6038 21.4162 212.402 208.603 12.0344 7.72211 29.276 17.1006 9.71609 6.54017
internal_count=3285 2107 1178 249 1029 153 1858 981 955 149 71 134 1787 1764 96 43 122 114 81 48
is_linear=0
shrinkage=0.1


Tree=38
num_leaves=24
num_cat=0
split_feature=3 24 7 3 7 47 90 38 184 50 71 186 22 116 172 106 108 53 69 89 22 8 25
split_gain=154.8 17.5677 18.1581 12.599 11.3821 10.9626 9.58235 7.93414 6.52165 2.22569 2.16599 3.66727 1.96103 1.17774 0.534292 0.517402 0.407697 0.116415 0.111004 0.0213844 0.0194102 0.0179888 0.00321107
threshold=1.4074966585119457 -0.57020068120972367 -0.10587013798178954 1.0566133772758046 -1.1233785736364033 1.2407516031592347 1.4333837495201669 0.90241903856152905 1.5281962746050917 -1.0161823901101987 0.7085471234994084 1.5982526707274927 -1.3112743456569855 0.080284965026009805 1.0727552007108152 1.1157441132906196 0.32675207075258972 -0.032733449087387768 0.12689972217566106 1.2479847775299602 -0.6395494226449504 -0.22589616715565683 -0.1849636059574625
decision_type=2 2 2 2 2 2 2 2 2 2 2 2 2 2 2 2 2 2 2 2 2 2 2
left_child=1 2 17 12 13 7 14 10 -6 -8 15 -12 -3 -5 -7 -2 -14 -1 22 -16 -19 -11 -4
right_child=5 3 18 4 8 6 9 -9 -10 21 11 -13 16 -15 19 -17 -18 20 -20 -21 -22 -23 -24
leaf_value=0.071230152153955659 0.058371764287536321 0.0045403259003577324 -0.072080035393987982 0.03252898474196439 -0.047336713767452201 -0.032512687867684083 0.0055761295124808078 -0.043784905451091205 0.071101417301369679 0.090055180561290471 -0.035707185988409142 0.085693452175617815 -0.045355864140882246 0.10102336385730032 -0.075416715845341292 0.081732128633052806 -0.072134665643197607 0.091646698967871476 -0.047560915277884211 -0.08602265261800919 0.084059649189029334 0.081347546702531734 -0.076318243988441281
leaf_weight=5.9853602498769787 10.089208245277403 3.4758751541376105 8.9394030496478045 4.049359127879141 54.480428509414196 3.4119807556271571 5.3749022483825675 5.5522517114877692 5.082916483283042 5.132493168115615 4.4176677688956243 5.6974053829908371 5.8730165883898726 6.6052887290716171 4.3900979608297348 157.36447663605213 177.9020637050271 6.9856652170419702 2.0400487035512915 3.3530710637569427 6.518396615982053 4.411849468946456 2.2345057204365739
leaf_count=26 43 23 86 20 381 23 21 32 20 20 23 24 49 22 31 706 1614 25 18 15 27 20 16
internal_value=-0.000281927 -0.047556 0.0214832 -0.0563253 -0.0202015 0.0652914 0.0046257 0.0739295 -0.0372296 0.0570452 0.0776102 0.0326728 -0.0698715 0.0749917 -0.0654818 0.0803246 -0.0712789 0.0828391 -0.0690113 -0.0800095 0.0879844 0.0860301 -0.0729276
internal_weight=499.368 290.172 32.7034 257.469 70.218 209.195 26.0744 183.121 59.5633 14.9192 177.569 10.1151 187.251 10.6546 11.1551 167.454 183.775 19.4894 13.214 7.74317 13.5041 9.54434 11.1739
internal_count=3285 2327 198 2129 443 958 130 828 401 61 796 47 1686 42 69 749 1663 78 120 46 52 40 102
is_linear=0
shrinkage=0.1


Tree=39
num_leaves=27
num_cat=0
split_feature=29 185 7 40 160 89 170 90 119 114 33 122 7 87 110 81 69 8 48 92 19 92 174 91 61 20
split_gain=96.5743 51.2769 23.1987 11.4606 11.2418 10.8928 8.18103 6.91042 4.53211 4.46465 3.5304 3.45629 3.00897 2.53458 2.29663 5.28849 1.96569 1.69448 1.58007 0.330252 0.0798348 0.0182504 0.00882407 0.00195436 0.00085315 0.000818918
threshold=-0.24053874377836962 1.0102404515981049 -0.10587013798178954 0.87392105763714323 -0.46488048361001511 1.1430242476733794 1.8280400527226743 1.6575891581611566 0.20679122534118508 -1.0810736007582828 1.4019018301077708 1.1370358541858827 -0.91679240216758273 1.0899911230466353 0.4945127388920359 0.70423428324693271 0.17457806267256784 0.38350930329980565 1.4701925518656049 0.39187858004289194 0.5804666356839544 -0.67990670057461489 0.49193468585428923 0.35728230612117945 2.0668166123359177 -0.23360282357505283
decision_type=2 2 2 2 2 2 2 2 2 2 2 2 2 2 2 2 2 2 2 2 2 2 2 2 2 2
left_child=2 4 14 5 8 11 10 13 -2 16 20 -4 -11 -8 15 23 -6 21 19 -16 -3 -5 -10 -1 -9 -7
right_child=1 6 3 17 9 25 7 24 22 12 -12 -13 -14 -15 18 -17 -18 -19 -20 -21 -22 -23 -24 -25 -26 -27
leaf_value=-0.075783878830687934 0.038861256908215402 -0.074615688291974749 0.080173256687655792 -0.074506068002412149 0.040330379956007578 -0.075603799555214291 0.0056436396647902799 -0.073261025627622253 -0.075493624270408191 -0.0066778155601022243 0.031565892456234743 -0.005799983631730783 0.074609622834873143 0.097783722442078891 -0.072984879046090564 0.036238604302798974 -0.058904199643885137 0.0042416535804772953 -0.021071052222663759 -0.0355285710760374 -0.055053724060301658 -0.08277190712895538 -0.082505424652589684 -0.072948664561977072 -0.075707504107064616 -0.073352797209807127
leaf_weight=3.412457354366782 5.9861709624528867 36.838271513581276 25.243420340120796 9.5560018420219421 4.5517054796218854 2.5505624786019325 5.2251718491315859 3.2736649811267844 4.0845094099640846 4.6692800745367995 3.4828893840312949 5.7392378672957411 184.07506069540977 6.964873805642128 145.25987560302019 6.918033353984355 3.5552872642874718 3.2014372944831839 6.256774589419364 2.3927113041281691 2.2114992812275878 3.7074894681572923 3.2015787363052368 8.4556607827544195 2.5247401595115662 4.4116158857941619
leaf_count=24 27 297 117 71 23 17 29 27 30 22 16 28 1003 24 1228 30 17 18 39 17 19 18 17 73 18 36
internal_value=-0.000238275 0.0401113 -0.0483235 0.00861695 0.0634715 0.0388491 -0.0409933 0.0155414 -0.0256077 0.0694775 -0.0649036 0.0642475 0.0725987 0.0582886 -0.0662632 -0.0332553 -0.00318852 -0.0610556 -0.0702922 -0.0723779 -0.0735078 -0.0768166 -0.0785747 -0.0737639 -0.0743263 -0.0741774
internal_weight=497.75 270.645 227.105 54.4098 210.124 37.9448 60.5211 17.9885 13.2723 196.851 42.5327 30.9827 188.744 12.19 172.696 18.7862 8.10699 16.4649 153.909 147.653 39.0498 13.2635 7.28609 11.8681 5.79841 6.96218
internal_count=3285 1569 1716 305 1139 198 430 98 74 1065 332 145 1025 53 1411 127 40 107 1284 1245 316 89 47 97 45 53
is_linear=0
shrinkage=0.1


Tree=40
num_leaves=19
num_cat=0
split_feature=38 20 89 195 24 33 89 156 19 9 166 49 156 62 120 167 168 180
split_gain=112.579 46.7968 12.613 11.966 9.83537 9.7558 7.59768 6.9301 6.74023 5.19117 4.55331 2.73566 2.31335 1.67963 0.95213 0.326966 0.152353 0.00245748
threshold=0.59874717533274602 -0.82585457421852493 1.5933257532988718 0.94637597733937551 -0.55645603315269077 -0.36049554418838836 1.6488185701231688 0.65126232210246304 0.54686632543613212 -0.098502789787408326 1.3705976495592944 0.45098328996847364 2.2949028035940766 1.1437460331594878 0.13689280579864471 -0.36594207205341661 -0.5585527558856006 0.35492701239233387
decision_type=2 2 2 2 2 2 2 2 2 2 2 2 2 2 2 2 2 2
left_child=1 3 4 6 -2 7 14 16 11 -9 12 -6 -7 17 -1 -4 -3 -5
right_child=2 5 15 13 8 10 -8 9 -10 -11 -12 -13 -14 -15 -16 -17 -18 -19
leaf_value=0.034497491885626945 -0.075353398257780924 -0.080293194707562965 -0.080282166090017482 -0.075681340877873204 0.076354099561887462 -0.070709977658714895 -0.062745000147529983 -0.037788010896736564 -0.027785990573270802 0.090367137776355133 0.01494782646783302 0.035738271132512101 0.017759056856399093 0.025331283109202019 0.08173914435935517 -0.035195867309593482 -0.050610591445599706 -0.071984790487778852
leaf_weight=4.8177050724625579 4.9037711620330802 5.4415431097149849 5.3381539583206177 2.547559402883051 155.99419938772917 195.75463874638081 4.3323264047503462 4.8355183973908451 7.036945551633834 9.1261599138379044 6.6171178296208373 18.555988766252995 3.0009990483522406 2.1688243597745887 37.271378047764301 2.3021476715803137 2.5346654355525997 6.1160970702767372
leaf_count=27 36 36 36 20 770 1826 32 22 37 37 38 74 14 12 170 17 20 61
internal_value=0.000520739 -0.0395343 0.0592348 0.0412683 0.0643941 -0.0598864 0.0633522 0.00349991 0.068168 0.0459816 -0.0666573 0.0720363 -0.0693742 -0.05337 0.0763317 -0.0666969 -0.0708607 -0.0730718
internal_weight=478.696 284.565 194.131 57.2539 186.491 227.311 46.4214 21.9379 181.587 13.9617 205.373 174.55 198.756 10.8325 42.0891 7.6403 7.97621 8.66366
internal_count=3285 2315 970 322 917 1993 229 115 881 59 1878 844 1840 93 197 53 56 81
is_linear=0
shrinkage=0.1


Tree=41
num_leaves=18
num_cat=0
split_feature=186 71 24 7 44 134 6 106 114 59 29 44 192 81 194 11 135
split_gain=133.102 26.0449 9.90662 9.04113 8.41775 8.65191 5.4377 5.35943 4.86923 4.23765 4.13536 3.40563 1.93551 1.28164 0.300689 0.0187932 7.36464e-06
threshold=1.0788704261743314 0.82414818113057442 -0.58908246305852441 -1.0000000180025095e-35 1.1300259034345601 -0.60579682205013718 0.21370224757168629 1.7560612743591411 -0.96327481995399478 -2.0986185625964877 1.1053262424515438 1.806778941548852 0.65937791676851421 1.1677858834254036 -0.53866824841512095 -0.57986724774041798 1.0000000180025095e-35
decision_type=2 2 2 2 2 2 2 2 2 2 2 2 2 2 2 2 2
left_child=2 4 3 -1 5 8 -4 14 -2 -8 12 -11 -6 -7 -3 -16 -5
right_child=1 7 6 16 10 13 9 -9 -10 11 -12 -13 -14 -15 15 -17 -18
leaf_value=0.086788781182849425 -0.048336297524745914 -0.036309894883528551 0.079188016027441382 -0.071524790891935239 0.031026740484175103 -0.011237194108462287 0.020845367573354968 0.089260690560112155 0.064880345483120647 -0.067699428354536739 -0.029912637810200315 0.017063740164760182 0.078431412193543437 -0.080836061825791644 -0.072717081750822074 -0.082306110389037027 -0.071298845657721655
leaf_weight=8.9381785392761213 4.3807288706302634 2.4100680127739968 2.7189951464533797 3.6918964385986319 9.1207160875201208 4.4468098729848844 5.8331458047032347 2.3945197165012351 28.59404868632555 194.05770315229893 3.7865705639123908 4.8587282299995413 154.71113879978657 6.532867893576622 14.515064030885702 2.3788159936666444 2.3678133860230446
leaf_count=38 30 19 12 39 43 22 26 9 133 1901 16 33 755 36 133 14 26
internal_value=-0.000286731 0.0524893 -0.0556261 0.0228598 0.0631901 0.0242383 -0.0612998 -0.0518496 0.0498394 -0.0631654 0.0734044 -0.065629 0.0757923 -0.0526483 -0.0693534 -0.0740673 -0.0714365
internal_weight=455.738 233.271 222.466 14.9979 211.573 43.9545 207.469 21.6985 32.9748 204.75 167.618 198.916 163.832 10.9797 19.3039 16.8939 6.05971
internal_count=3285 1210 2075 103 1035 221 1972 175 163 1960 814 1934 798 58 166 147 65
is_linear=0
shrinkage=0.1


Tree=42
num_leaves=27
num_cat=0
split_feature=7 29 92 160 185 119 162 60 155 48 122 156 194 110 72 110 40 115 79 105 130 134 64 50 29 115
split_gain=84.5548 34.362 33.3422 12.218 11.1083 6.17367 5.23054 3.9044 3.78265 3.69659 4.84254 3.5942 3.25261 3.21041 6.64715 2.7206 2.28286 1.39611 1.75696 0.660972 0.238853 0.19671 0.19293 0.074224 0.00781223 0.000866473
threshold=-0.26992054482321959 0.15661916966993647 -0.80818637710447161 -0.46488048361001511 1.1289461455440766 0.11007642924810405 0.19450231258392425 0.11663404663207691 1.4999582251567072 1.4217467485257729 1.2782555531707747 2.0601359086202069 1.7384816416847761 0.50215735360595015 1.1483307959950817 0.72180397230409366 0.96632939410875374 0.030258664713300656 0.42342248543800426 0.99572201015073314 1.4618456711801315 -1.0955907060533934 2.4909114462536524 -0.29912872891581016 -0.11272828067028338 -0.72784115798030247
decision_type=2 2 2 2 2 2 2 2 2 2 2 2 2 2 2 2 2 2 2 2 2 2 2 2 2 2
left_child=1 9 7 5 6 -4 15 8 19 13 -11 16 25 14 -1 -3 -5 18 -9 -2 -19 -8 -15 -12 -7 -6
right_child=2 4 3 11 12 24 21 17 -10 10 23 -13 -14 22 -16 -17 -18 20 -20 -21 -22 -23 -24 -25 -26 -27
leaf_value=-0.064064587662355371 -0.074267855730037788 0.039623071590877773 0.047274419665846869 0.075516138475866273 -0.074573589051342287 -0.073207850071497216 0.055755120003494356 -0.076092674608971261 0.084361927340058943 0.051320841440676702 -0.073905222623884589 -0.0054540273923805276 0.046676718119188471 -0.072675469988539118 0.072624237111942727 -0.07101925537781259 0.0042991960304687308 -0.074799976240554109 0.031358346868452604 -0.0045575766076305117 -0.04139307877929068 0.077760769744540922 -0.055153875096101937 -0.052493277558725938 -0.079659433642189109 -0.072471956419190672
leaf_weight=13.219212934374811 2.8721098676323873 4.7125559002161008 7.5661457031965282 153.78595729917288 2.5404137000441542 6.4027660191059121 4.8078047186136237 2.781181342899802 4.2759187445044518 6.313602611422537 5.2274572849273682 5.9942390248179427 2.8546054288744918 141.94000833109021 4.8677644431591025 4.2058392912149429 4.6367498636245719 19.759927384555343 3.3604198545217514 2.5837639719247818 2.400188982486724 26.192965462803844 6.5753348171710959 2.345279835164547 2.6552716344594929 8.6121805608272535
leaf_count=98 25 24 31 908 20 55 27 24 19 35 42 28 12 1320 22 23 22 165 17 17 19 154 61 18 18 81
internal_value=-0.000252439 -0.0419959 0.0444141 0.0622952 0.0280481 -0.0194034 0.0549329 -0.040701 0.0139382 -0.0629237 -0.0133533 0.0705558 -0.0485711 -0.0670554 -0.0272774 -0.0125549 0.0734317 -0.0594891 -0.0173001 -0.0412548 -0.0711816 0.074348 -0.0718997 -0.0672739 -0.0750991 -0.0729507
internal_weight=453.49 234.415 219.075 181.041 53.9264 16.6242 39.9192 38.0335 9.73179 180.489 13.8863 164.417 14.0072 166.602 18.087 8.9184 158.423 28.3017 6.1416 5.45587 22.1601 31.0008 148.515 7.57274 9.05804 11.1526
internal_count=3285 1937 1348 1062 341 104 228 286 61 1596 95 958 113 1501 120 47 930 225 41 42 184 181 1381 60 73 101
is_linear=0
shrinkage=0.1


Tree=43
num_leaves=23
num_cat=0
split_feature=37 20 162 86 24 11 114 49 61 35 184 156 119 166 26 84 20 93 50 138 24 191
split_gain=96.8009 20.9793 20.824 13.0394 11.2481 8.74897 5.87229 5.77632 11.1733 5.38999 4.22819 3.12164 3.03615 2.2061 2.05183 1.0048 0.64265 0.287853 0.107089 0.0738662 0.00834724 0.00342059
threshold=-0.27503395854644774 -0.82585457421852493 0.19450231258392425 1.0046433238774395 -0.5389893846754602 -0.86781930480514646 -1.5526213605229542 0.27134038869618132 1.2028866269176051 -0.61199179418538063 1.4870039499889531 0.86940566968985655 1.574039241133643 1.7798294029681527 0.55864209310498125 -1.9015208249102693 -0.81355044179543834 0.86863670712482977 -0.31659661189316218 1.4897858872049083 -0.57371967632279608 1.3312478096061937
decision_type=2 2 2 2 2 2 2 2 2 2 2 2 2 2 2 2 2 2 2 2 2 2
left_child=2 3 4 12 14 18 -7 10 -9 11 -6 -3 19 15 20 -11 -8 21 -4 -2 -1 -5
right_child=1 9 5 17 7 6 16 8 -10 13 -12 -13 -14 -15 -16 -17 -18 -19 -20 -21 -22 -23
leaf_value=-0.072360214141783424 0.0786369267956879 -0.062750595109711649 0.080154621497223966 -0.075588991099358419 0.074245593873001101 0.073558271789651797 -0.02212221195564109 0.061511869116773976 -0.071527929549617633 -0.012054515048252692 -0.025805911954511623 0.057103959393041276 -0.01296311529343866 0.03945778048821208 0.02801484624560099 -0.070255290253550248 -0.072408174348249768 -0.0301860373185345 0.056734214507548689 0.094056085418723526 -0.079624862304991384 -0.071291375913654323
leaf_weight=4.7121457606554031 15.1054257452488 3.5360165163874608 4.1624586582183838 2.5109626650810224 149.59540630877018 3.3866779059171703 2.867674961686137 22.584608703851703 8.7617633119225484 3.0234676674008361 4.3465627804398528 5.6377916485071182 4.1112107634544364 1.8921869993209828 2.6724106967449188 157.00113655626774 22.340399645268917 1.9412826821207989 3.6769865900278083 3.9113665968179694 2.3807889297604543 7.0573478788137436
leaf_count=46 76 28 21 20 806 13 15 97 40 26 18 23 24 7 14 1671 196 16 19 15 15 79
internal_value=0.000619346 -0.0492931 0.0449776 0.021679 0.0579403 -0.0244193 -0.0500773 0.0634532 0.0243253 -0.0636615 0.0714206 0.0109064 0.0649619 -0.0678864 -0.0466624 -0.0691557 -0.0666876 -0.0652959 0.0691696 0.0818083 -0.0747986 -0.0724192
internal_weight=437.216 205.728 231.488 34.6376 195.054 36.4342 28.5948 185.288 31.3464 171.091 153.942 9.17381 23.128 161.917 9.76535 160.025 25.2081 11.5096 7.83945 19.0168 7.09293 9.56831
internal_count=3285 1985 1300 230 1036 264 224 961 137 1755 824 51 115 1704 75 1697 211 115 40 91 61 99
is_linear=0
shrinkage=0.1


Tree=44
num_leaves=22
num_cat=0
split_feature=3 186 37 47 8 90 81 38 22 78 106 170 109 196 162 71 186 71 106 19 9
split_gain=115.069 14.0502 10.5787 8.89684 8.48405 7.61634 6.4384 6.13107 3.93063 8.5996 2.81163 2.77894 2.58382 2.19672 1.99165 1.82586 2.79837 0.621737 0.52285 0.136353 0.0364916
threshold=1.4074966585119457 1.0645902329271515 -0.29731556584074531 1.2407516031592347 1.4366274729994213 1.6333157808067253 1.2329797645574525 0.90241903856152905 -0.98302798856808582 0.6599007647140217 1.3545039872226254 1.1033510606945187 1.471622249733874 1.6117617760606786 1.0000000180025095e-35 0.7085471234994084 1.5982526707274927 0.44874040032457868 1.1157441132906196 0.5188482016138013 0.18327561871849196
decision_type=2 2 2 2 2 2 2 2 2 2 2 2 2 2 2 2 2 2 2 2 2
left_child=1 4 14 7 8 11 17 15 9 -1 -8 12 -5 -10 19 18 -17 -4 -2 -3 -13
right_child=3 2 6 5 -6 -7 10 -9 13 -11 -12 20 -14 -15 -16 16 -18 -19 -20 -21 -22
leaf_value=0.046834690610181522 0.052657954970429077 -0.073411800397878077 0.083711135821155427 -0.059039865250446903 0.07541729961744309 0.079472462470060054 -0.056229525739623622 -0.040828019746324801 -0.068811523677192163 -0.070667756302492182 0.046498072499301331 -0.075580909671289331 0.067991552088739179 0.042057536045537275 0.00161242557823297 -0.033023363241246599 0.080923469044241095 0.040828317298093303 0.077894993914723501 -0.045503351075704107 -0.089358423429397649
leaf_weight=10.074092730879785 8.760774299502371 14.536224894225603 14.705816283822065 3.0689925178885478 4.639406517148017 8.170745983719824 7.6199267208576185 4.8418212383985511 154.79957163706422 16.316554129123688 4.0967316627502441 4.5066553503274918 3.3478311449289322 1.8079955950379361 5.0671692714095107 3.955665744841097 4.7353511452674866 4.3903195783495894 130.3858231306076 1.9903283938765515 3.3525500670075417
leaf_count=61 43 138 66 27 24 39 50 32 1711 174 20 33 17 11 31 23 24 24 706 17 14
internal_value=-0.000376495 -0.0453438 0.000434843 0.0612598 -0.0581296 0.0024763 0.0380464 0.0699021 -0.0615153 -0.0258136 -0.0203108 -0.0415917 0.00723587 -0.0675316 -0.0532343 0.0735286 0.0290612 0.0738521 0.0763061 -0.0700507 -0.0814581
internal_weight=415.17 240.044 52.4065 175.126 187.638 22.4468 30.8128 152.679 182.998 26.3906 11.7167 14.276 6.41682 156.608 21.5937 147.838 8.69102 19.0961 139.147 16.5266 7.85921
internal_count=3285 2327 346 958 1981 130 160 828 1957 235 70 91 44 1722 186 796 47 90 749 155 47
is_linear=0
shrinkage=0.1


Tree=45
num_leaves=23
num_cat=0
split_feature=92 7 30 160 7 40 90 119 162 40 48 122 90 13 90 9 12 115 164 119 83 106
split_gain=73.4434 36.8506 12.5466 12.1497 10.0268 6.04936 5.9855 5.97998 5.94162 4.02454 3.77646 3.36754 3.09157 2.27908 1.87924 1.71487 1.28991 1.24715 1.22788 1.15245 0.231086 0.00109946
threshold=-0.62207486480550978 -0.44313843823558313 0.036952119367625123 -0.46488048361001511 0.092286233010881832 0.78330224812818894 1.3150138824234592 -0.012748567870386035 0.19450231258392425 0.96632939410875374 1.4701925518656049 1.2782555531707747 1.4072370746737504 -0.28891776307125794 1.0868605075850837 0.6958753938346417 -0.010434082215136269 -0.4114480506153565 0.63744809332129482 -0.060464081087267273 1.2034878440172108 0.403379205037738
decision_type=2 2 2 2 2 2 2 2 2 2 2 2 2 2 2 2 2 2 2 2 2 2
left_child=4 2 8 7 13 6 18 -3 15 12 16 -12 -5 -1 -10 -2 -4 -15 -6 -19 -9 -7
right_child=1 3 10 9 5 21 -8 20 14 -11 11 -13 -14 17 -16 -17 -18 19 -20 -21 -22 -23
leaf_value=0.016692525683345696 -0.074693216922841241 0.060269715271440066 -0.072062935526188934 0.071603935853491119 0.089991373930205176 -0.072488820005230992 -0.072536467958464204 -0.073925357812907155 0.077651574065673246 -0.014325701073131421 0.075820574089048021 -0.059267670722686273 -0.031552172308013528 -0.0057518183096225348 0.0033808518060982327 0.020979783885294381 -0.008490072612391826 -0.017998224690702527 0.021543614402022793 -0.06973571584284366 -0.036371838215027305 -0.075063803474020488
leaf_weight=3.3888705372810355 5.3780731484293955 5.5973117202520397 38.308169022202492 151.61105229705572 9.357943341135984 3.7314764261245719 3.7534329369664183 8.848707050085066 14.54692715406418 5.9291547909378997 3.8325386047363272 3.5589680150151253 2.9620525687932959 3.3089245259761801 4.4486564695835105 2.8750464990735054 3.4817229360342017 4.4608234390616408 3.6403404697775832 123.55488539114594 2.0109879598021498 2.9843263775110245
leaf_count=23 46 23 344 980 45 35 36 78 93 36 20 28 19 23 29 20 29 34 23 1280 19 22
internal_value=-0.000303217 0.033073 -0.0249543 0.0581355 -0.0537684 0.0065535 0.0387005 -0.0236944 0.0294783 0.0665259 -0.0551124 0.0107764 0.0696272 -0.0642767 0.0602578 -0.0413647 -0.0667664 -0.0663661 0.0708217 -0.0679329 -0.0669712 -0.0736331
internal_weight=411.57 253.389 76.4301 176.959 158.181 23.4675 16.7517 16.457 27.2487 160.502 49.1814 7.39151 154.573 134.714 18.9956 8.25312 41.7899 131.325 12.9983 128.016 10.8597 6.7158
internal_count=3285 1764 609 1155 1521 161 104 120 188 1035 421 48 999 1360 122 66 373 1337 68 1314 97 57
is_linear=0
shrinkage=0.1


Tree=46
num_leaves=18
num_cat=0
split_feature=162 24 33 198 37 168 7 3 20 40 165 20 86 86 33 20 118
split_gain=84.2693 32.1214 15.9507 14.0145 9.94801 8.16281 5.69569 5.27472 3.74247 2.30008 2.28914 1.35578 3.60223 0.391512 0.0152305 0.012027 0.000832407
threshold=0.19450231258392425 -0.5399133374217201 0.074544172683139079 0.7898226407964305 -0.80938917006530675 0.19017162460968565 -1.4667728469523589 0.19945065850566354 -1.0563844090473047 1.2959791812163626 0.70701256199376383 -0.82585457421852493 0.62459292665123523 1.0262186910566349 -0.53774049395079948 -0.43367581799113969 1.0466732758213841
decision_type=2 2 2 2 2 2 2 2 2 2 2 2 2 2 2 2 2
left_child=1 9 6 5 10 -4 -3 -8 -6 15 -2 12 -10 -5 -13 -1 -17
right_child=4 2 3 13 8 -7 7 -9 11 -11 -12 14 -14 -15 -16 16 -18
leaf_value=-0.080044512288693165 -0.021324648457684808 -0.068649259366165769 -0.065583805580933172 0.082269467778582683 0.059182551890766655 0.048377304235213733 -0.027566102951969901 0.069513986862203836 0.060708698533754352 0.043396197175036566 0.073496120591684977 -0.079812876806692204 -0.065928084972673967 0.046653985727099397 -0.071465065650858625 -0.071363807066883209 -0.073580127582780208
leaf_weight=1.7793150544166625 4.3128163889050466 3.1945485323667517 25.469165496528149 12.971836447715761 2.3401250913739196 8.3445888273417932 5.7978654578328124 161.38440353423357 2.8946672528982154 1.8451895713806141 6.2150776386260986 2.2260463386774054 10.027059353888033 4.0502166450023642 120.27857058122754 22.65850788354874 1.831597551703452
leaf_count=11 30 24 227 66 15 39 34 937 13 9 30 16 102 25 1429 262 16
internal_value=0.000652103 0.0361561 0.0489521 -0.000207162 -0.0590407 -0.0374604 0.0636198 0.0661473 -0.0662006 -0.0645258 0.0346522 -0.0683672 -0.0375595 0.0737951 -0.0716168 -0.0721063 -0.0715296
internal_weight=397.622 249.327 221.213 50.8358 148.294 33.8138 170.377 167.182 137.766 28.1146 10.5279 135.426 12.9217 17.0221 122.505 26.2694 24.4901
internal_count=3285 1650 1352 357 1635 266 995 971 1575 298 60 1560 115 91 1445 289 278
is_linear=0
shrinkage=0.1


Tree=47
num_leaves=22
num_cat=0
split_feature=3 71 24 7 47 89 145 136 7 20 31 174 59 11 164 122 14 126 77 91 34
split_gain=100.086 16.43 10.6156 11.6834 9.10988 5.40341 5.38648 5.35882 4.40997 8.99764 2.50998 1.78097 1.39184 0.916096 0.402615 0.401336 0.252107 0.0723588 0.00988623 0.00444941 0.00245828
threshold=1.2125974755194091 0.7204561883995898 -0.57020068120972367 -0.237270769652389 1.2930759352824681 1.7537821689591471 -0.26076534464855572 1.4063085434684293 -0.94733736676947322 -0.79736367449433898 0.58477585590547776 0.32098778863333505 -2.0986185625964877 -0.47653301577674084 -1.3544703593140859 0.61108882529342645 0.25579521220812135 0.8657193491226659 -0.92842183349298979 1.0549144322896649 -0.032023508788740343
decision_type=2 2 2 2 2 2 2 2 2 2 2 2 2 2 2 2 2 2 2 2 2
left_child=2 4 3 18 6 13 -2 16 9 19 -8 -11 -10 15 -14 -3 -6 20 -1 -4 -5
right_child=1 5 8 17 7 -7 10 -9 12 11 -12 -13 14 -15 -16 -17 -18 -19 -20 -21 -22
leaf_value=0.083789046853114404 -0.030553175414264791 -0.031137512759287111 -0.071090468485051739 -0.07046503796240712 -0.078879770060790416 0.079534782849979724 0.072421379362245533 0.058792564526642513 0.0040067842968358877 0.010082476954092428 -0.013826230085715888 0.098814770790446441 -0.031854608861794691 0.0076795342363022339 -0.07049709881567541 -0.073500773813044498 -0.041441366416878164 -0.047001138216831877 0.077958507765043275 -0.076318781395024349 -0.074812927436571627
leaf_weight=5.5496148467063904 5.4668259322643271 2.727212287485604 11.928387600928547 6.6696484982967368 5.8467447906732541 3.4519897103309622 149.20603004097939 5.6000654250383368 2.6088674291968337 4.3325109183788282 3.4523103088140479 4.7331884205341339 2.7512850388884535 1.9062981978058822 134.78990234062076 12.423402629792689 2.5978579893708229 1.4364967793226231 6.1097999066114443 1.8849292770028103 1.6153403669595707
leaf_count=25 34 23 143 89 40 19 869 29 14 28 20 16 28 16 1666 126 20 18 34 14 14
internal_value=-0.000356667 0.0500444 -0.0530176 0.0132345 0.0601228 -0.0345633 0.0669782 -0.0170603 -0.0617064 -0.021 0.0704709 0.0564095 -0.0683516 -0.0576546 -0.0697241 -0.0658751 -0.0673624 -0.0677203 0.0807337 -0.0718039 -0.0713128
internal_weight=377.089 192.679 184.41 21.3809 172.17 20.5089 158.125 14.0447 163.029 22.879 152.658 9.0657 140.15 17.0569 137.541 15.1506 8.4446 9.72149 11.6594 13.8133 8.28499
internal_count=3285 1196 2089 180 1012 184 923 89 1909 201 889 44 1708 165 1694 149 60 121 59 157 103
is_linear=0
shrinkage=0.1


Tree=48
num_leaves=24
num_cat=0
split_feature=7 92 29 160 90 119 48 40 19 156 60 38 33 110 172 115 160 128 161 87 190 165 33
split_gain=63.967 28.3732 19.9992 11.236 6.77795 6.03479 4.49027 4.44766 4.12081 3.86447 3.72732 3.37288 3.15742 2.37469 1.28293 0.995788 1.49221 0.860945 0.418307 0.394275 0.211659 0.00548776 0.00416654
threshold=-0.35651367763640868 -0.80818637710447161 0.22010803631230264 -0.46488048361001511 1.3253393877062478 0.11007642924810405 1.4217467485257729 0.96632939410875374 0.49959003003848795 2.2949028035940766 0.11663404663207691 0.72013881058718954 0.34326050679231507 0.32072368506629617 1.7498769810509789 0.025619410563099503 -0.46488048361001511 -0.26039269997631054 0.81567505168183152 -0.325500731533931 -0.080239697775261257 0.23144872081639908 0.78081559572359438
decision_type=2 2 2 2 2 2 2 2 2 2 2 2 2 2 2 2 2 2 2 2 2 2 2
left_child=2 10 6 5 12 -3 13 9 18 -5 11 -2 -4 -1 22 16 -12 -15 -8 -14 -17 -7 -6
right_child=1 3 4 7 14 21 8 -9 -10 -11 15 -13 19 17 -16 20 -18 -19 -20 -21 -22 -23 -24
leaf_value=-0.0010106185429394913 0.054262997094016545 0.047535354004826391 -0.029117505986000432 0.071240001103662756 -0.071181011683281864 -0.07198138530941238 -0.072466723583697032 -0.017846748837776004 0.061638368322800521 -0.043866929023203376 -0.075008060033750934 -0.071206410470267184 0.039872291515879947 -0.0070672443828410569 0.018472126172206647 -0.073143144534902338 0.023501446691682276 -0.070254312663082505 -0.018420382914452825 0.076024308834872767 -0.038933592778474239 -0.077985411686449235 -0.076567594536100958
leaf_weight=5.3364773839712134 6.4540316537022573 7.2899855971336391 3.8866082653403309 136.94193241000175 4.1952114850282651 7.6942542195320112 4.5696311444044095 6.1878063529729834 5.4677969142794609 2.9801428392529479 2.9835706576704979 3.2072059437632561 3.698587134480479 2.1951664984226218 2.017073392868042 19.205467805266384 3.173099339008334 121.94553974270821 2.0856970101594925 16.363150492310524 1.9966226071119297 1.8978235200047491 2.1833048164844513
leaf_count=36 35 32 28 979 49 82 45 38 34 16 28 37 28 21 14 200 21 1379 17 113 20 16 17
internal_value=-0.000324826 0.0382447 -0.0446745 0.0561946 0.0262729 -0.0210468 -0.0608801 0.0651194 -0.00268408 0.0687884 -0.040785 0.0126114 0.0533774 -0.0663291 -0.0510423 -0.059641 -0.024237 -0.069137 -0.0555293 0.0693593 -0.0699216 -0.0731693 -0.0730248
internal_weight=373.956 200.012 173.944 162.992 32.3439 16.8821 141.6 146.11 12.1231 139.922 37.02 9.66124 23.9483 129.477 8.39559 27.3588 6.15667 124.141 6.65533 20.0617 21.2021 9.59208 6.37852
internal_count=3285 1504 1781 1163 249 130 1532 1033 96 995 341 72 169 1436 80 269 49 1400 62 141 220 98 66
is_linear=0
shrinkage=0.1


Tree=49
num_leaves=19
num_cat=0
split_feature=162 24 33 198 37 167 89 33 119 20 87 20 86 173 22 86 20 33
split_gain=73.2784 27.7466 12.9818 11.5488 8.7751 7.22937 4.90983 4.66999 4.17678 2.5606 2.4612 1.19665 3.19231 0.662374 0.645339 0.397586 0.0174631 0.0129623
threshold=0.19450231258392425 -0.52368520094841686 0.074544172683139079 0.7898226407964305 -0.75250146054684586 0.45146383194043188 1.606174341299683 -0.73546542112372404 -0.097685069052896617 -1.0563844090473047 -0.035940016074115809 -0.82585457421852493 0.62459292665123523 0.32114624589134649 0.24247620978873122 1.0262186910566349 -0.43367581799113969 -0.53774049395079948
decision_type=2 2 2 2 2 2 2 2 2 2 2 2 2 2 2 2 2 2
left_child=1 7 6 5 10 -4 8 -1 -3 -6 13 12 -11 -2 16 -5 -9 -13
right_child=4 2 3 15 9 -7 -8 14 -10 11 -12 17 -14 -15 -16 -17 -18 -19
leaf_value=0.060966411672939563 0.079588121700459313 -0.00050727170506619662 -0.059192323940339756 0.08056316892690274 0.052470182045880748 0.06291796836994383 -0.054616846373979268 -0.078967297252965779 0.069515526286422144 0.057362316448081208 -0.04550182858648158 -0.078944874451393032 -0.066221367687534019 0.019939132049045551 -0.0050760069361531074 0.043491109674935351 -0.070945110419981569 -0.070897226228872831
leaf_weight=3.1297211274504688 4.87877456843853 9.0681259930133802 23.963863506913189 11.80700997263193 1.7973335236310948 6.0780873484909526 3.4957839027047148 3.0909561514854493 140.54407559335232 2.7270859330892554 3.3478864654898626 2.0397521480917922 8.9495777301490289 3.0103292912244797 1.5314858853816975 3.8317835852503768 22.223220456391573 106.55711553618312
leaf_count=18 27 52 221 66 13 27 26 23 894 13 22 16 101 21 14 25 284 1422
internal_value=0.000709871 0.0350518 0.0485755 0.00179075 -0.0582229 -0.034487 0.0625341 -0.0546341 0.0652714 -0.0660071 0.0263399 -0.0677776 -0.0373584 0.0568272 -0.0681111 0.0714799 -0.0719246 -0.0710484
internal_weight=362.072 228.764 198.789 45.6807 133.308 30.042 153.108 29.9754 149.612 122.071 11.237 120.274 11.6767 7.8891 26.8457 15.6388 25.3142 108.597
internal_count=3285 1650 1311 339 1635 248 972 339 946 1565 70 1552 114 48 321 91 307 1438
is_linear=0
shrinkage=0.1


Tree=50
num_leaves=23
num_cat=0
split_feature=3 71 24 7 47 7 7 20 38 106 106 31 174 59 164 91 86 126 184 53 91 34
split_gain=86.7298 14.0992 9.31271 10.1797 8.4033 6.57051 4.04548 7.87821 3.72778 3.57014 3.53371 2.12047 1.55384 1.30619 0.409258 0.293776 0.171639 0.0768089 0.00841137 0.00732126 0.00327408 0.002018
threshold=1.2125974755194091 0.82414818113057442 -0.57020068120972367 -0.237270769652389 1.2407516031592347 -0.97028347007809768 -0.94733736676947322 -0.79736367449433898 0.90241903856152905 1.7560612743591411 1.7560612743591411 0.56811671873044212 0.32098778863333505 -2.0986185625964877 -1.3544703593140859 1.5662646969002134 0.4942183986615209 0.8657193491226659 1.3153527810331702 0.37898552684874892 1.0549144322896649 1.0000000180025095e-35
decision_type=2 2 2 2 2 2 2 2 2 2 2 2 2 2 2 2 2 2 2 2 2 2
left_child=2 4 3 19 8 16 7 20 11 15 -7 -2 -9 -8 -15 18 -6 21 -3 -1 -4 -5
right_child=1 9 6 17 5 10 13 12 -10 -11 -12 -13 -14 14 -16 -17 -18 -19 -20 -21 -22 -23
leaf_value=0.07626978306143084 0.070996034937142558 -0.070896113737491981 -0.070586031475596014 -0.070013824502666744 0.061388166011143164 -0.060858194582674378 0.0038021197386415443 0.0096055062938585969 -0.03257528681389165 0.081831804046683124 0.058950237753876228 -0.010790860612166145 0.094524758041970899 -0.029662463526079104 -0.069903282304951284 -0.028160746367495777 0.090678264958850258 -0.044634312435599836 -0.07856044205006836 0.081535294231895289 -0.075287809321087695 -0.074222107914909824
leaf_weight=5.07442355155945 131.38887396454811 8.997159503400324 10.694635219872 6.007631376385687 4.4720921292901057 12.283841870725153 2.5104522705078116 4.1988332793116552 3.7109763994812957 1.883651316165923 3.0788603201508513 3.2484202906489363 4.4260953962802887 2.5813974253833285 120.68652246892452 1.7724026106297959 3.6202511340379715 1.3204867318272588 1.7029477879405011 5.5055928826332092 1.7191036641597737 1.4062134623527525
leaf_count=32 846 113 143 90 27 92 14 28 24 9 18 20 16 28 1666 17 16 18 14 27 14 13
internal_value=-0.000396019 0.0484871 -0.0522299 0.0130471 0.0569141 0.00156635 -0.0608173 -0.02023 0.0662975 -0.04649 -0.0368472 0.0690227 0.0531839 -0.0676063 -0.0690606 -0.0658697 0.0744916 -0.0668544 -0.0721159 0.0790098 -0.0712372 -0.070812
internal_weight=342.291 176.159 166.131 19.3143 161.803 23.455 146.817 21.0387 138.348 14.3562 15.3627 134.637 8.62493 125.778 123.268 12.4725 8.09234 8.73433 10.7001 10.58 12.4137 7.41384
internal_count=3285 1196 2089 180 1043 153 1909 201 890 153 110 866 44 1708 1694 144 43 121 127 59 157 103
is_linear=0
shrinkage=0.1


Tree=51
num_leaves=26
num_cat=0
split_feature=7 29 92 160 160 119 90 156 60 194 69 196 155 6 9 186 115 77 116 91 81 130 183 137 77
split_gain=55.4154 22.6486 21.5016 7.91433 7.46193 4.27389 4.11413 3.27947 3.01345 2.97494 5.17144 2.95635 2.85583 1.9084 1.74058 1.20763 1.0931 1.1247 0.510184 0.450488 0.317886 0.234403 0.00525599 0.00321618 0.000310317
threshold=-0.26992054482321959 0.15661916966993647 -0.80818637710447161 -0.46488048361001511 -0.46488048361001511 0.11007642924810405 1.4333837495201669 2.0601359086202069 0.11663404663207691 1.7384816416847761 -0.17841665553023284 1.5145506536607274 1.4999582251567072 0.47013431739693118 1.369038921317395 0.32658100491350289 0.030258664713300656 -0.61029827154695149 0.79895704025686032 1.8539893236347513 1.243824294489164 1.4927722083493216 1.3113328103867101 1.0839010318349669 -1.4902677868833689
decision_type=2 2 2 2 2 2 2 2 2 2 2 2 2 2 2 2 2 2 2 2 2 2 2 2 2
left_child=1 9 8 5 23 -4 11 13 12 14 -11 -6 18 -5 15 -1 17 -10 -2 -8 -12 -18 -7 -3 -25
right_child=2 4 3 7 6 22 19 -9 16 10 20 -13 -14 -15 -16 -17 21 -19 -20 -21 -22 -23 -24 24 -26
leaf_value=-0.0040988365473049061 -0.0043483391865326224 -0.075859567549744711 0.040689764319787131 5.9433124815384175e-06 0.06671580746199221 -0.071284264030746114 -0.072216014146992455 -0.012294136560406179 0.023373036803846035 0.062361959321615895 -0.073844078918690687 -0.044465405231612597 0.080330232797777387 0.071400596056049287 0.037360328833340749 -0.067958987095505755 -0.072917823348667365 -0.074318622531065567 -0.073517646954629381 -0.0063142334191765917 -0.023287439283625394 -0.033995783181485884 -0.077785940922679694 -0.072040685723733941 -0.070363013687303716
leaf_weight=3.0397497937083235 2.0762434750795391 2.0680297911167136 6.6679869964718801 3.8711396977305403 27.420750454068187 4.9101688116788864 2.6860276386141768 5.1729119196534148 2.9913098886609077 5.2395853400230399 6.7672833614051324 2.6201508045196524 3.6808850318193436 114.01890080422163 1.642117291688918 114.65716206282377 14.636224627494814 1.9445797279477144 2.1923120617866516 1.6898218989372251 1.5237298011779783 1.7301992774009693 1.6650003194808958 1.9515006132423875 2.5343564338982105
leaf_count=26 20 17 31 21 208 58 29 28 19 33 78 16 19 909 12 1430 166 22 22 15 17 18 15 21 35
internal_value=-0.000368427 -0.0398015 0.0410373 0.0577321 0.0251999 -0.0157223 0.0438231 0.0656367 -0.0367561 -0.0598448 -0.0154063 0.0570186 0.0157853 0.0690562 -0.0648832 -0.0663097 -0.0563631 -0.0151143 -0.0398734 -0.0467667 -0.0645527 -0.0688031 -0.0729307 -0.072597 -0.0710929
internal_weight=339.398 173.84 165.558 136.306 40.9706 13.2432 34.4168 123.063 29.2518 132.87 13.5306 30.0409 7.94944 117.89 119.339 117.697 21.3023 4.93589 4.26856 4.37585 8.29101 16.3664 6.57517 6.55389 4.48586
internal_count=3285 1937 1348 1062 341 104 268 958 286 1596 128 224 61 930 1468 1456 225 41 42 44 95 184 73 73 56
is_linear=0
shrinkage=0.1


Tree=52
num_leaves=20
num_cat=0
split_feature=162 24 40 122 37 198 90 87 161 20 192 40 153 179 149 33 20 166 118
split_gain=63.9091 23.8228 11.8631 12.8665 7.68666 7.09589 5.4844 2.65316 2.60934 2.30958 3.47904 2.07148 1.05524 0.942645 0.729158 0.0110488 0.00696845 0.00428987 0.000626106
threshold=0.19450231258392425 -0.5399133374217201 0.67743277558430293 0.95526842639552811 -0.75250146054684586 0.78647576841116262 1.5641574404569205 -0.027977483343346366 0.3585812058125703 -0.82585457421852493 0.84265326205658131 1.3085733144384724 1.6957175049363082 0.85468379825860319 0.71050584832464381 -0.53774049395079948 -0.43367581799113969 1.626080609538896 1.1213226646812131
decision_type=2 2 2 2 2 2 2 2 2 2 2 2 2 2 2 2 2 2 2
left_child=1 11 3 5 7 -3 -5 14 12 10 -6 16 -4 -12 -2 -11 -1 -17 -18
right_child=4 2 8 6 9 -7 -8 -9 -10 15 13 -13 -14 -15 -16 17 18 -19 -20
leaf_value=-0.077543337198513321 0.077953299688166736 -0.053445373663295784 0.073609503324341949 0.064053730591228292 0.058822625227582387 0.06382929895004491 -0.058362335997639951 -0.057029724226280824 0.0036454011900122693 -0.07822613756628477 -0.073591166384082293 0.049162372682947229 0.041540165462536083 0.012405142446330581 0.013106380572043963 -0.070360259304436332 -0.070321823921854917 -0.076036531337049726 -0.07252163084877139
leaf_weight=1.502939123660332 4.9347999170422554 27.111369114369154 94.127383761107922 37.586231589317322 3.5544942840933791 6.3720019906759253 4.0545481815934172 2.9152591004967672 6.2558499351143828 1.8586067035794247 7.2333860397338849 1.5397462248802174 11.515877828001974 1.5473043359816072 2.6733157858252525 93.684541646391153 18.220067009329799 1.3506227359175671 1.3927337378263462
leaf_count=11 30 250 664 239 19 42 44 20 36 16 94 8 77 14 20 1411 265 11 14
internal_value=0.000743865 0.03403 0.0457617 0.0150238 -0.0575381 -0.0311276 0.0521341 0.0240859 0.0663977 -0.065402 -0.0246477 -0.0628156 0.0701137 -0.0584372 0.0551676 -0.0705903 -0.0709809 -0.0704409 -0.070478
internal_weight=329.431 209.679 187.023 75.1242 119.752 33.4834 41.6408 10.5234 111.899 109.229 12.3352 22.6555 105.643 8.78069 7.60812 96.8938 21.1157 95.0352 19.6128
internal_count=3285 1650 1352 575 1635 292 283 70 777 1565 127 298 741 108 50 1438 290 1422 279
is_linear=0
shrinkage=0.1


Tree=53
num_leaves=24
num_cat=0
split_feature=3 71 24 7 47 143 0 89 7 20 31 118 174 59 71 118 172 6 44 184 53 91 34
split_gain=75.2793 12.2873 8.14693 8.81553 7.12964 4.40136 4.25434 4.04515 3.75668 6.94341 2.08646 1.36988 1.34411 1.22564 1.01535 0.871737 1.12804 0.43559 0.0956663 0.00686537 0.00483046 0.00236242 0.00116988
threshold=1.2125974755194091 0.7204561883995898 -0.57020068120972367 -0.237270769652389 1.2930759352824681 -0.25583676345408873 1.634559956769515 1.7537821689591471 -0.94733736676947322 -0.79736367449433898 0.58477585590547776 0.37334497268078265 0.32098778863333505 -2.0986185625964877 0.031918351287642442 -0.34558850929039625 1.0727552007108152 0.25408142590833421 0.7923835909831799 1.3488143012780422 0.37898552684874892 1.0549144322896649 1.0000000180025095e-35
decision_type=2 2 2 2 2 2 2 2 2 2 2 2 2 2 2 2 2 2 2 2 2 2 2
left_child=2 4 3 20 5 11 14 15 9 21 -7 -2 -11 -10 -6 16 -3 -15 22 -17 -1 -4 -5
right_child=1 7 8 18 6 10 -8 -9 13 12 -12 -13 -14 17 -16 19 -18 -19 -20 -21 -22 -23 -24
leaf_value=0.075034114191366838 0.021021607651943958 0.027021405444063881 -0.070124069380128079 -0.069637312483594116 -0.0026963517037355061 0.06940248708322895 0.080036595178868478 0.076384056691228538 0.0036294353293608857 0.010006584087444438 -0.012645317889711728 -0.075229182206903999 0.091030189840078782 -0.013379627598214833 -0.076315250828941625 -0.070531574396702698 -0.074417390305878045 -0.069141678437605977 -0.03907403413456223 -0.077562148872766218 0.079536729402171394 -0.074334166883156014 -0.072864424070692102
leaf_weight=4.5554560720920581 3.4675801321864119 2.4553360193967828 9.5339875966310519 5.2541374899446955 2.7160458415746671 122.6055793389678 3.28110197931528 2.8060362860560408 2.4122004210948935 4.0759588927030546 3.1797770410776129 2.5780181288719177 4.1140107810497284 1.4191037230193604 6.0387613028287888 8.0728436931967718 1.98054439201951 109.07630386203527 1.1476071178913114 1.6775622144341475 4.9953740835189819 1.5494270212948311 1.4288331791758535
leaf_count=32 19 20 143 88 18 863 20 19 14 28 20 21 16 13 51 111 20 1681 17 14 27 14 16
internal_value=-0.000386599 0.0470977 -0.0514575 0.0129042 0.0565961 0.0633226 -0.0170793 -0.0333215 -0.0599209 -0.0191171 0.0673284 -0.0200225 0.0507066 -0.0668861 -0.0534761 -0.0550212 -0.0182693 -0.0684255 -0.065747 -0.0717412 0.0773891 -0.0707126 -0.0703273
internal_weight=310.422 160.859 149.562 17.3814 143.867 131.831 12.0359 16.9923 132.181 19.2734 125.785 6.0456 8.18997 112.908 8.75481 14.1863 4.43588 110.495 7.83058 9.75041 9.55083 11.0834 6.68297
internal_count=3285 1196 2089 180 1012 923 89 184 1909 201 883 40 44 1708 69 165 40 1694 121 125 59 157 104
is_linear=0
shrinkage=0.1


Tree=54
num_leaves=25
num_cat=0
split_feature=92 90 110 38 29 65 162 12 49 185 7 35 29 160 11 160 33 187 77 154 185 92 185 164
split_gain=48.4273 17.6948 15.0567 10.6472 9.84853 5.03411 7.66033 4.27099 4.17344 3.50173 3.21351 3.14489 2.16346 2.11168 1.34589 1.12399 0.88747 3.09287 0.823979 0.757425 0.150658 0.00912174 0.00435594 0.000676164
threshold=-0.38400055699831587 1.3495617202447934 0.55098308101717242 0.72013881058718954 -0.37285421085955656 1.3828680700003806 0.19450231258392425 -0.010434082215136269 0.64529299218796032 0.78879398547024959 -0.44313843823558313 0.22643828527010573 1.0476527676456981 -0.46488048361001511 -0.44133537626724034 -0.46488048361001511 0.89153769417812267 0.83212409586742175 -0.65218915157293977 1.7903840772643094 0.41089695610227273 -0.80818637710447161 1.2817752138680401 -0.91863134878860508
decision_type=2 2 2 2 2 2 2 2 2 2 2 2 2 2 2 2 2 2 2 2 2 2 2 2
left_child=2 4 3 10 7 13 -7 11 16 18 -1 -2 22 -6 21 -12 20 -18 -10 -11 -4 -5 -3 -24
right_child=1 12 8 14 5 6 -8 -9 9 19 15 -13 -14 -15 -16 -17 17 -19 -20 -21 -22 -23 23 -25
leaf_value=-0.03255609649913889 -0.061976862412100778 -0.07563066526349492 -0.044170399289880508 -0.071096338606031026 0.0081456757071876294 -0.07808177895908483 0.066780309538277099 0.077823595883406191 0.078649387560506878 -0.071493657838197555 0.006158517249614576 0.042330697091898989 0.051203640896280544 0.071131291499381064 0.01492676805694497 0.076063639349982337 0.066313977914578881 -0.069093828175792002 0.0035811368323970028 0.0071867684899262962 -0.070772577155493066 -0.077761405472708212 -0.072218549091500647 -0.070338711408952731
leaf_weight=3.8130413591861751 12.494397960603242 2.0573052018880871 2.1828374378383151 8.539425775408743 5.618054397404193 6.2941932156682006 8.6905399858951551 3.9723031148314467 3.647979736328125 5.6459278427064419 2.631193749606612 3.7604689747095099 1.5931444466114033 101.30531942099333 2.0766083076596251 18.277709133923054 2.189533591270445 7.3472505733370781 2.4403213337063772 1.5620015598833559 86.168987855315208 2.703442256897687 2.3338552042841902 10.621590271592138
leaf_count=35 118 17 29 115 42 49 63 27 25 68 17 26 9 907 14 136 14 96 19 13 1244 21 28 153
internal_value=-0.00036737 0.0380803 -0.0412666 0.0130381 0.0494923 0.0602145 0.00593238 -0.0151302 -0.0598467 -0.00727814 0.0518703 -0.0378459 -0.0595979 0.0678219 -0.0590375 0.0672667 -0.0669871 -0.0380058 0.0485604 -0.0544431 -0.0701153 -0.072699 -0.0713561 -0.0706774
internal_weight=307.967 158.741 149.226 38.0414 142.135 121.908 14.9847 20.2272 111.185 13.2962 24.7219 16.2549 16.6059 106.923 13.3195 20.9089 97.8886 9.53678 6.0883 7.20793 88.3518 11.2429 15.0128 12.9554
internal_count=3285 1439 1846 338 1232 1061 112 171 1508 125 188 144 207 949 150 153 1383 110 44 81 1273 136 198 181
is_linear=0
shrinkage=0.1


Tree=55
num_leaves=20
num_cat=0
split_feature=162 24 33 11 114 168 6 37 185 36 40 20 192 176 181 18 20 37 118
split_gain=55.8429 20.5253 10.8903 9.4179 6.76347 5.04575 4.13267 7.24337 3.56609 2.36267 2.22931 2.0866 3.49788 0.957456 0.903727 0.0582363 0.00694346 0.00591156 0.000441889
threshold=0.19450231258392425 -0.5389893846754602 0.074544172683139079 -0.83675867712304408 -1.04974070310122 0.19017162460968565 0.65487191304550352 -0.66432279582848541 0.19485030055696237 0.50929613090224868 1.3085733144384724 -0.82585457421852493 0.84265326205658131 0.8854166019205536 0.85767274592265597 0.21452794655531995 -0.43367581799113969 -0.57276849715378497 1.1213226646812131
decision_type=2 2 2 2 2 2 2 2 2 2 2 2 2 2 2 2 2 2 2
left_child=1 10 6 13 9 -5 7 -3 -8 -2 16 12 -6 -4 -14 17 -1 -13 -18
right_child=4 2 3 5 11 -7 8 -9 -10 -11 -12 15 14 -15 -16 -17 18 -19 -20
leaf_value=-0.076956998420403835 -0.041152323440720034 0.071520063656953597 0.077865732057392417 -0.062091609402088833 0.069700879791203929 0.038854226451790881 -0.029352941207070712 -0.034311724531915028 0.070751964040469059 0.062990796193260673 0.050349646294889507 -0.073245261257782787 -0.0731264816356854 0.013086281870376901 0.014781223604762748 -0.048354065048211839 -0.069886886167940906 -0.069981678861948768 -0.071837633331210987
leaf_weight=1.5757529065012992 3.4626904428005201 14.027855738997461 11.275252081453798 19.554716512560848 2.9394121542572966 6.6306454427540293 3.6880370788276187 11.998673886060713 101.41142557561398 5.8735384903848171 1.6563104912638653 5.9649218246340743 6.6611296199262124 2.8604600466787806 1.4184899739921091 1.2368821501731861 16.241737842559818 79.839864399284124 1.2506260536611069
leaf_count=12 36 107 73 221 17 37 26 74 786 39 9 63 96 25 13 17 266 1354 14
internal_value=0.000789808 0.0330664 0.044429 -0.00102097 -0.0569645 -0.0365302 0.0584047 0.0227298 0.0672392 0.0243654 -0.0609328 -0.0647078 -0.0237097 0.0647572 -0.0576931 -0.069898 -0.0705991 -0.0702086 -0.0700264
internal_weight=299.568 192.171 171.447 40.3211 107.397 26.1854 131.126 26.0265 105.099 9.33623 20.7244 98.0607 11.019 14.1357 8.07962 87.0417 19.0681 85.8048 17.4924
internal_count=3285 1650 1349 356 1635 258 993 181 812 75 301 1560 126 98 109 1434 292 1417 280
is_linear=0
shrinkage=0.1


Tree=56
num_leaves=22
num_cat=0
split_feature=3 71 44 24 6 90 7 170 106 7 197 111 40 106 51 3 5 184 197 118 114
split_gain=65.6136 12.889 7.66746 6.1479 5.97547 4.71526 4.53537 2.87404 2.84449 2.51947 5.13743 2.30737 2.30697 1.07779 0.447854 0.31069 0.0271305 0.00451394 0.00114937 8.41896e-06 3.03121e-07
threshold=1.1492091006708989 0.82414818113057442 0.69939206608780891 -0.58908246305852441 1.1830369947759312 1.6458578935797232 0.10918251365803748 3.0842403339459241 1.7560612743591411 -0.84896503855203853 -0.68380196696786777 0.89219424729688424 -0.22147095397565056 1.5444054768900943 3.1569353556818576 1.6480800454535252 1.1703879639831929 1.3488143012780422 -0.39843786617918503 0.48382510029826459 -0.49644913729358325
decision_type=2 2 2 2 2 2 2 2 2 2 2 2 2 2 2 2 2 2 2 2 2
left_child=3 2 11 6 7 -6 18 -4 15 10 -5 -2 -12 14 -11 17 -13 -3 -1 20 -8
right_child=1 8 4 9 5 -7 19 -9 -10 13 12 16 -14 -15 -16 -17 -18 -19 -20 -21 -22
leaf_value=0.076443930197010318 0.040700273541079114 -0.070130014578740324 0.070050763254362922 0.089109762487964164 -0.04191758589777933 0.074120967878760755 -0.069123965708879936 0.011732107663152247 0.078211809841264662 -0.069482078819216031 0.044453062736785717 -0.074785862286322904 -0.064043404949737495 0.027693044180091095 -0.0091673481904396125 -0.020212941012163178 -0.060644761380369817 -0.076089537501851559 0.073673725139340354 -0.0694222601422569 -0.069051034469227668
leaf_weight=3.3184173405170441 2.6534955352544767 9.4716790504753572 108.61860277503729 3.1276942081749466 9.9015208519995195 5.4180985838174811 1.1305770538747313 9.1633084602653962 1.5551165565848339 92.866752374917269 2.2497277520597043 4.361286573112011 15.207167565822596 1.1748603731393803 1.2476280815899361 1.3578004539012898 1.9693553969264028 1.4679374694824208 2.7297966182231885 1.1175686009228227 1.1491191498935225
leaf_count=21 20 146 831 13 75 43 22 66 9 1624 14 37 228 8 14 13 21 15 22 20 23
internal_value=-0.000438969 0.04286 0.0518368 -0.0543171 0.0578721 -0.000878164 0.0232604 0.0655136 -0.0492156 -0.0606408 -0.028915 -0.0375769 -0.0500611 -0.0674943 -0.0686825 -0.0653299 -0.0703868 -0.0709297 0.0751936 -0.0691974 -0.0690872
internal_weight=281.258 155.938 142.086 125.319 133.102 15.3196 9.44548 117.782 13.8525 115.874 20.5846 8.98414 17.4569 95.2892 94.1144 12.2974 6.33064 10.9396 6.04821 3.39726 2.2797
internal_count=3285 1276 1093 2009 1015 118 108 897 183 1901 255 78 242 1646 1638 174 58 161 43 65 45
is_linear=0
shrinkage=0.1


Tree=57
num_leaves=25
num_cat=0
split_feature=7 92 29 122 162 187 30 90 48 60 10 155 33 110 172 115 160 128 33 119 87 190 67 186
split_gain=42.481 18.5929 13.3149 7.99566 4.9991 4.84071 4.34399 4.33567 3.39315 2.88336 2.79179 2.48705 2.41963 1.948 1.32001 0.748075 1.13522 0.708196 0.688117 0.458926 0.206709 0.186323 0.126293 0.0021387
threshold=-0.35651367763640868 -0.80818637710447161 0.22010803631230264 1.4496182667611579 0.76983163209898486 1.3782003459475385 0.91946289947207072 1.3253393877062478 1.4217467485257729 0.11663404663207691 0.50725128341658221 1.4999582251567072 0.2081900632576576 0.32072368506629617 1.8899149519832352 0.025619410563099503 -0.46488048361001511 -0.26039269997631054 -1.0000000180025095e-35 0.86116851441648568 1.0525643767260533 -0.080239697775261257 0.20186503143934273 1.5544740560021713
decision_type=2 2 2 2 2 2 2 2 2 2 2 2 2 2 2 2 2 2 2 2 2 2 2 2
left_child=2 9 8 5 22 6 -3 12 13 11 20 18 -4 -1 23 16 -11 -15 -2 -14 -10 -17 -5 -9
right_child=1 3 7 4 -6 -7 -8 14 10 15 -12 -13 19 17 -16 21 -18 -19 -20 -21 -22 -23 -24 -25
leaf_value=0.00053359686429676199 -0.070878178060758218 0.067126220005578566 -0.039847330210405679 -0.06741550829953534 0.072283231968604061 -0.073047465574753029 -0.061047290258644117 -0.074518551045278478 -0.070784452122310756 -0.074109226673504974 0.052673292704981278 0.075052750060685958 0.072422875367384162 -0.0036469480568370287 0.037281550291749899 -0.071586792252719453 0.021898941063996775 -0.068439037285885337 0.012829412669598387 0.028844154572242393 -0.024472241676941196 -0.035232185224668429 -0.097941657410266461 -0.070021210044608415
leaf_weight=4.4561017118394366 2.5357852280139923 105.61077488958836 2.6297716200351777 5.7259254567325097 3.3500261232256889 2.6434021219611159 2.7120912708342066 1.5267614498734463 3.178101781755684 2.3246855698525906 4.7716562338173389 3.6171450205147266 12.409221835434435 1.7198425047099579 1.4419137351214883 13.950623024255039 2.6191865131258991 88.283625103533268 1.6027552485466028 3.0009296312928191 1.3832197673618791 1.568245500326152 1.7755738422274587 3.4395316950976849
leaf_count=36 37 1005 24 69 24 33 22 14 42 28 38 21 118 21 11 200 21 1379 14 27 16 20 10 55
internal_value=-0.000422282 0.0356999 -0.0426837 0.0526428 -0.0292833 0.0606544 0.0639171 0.0237084 -0.0583222 -0.0374418 -0.000800584 0.0144806 0.0488074 -0.0640056 -0.0469485 -0.0571212 -0.0232456 -0.0672009 -0.0384603 0.0639365 -0.0567403 -0.067913 -0.0746409 -0.0714038
internal_weight=278.277 150.036 128.241 121.818 10.8515 110.966 108.323 24.4481 103.793 28.2184 9.33298 7.75569 18.0399 94.4596 6.40821 20.4627 4.94387 90.0035 4.13854 15.4102 4.56132 15.5189 7.5015 4.96629
internal_count=3285 1504 1781 1163 103 1060 1027 249 1532 341 96 72 169 1436 80 269 49 1400 51 145 58 220 79 69
is_linear=0
shrinkage=0.1


Tree=58
num_leaves=18
num_cat=0
split_feature=162 24 40 122 37 198 120 20 192 89 135 12 161 145 53 33 20
split_gain=48.4393 17.6971 9.45155 10.085 6.15402 5.35607 4.368 3.62041 3.99274 2.66644 1.97814 1.92491 1.38279 0.362934 0.0613528 0.00728146 0.00536446
threshold=0.19450231258392425 -0.5389893846754602 0.67743277558430293 0.95526842639552811 -1.1238511705852958 0.78647576841116262 1.6896719156556064 -0.82585457421852493 0.63340526993829771 1.5826724628397426 -1.7786619396944692 -0.3643095934027783 0.3585812058125703 -0.33445637408824341 1.1746170416691426 -0.53774049395079948 -0.43367581799113969
decision_type=2 2 2 2 2 2 2 2 2 2 2 2 2 2 2 2 2
left_child=1 10 3 5 -2 -3 -5 8 -6 12 -1 -10 -4 -9 16 -15 -12
right_child=4 2 9 6 7 -7 -8 13 11 -11 14 -13 -14 15 -16 -17 -18
leaf_value=0.065781187975207281 0.067647534074403035 -0.050705222827255758 0.069315021431329393 0.059678791126379187 0.075713444534209765 0.059702511148039566 -0.066126180349041844 -0.018025740743262485 -0.072511081277627551 -0.04227931316167103 -0.07576084005322381 0.049413229257242675 0.013618834309712891 -0.076030552576301272 -0.046197992992946177 -0.069768428220873965 -0.06965151037582519
leaf_weight=1.167488638311627 3.8508620560169211 23.559257701039318 84.875553373247385 32.991133946925402 3.7313129231333724 5.4012106657028189 3.01181412115693 1.3711239844560612 6.677509691566228 2.3163588605821124 1.5933344922959864 1.6063829883933056 4.7047260552644721 1.9026868566870678 1.1345263980329026 77.064621526747942 14.674010422080753
leaf_count=7 25 249 732 247 28 42 36 13 105 13 13 9 30 19 17 1436 264
internal_value=0.000812253 0.0320841 0.0430122 0.013817 -0.0562121 -0.0301139 0.0491546 -0.0613767 -0.0101793 0.0636507 -0.0602279 -0.048868 0.0663899 -0.0690337 -0.0686818 -0.0699193 -0.0702499
internal_weight=271.634 175.429 156.86 64.9634 96.2045 28.9605 36.0029 92.3536 12.0152 91.8966 18.5694 8.28389 89.5803 80.3384 17.4019 78.9673 16.2673
internal_count=3285 1650 1349 574 1635 291 283 1610 142 775 301 114 762 1468 294 1455 277
is_linear=0
shrinkage=0.1


Tree=59
num_leaves=22
num_cat=0
split_feature=186 71 24 44 20 125 7 89 7 6 122 29 16 167 118 44 32 71 3 118 114
split_gain=57.059 12.1005 5.04257 4.50891 4.62208 4.39019 4.11336 3.77954 2.98314 6.30179 2.85276 1.83962 1.711 1.1616 1.11596 0.991529 0.120943 0.016662 0.0067826 6.4552e-06 2.0154e-07
threshold=1.0645902329271515 0.71470248831613647 -0.58908246305852441 1.1370776116198378 -0.84176831786887463 0.67877704681080187 0.10918251365803748 1.7027841210663517 -0.58867816354291347 0.71687709144289147 0.26930078714669625 1.1053262424515438 0.55079432693178487 0.76210879056082181 -0.41062159127026487 1.806778941548852 1.3725572001994777 0.83777547785303952 1.469963580271626 0.48382510029826459 -0.49644913729358325
decision_type=2 2 2 2 2 2 2 2 2 2 2 2 2 2 2 2 2 2 2 2 2
left_child=2 3 6 4 18 -6 -1 14 9 12 -11 13 -4 -5 -3 16 -10 -16 -2 20 -8
right_child=1 7 8 11 5 -7 19 -9 15 10 -12 -13 -14 -15 17 -17 -18 -19 -20 -21 -22
leaf_value=0.078117186317991957 -0.070881411037436143 -0.0035760859006175936 -0.0073112806028523035 0.070231424599861939 0.06380483844501364 -0.031324619188638228 -0.068810839184354544 0.073720753619274063 -0.069573968363392968 0.044730764562619464 -0.066041080802532223 -0.020575925194968526 0.092190381705780367 0.0031395759992138201 -0.080566319994192032 0.0061779989924234781 -0.036125477483819744 -0.069881203584703386 -0.078932345546383564 -0.069090898732372744 -0.068747460900767152
leaf_weight=5.2162474021315557 2.674187961965802 3.0957552157342443 2.9194848574697962 85.660008139908314 17.513081520795826 6.7099569365382186 0.9954891055822378 2.6446796655654898 74.987733528017998 2.589983273297551 22.716493617743254 2.3969941437244406 4.23519117385149 2.6607467606663695 1.7337798029184348 1.7913089059293259 1.096814315766095 9.2209991924464685 1.7191030122339723 0.99030350893735875 1.0116045661270618
leaf_count=38 34 26 37 750 127 56 22 23 1432 19 400 15 17 20 13 22 19 159 13 20 23
internal_value=-0.000405076 0.0437912 -0.0511175 0.054947 0.0203377 0.0374533 0.0244729 -0.0359481 -0.0567445 -0.0312765 -0.0547042 0.0658643 0.0515885 0.0682102 -0.0565907 -0.0673604 -0.0690918 -0.0715723 -0.0740318 -0.068882 -0.0687789
internal_weight=254.58 136.029 118.551 119.334 28.6163 24.223 8.21364 16.6952 110.337 32.4612 25.3065 90.7177 7.15468 88.3208 14.0505 77.8759 76.0845 10.9548 4.39329 2.9974 2.00709
internal_count=3285 1236 2049 1015 230 183 103 221 1946 473 419 785 54 770 198 1473 1451 172 47 65 45
is_linear=0
shrinkage=0.1


Tree=60
num_leaves=26
num_cat=0
split_feature=7 92 29 122 162 160 187 30 60 90 48 122 38 101 110 72 63 115 160 35 130 32 50 138 77
split_gain=36.9222 16.0695 11.75 7.00553 4.34563 4.207 4.19842 3.763 2.62938 2.62076 2.48842 2.27373 2.17824 2.07575 1.70863 3.42696 0.968192 0.693223 1.02697 0.242834 0.188742 0.109855 0.0873442 0.00163389 9.78423e-05
threshold=-0.35651367763640868 -0.80818637710447161 0.16524365238238806 1.4496182667611579 0.76983163209898486 -0.46488048361001511 1.3782003459475385 0.91946289947207072 0.11663404663207691 1.3253393877062478 1.4217467485257729 1.2782555531707747 0.72013881058718954 1.0465056496996741 0.50215735360595015 1.1483307959950817 1.0400563006419696 0.025619410563099503 -0.46488048361001511 0.64700157985699003 1.4927722083493216 0.92158911800311527 -0.011867789738768052 0.91977276310656297 -1.3630066157145884
decision_type=2 2 2 2 2 2 2 2 2 2 2 2 2 2 2 2 2 2 2 2 2 2 2 2 2
left_child=2 8 10 6 21 23 7 -3 12 13 14 -12 -2 -7 15 -1 -11 18 -10 -16 -19 -5 -13 -4 -25
right_child=1 3 5 4 -6 9 -8 -9 17 16 11 22 -14 -15 19 -17 -18 20 -20 -21 -22 -23 -24 24 -26
leaf_value=-0.06390333578612889 0.05063599779491449 0.065762321152105702 -0.073847297321447 -0.079875067855370976 0.070801373775129836 -0.02605064619721803 -0.072423490759906978 -0.05894601883005493 -0.073914731163066585 -0.07167488803935898 0.046755765509667285 -0.070378047831360549 -0.069637399169177078 0.070068424009192623 -0.07039879232043432 0.069120764604006749 0.029782324665292115 -0.07126316031307238 0.020736355663555976 -0.048908750840496056 -0.033908078678947774 -0.049478823386517275 -0.03790605131158345 -0.070369801746862956 -0.069187576653265179
leaf_weight=6.2570906318724138 5.0871065482497242 95.640231512486935 1.515263963490727 5.3026627562940103 3.0307848826050758 2.6729603335261407 2.3579441122710696 2.4823995977640143 2.1102004460990429 2.5856614112853995 4.0941742397844783 2.6530364044010644 2.1389320641756058 14.090529184788464 68.148260813206434 2.8047361969947815 1.4783578962087629 12.420289456844328 2.5096394866704967 5.6978095285594454 1.5179046988487233 1.5326529853045938 1.2044040001928804 1.3819488398730753 1.4187150374054911
leaf_count=81 35 1005 15 55 24 21 33 22 28 35 35 39 37 145 1226 17 13 198 21 89 22 24 16 21 28
internal_value=-0.000390007 0.0349352 -0.0418445 0.0515432 -0.0288666 0.0186557 0.0594386 0.0626073 -0.0361414 0.0372762 -0.0585867 -0.00514908 0.0150347 0.0547421 -0.0637118 -0.0227309 -0.0347681 -0.056068 -0.0224973 -0.0687407 -0.0671951 -0.0730595 -0.0602394 -0.0712021 -0.0697709
internal_weight=252.134 136.131 116.003 110.347 9.8661 25.1434 100.481 98.1226 25.7841 20.8275 90.8595 7.95161 7.22604 16.7635 82.9079 9.06183 4.06402 18.558 4.61984 73.8461 13.9382 6.83532 3.85744 4.31593 2.80066
internal_count=3285 1504 1781 1163 103 278 1060 1027 341 214 1503 90 72 166 1413 98 48 269 49 1315 220 79 55 64 49
is_linear=0
shrinkage=0.1


Tree=61
num_leaves=21
num_cat=0
split_feature=162 24 33 11 37 40 6 37 185 87 40 20 86 176 149 36 33 20 156 118
split_gain=42.2765 15.3213 8.50734 7.3666 5.44243 4.01925 3.63255 5.83483 2.99169 1.90551 1.8125 1.80771 2.52183 0.947269 0.526333 0.188167 0.00532968 0.00355038 0.0019608 0.00023048
threshold=0.19450231258392425 -0.5389893846754602 0.074544172683139079 -0.83675867712304408 -0.75250146054684586 1.0541103364643816 0.65487191304550352 -0.66432279582848541 0.20615773022232428 -0.027977483343346366 1.3085733144384724 -0.82585457421852493 0.94261569231718034 0.94696830397760323 0.71050584832464381 0.6905924870556216 -0.53774049395079948 -0.43367581799113969 -0.26884899824875053 1.1213226646812131
decision_type=2 2 2 2 2 2 2 2 2 2 2 2 2 2 2 2 2 2 2 2
left_child=1 10 6 13 9 -5 7 -3 -8 14 17 12 -6 -4 -2 -14 -13 -1 -18 -19
right_child=4 2 3 5 11 -7 8 -9 -10 -11 -12 16 15 -15 -16 -17 18 19 -20 -21
leaf_value=-0.074768564591146586 0.074813709649394766 0.06929530130104869 0.076029763832806171 -0.050144193832406182 0.041754102245573362 0.08285502805217175 -0.027057520286344085 -0.032803937742516193 0.06840178089603656 -0.054781624793172778 0.046841639927913681 -0.075634980444816466 -0.073404062382421781 0.006517446720394126 0.012610218635733972 -0.025003880010042508 -0.075596954706571629 -0.069209590286381836 -0.069321372080289254 -0.070777221272478139
leaf_weight=1.3103872798383243 3.7290997579693794 11.471341691911222 9.5564871653914434 20.072878964245323 3.6858024299144727 2.5622395649552336 3.4176387861371031 10.93112777546048 83.37998653948307 2.3286886587738973 1.4602476879954327 1.3851063214242447 4.5834947228431702 2.4663785696029654 2.1414338573813438 0.97392566129565228 0.50162702426314254 12.893576849251984 66.664509687572718 1.0114492662251002
leaf_count=12 30 107 74 244 27 14 28 74 784 20 9 16 82 24 20 18 7 266 1415 14
internal_value=0.000850373 0.031159 0.0416772 -0.0014886 -0.0557301 -0.035089 0.0553772 0.0194767 0.0646431 0.0217609 -0.0595792 -0.0638974 -0.0223841 0.06177 0.0521233 -0.064922 -0.0694949 -0.0697926 -0.0693682 -0.0693236
internal_weight=246.527 160.534 143.858 34.658 85.9937 22.6351 109.2 22.4025 86.7976 8.19922 16.6757 77.7945 9.24322 12.0229 5.87053 5.55742 68.5512 15.2154 67.1661 13.905
internal_count=3285 1650 1349 356 1635 258 993 181 812 70 301 1565 127 98 50 100 1438 292 1422 280
is_linear=0
shrinkage=0.1


Tree=62
num_leaves=21
num_cat=0
split_feature=3 71 47 24 7 7 38 106 44 106 7 6 82 59 194 120 74 53 34 8
split_gain=49.709 9.67776 6.62482 4.82277 5.87804 4.50188 3.69261 2.81186 2.38325 2.18184 2.13601 3.93889 0.945517 0.415345 0.325844 0.00534903 0.00340391 0.00233015 0.000456972 3.07399e-05
threshold=1.1492091006708989 0.82414818113057442 1.2407516031592347 -0.57020068120972367 -0.237270769652389 -1.0168622075657106 0.8446539421785263 1.7560612743591411 0.68030511108699943 1.7560612743591411 -0.84896503855203853 0.72143463722482959 1.3552146373709684 -2.0986185625964877 -0.53866824841512095 0.83761846897677172 1.6602281802653074 0.56138817464467483 0.06607452548659927 0.71831732408367499
decision_type=2 2 2 2 2 2 2 2 2 2 2 2 2 2 2 2 2 2 2 2
left_child=3 2 6 4 17 -4 8 -7 -2 14 11 -5 -13 -12 -3 -15 -16 -1 19 -6
right_child=1 9 5 10 18 7 -8 -9 -10 -11 13 12 -14 15 16 -17 -18 -19 -20 -21
leaf_value=0.072493253025608342 -0.022970334323406665 -0.013194101312852872 0.072795752062470506 0.052591671890108042 -0.068568093115169038 -0.060764197545819902 -0.029902973667189255 0.055667109023495268 0.066139572595177484 0.075518199220296497 -0.008968467307324637 -0.069829284596899632 0.0040730028453414011 -0.069071696151622231 -0.069592294772333516 -0.072094379618527937 -0.075801653121532434 0.076390326133802283 -0.071217962128990051 -0.069206675609732801
leaf_weight=2.9374828860163689 3.1021568626165381 1.1268767826259125 5.1371484398841885 4.3902422226965454 3.4794717133045179 10.473392970860003 4.4545148201286784 2.5864577181637278 92.367945093661547 1.2661840096116055 1.1579049453139294 10.405316676944492 2.0767526775598517 64.956702839583158 7.8485608994960767 6.4344225637614718 0.99473983421921719 3.2119285687804222 0.86565194651484478 0.96230052411556233
leaf_count=28 31 17 38 33 87 103 36 22 863 9 9 200 20 1473 146 104 11 22 13 20
internal_value=-0.000483444 0.0405495 0.0489855 -0.0531008 0.00798472 -0.00651009 0.0590917 -0.0377054 0.0632441 -0.048134 -0.0609271 -0.0288785 -0.0575335 -0.0683805 -0.0638374 -0.0693441 -0.0702908 0.0745288 -0.0691161 -0.0687064
internal_weight=230.236 129.358 118.122 100.878 11.4568 18.197 99.9246 13.0599 95.4701 11.2364 89.4213 16.8723 12.4821 72.549 9.97018 71.3911 8.8433 6.14941 5.30742 4.44177
internal_count=3285 1276 1093 2009 170 163 930 125 894 183 1839 253 220 1586 174 1577 157 50 120 107
is_linear=0
shrinkage=0.1


Tree=63
num_leaves=26
num_cat=0
split_feature=110 33 190 162 7 0 199 97 7 35 19 185 33 194 161 134 189 49 48 48 9 123 104 76 29
split_gain=32.4537 12.7922 12.5304 8.58634 5.93848 4.96127 3.78069 2.87756 2.77885 2.10931 2.06405 2.19113 1.9847 1.96611 0.84978 0.619189 1.37939 0.59511 0.31527 0.137508 0.104477 0.0938261 0.0593203 0.0367938 0.000209947
threshold=0.69441658294404962 -0.39855555402438814 0.35104217784942071 0.19450231258392425 -0.60988455962312293 1.83842533885231 1.510313836505035 0.99572118608144877 0.19731716988944489 -0.68601238846558965 0.56636079256992533 1.0252395899055158 0.53955744731826771 1.0000000180025095e-35 0.3585812058125703 -0.23845140904769516 0.59291566403620621 0.36240427871660214 1.4769679445412993 1.5057838263415941 0.80614293820014116 0.1181235983815062 1.0325845848032642 1.0025025897392872 -0.1596295905704925
decision_type=2 2 2 2 2 2 2 2 2 2 2 2 2 2 2 2 2 2 2 2 2 2 2 2 2
left_child=1 8 10 18 12 13 7 -6 17 -10 15 14 22 -5 -12 19 -17 23 21 -2 -13 -4 -3 -1 -7
right_child=2 4 3 5 6 24 -8 -9 9 -11 11 20 -14 -15 -16 16 -18 -19 -20 -21 -22 -23 -24 -25 -26
leaf_value=-0.071521325897396459 -0.069450455694404653 -0.074152934596987713 -0.090512977597247871 -0.01579970727283548 0.066929824655982531 -0.069009391561927508 -0.082613477285262638 -0.047392061135394445 -0.032387488212921943 0.096939310065360482 -0.010528929747765189 -0.06943120573092447 0.03801623665057316 0.071654296723133643 0.075710313447271679 0.020443561264317556 -0.063869957377418532 -0.0057714146677236861 -0.020500318351655861 -0.035089962926953815 -0.03135918043261917 -0.067236718154172245 -0.049233144279143076 -0.051889689549866683 -0.070703387809436899
leaf_weight=10.685487121343614 60.083569753915071 3.7542793378233901 2.3927249051630479 2.9677462093532148 81.319200091063976 2.352399699389935 1.8007849045097817 2.2630080655217162 2.8510236628353596 2.2615180201828471 2.1936628855764848 3.8987203612923622 2.7343824617564678 19.21407650783658 2.3847382739186287 2.6160489320754987 7.5132299512624741 1.6584722213447083 1.2802071683108796 1.1877092532813538 0.88427802547812451 6.2695464640855789 1.2812481373548505 1.0483540780842293 1.0618696101009835
leaf_count=188 1158 44 24 31 962 50 16 32 32 11 22 76 33 187 21 39 131 15 15 16 17 109 21 19 16
internal_value=-0.000464724 0.0380433 -0.0374354 0.0120462 0.0531292 0.042681 0.0607458 0.0638345 -0.0378991 0.0248198 -0.0592094 -0.0150587 -0.0305692 0.0599537 0.0343902 -0.064998 -0.0420946 -0.0618422 -0.0668205 -0.0687844 -0.0623925 -0.0736662 -0.0678123 -0.0697673 -0.0695362
internal_weight=227.958 111.658 116.301 35.5386 93.1529 25.5961 85.383 83.5822 18.5049 5.11254 80.762 9.3614 7.76991 22.1818 4.5784 71.4006 10.1293 13.3923 9.94248 61.2713 4.783 8.66227 5.03553 11.7338 3.41427
internal_count=3285 1373 1912 432 1108 284 1010 994 265 43 1480 136 98 218 43 1344 170 222 148 1174 93 133 65 207 66
is_linear=0
shrinkage=0.1


Tree=64
num_leaves=20
num_cat=0
split_feature=162 24 40 122 114 82 120 89 165 20 192 27 185 75 87 155 37 20 118
split_gain=36.8918 13.2485 7.61943 7.97267 4.80996 4.24412 3.42168 2.18221 1.75634 1.65093 2.35372 1.38775 1.38701 0.786724 0.718835 0.0480612 0.00271677 0.00246264 0.00017801
threshold=0.19450231258392425 -0.5399133374217201 0.67743277558430293 0.95526842639552811 -1.04974070310122 0.31662562371316227 1.6896719156556064 1.5826724628397426 0.55885073257399032 -0.82585457421852493 0.84265326205658131 1.7334613750985315 0.20615773022232428 1.886811581679485 -0.38263432483369914 2.6202822003122912 -0.57276849715378497 -0.43367581799113969 1.1213226646812131
decision_type=2 2 2 2 2 2 2 2 2 2 2 2 2 2 2 2 2 2 2
left_child=1 11 3 5 8 -3 -5 12 14 10 -6 17 -4 -12 -2 16 -11 -1 -19
right_child=4 2 7 6 9 -7 -8 -9 -10 15 13 -13 -14 -15 -16 -17 -18 18 -20
leaf_value=-0.073785857714712674 0.017992638046651573 0.054381737960231429 -0.0038011934230552085 0.056244629046678242 0.064883898093491627 -0.049538457624289711 -0.064672781816737274 -0.040502892383879691 0.065796757010983517 -0.071523272673691518 -0.071630066817401486 0.042236272301952475 0.066609364998662407 0.022875778359717769 -0.076337115579596729 -0.046034247816955171 -0.069012481262321776 -0.068890066409665773 -0.070342237083342515
leaf_weight=1.1785165667533863 1.5001396834850313 4.873817894607785 2.9127037003636351 28.505446374416355 2.2931551113724691 20.293236065655947 2.5495630688965312 2.0607149824500075 4.0660770386457443 4.6694365777075211 4.84415403008461 1.2142117843031872 70.874796442687511 1.0766288377344606 1.750561662018298 0.908534936606883 55.91400786489249 11.277684569358822 0.9124217592179783
leaf_count=12 19 41 18 247 17 251 36 13 34 67 99 9 746 10 22 19 1348 263 14
internal_value=0.00089646 0.0303284 0.0403159 0.0124176 -0.0551427 -0.0294134 0.0463175 0.0609954 0.0219896 -0.063239 -0.0211311 -0.0601239 0.06383 -0.0544452 -0.0328056 -0.0688636 -0.069206 -0.0694208 -0.0689988
internal_weight=223.676 146.653 132.07 56.2221 77.0227 25.1671 31.055 75.8482 7.31678 69.7059 8.21394 14.5828 73.7875 5.92078 3.2507 61.492 60.5834 13.3686 12.1901
internal_count=3285 1650 1352 575 1635 292 283 777 75 1560 126 298 764 109 41 1434 1415 289 277
is_linear=0
shrinkage=0.1


Tree=65
num_leaves=22
num_cat=0
split_feature=186 71 24 44 20 125 7 89 7 108 11 31 6 167 118 44 32 71 104 118 114
split_gain=43.4002 9.33105 3.97137 3.62828 3.72921 3.40878 3.1916 2.88231 2.57644 5.15535 2.57778 1.7703 1.60866 1.12638 0.944156 0.899641 0.109553 0.0110703 0.00589995 3.96768e-06 1.00257e-07
threshold=1.0645902329271515 0.71470248831613647 -0.58908246305852441 1.1370776116198378 -0.84176831786887463 0.67877704681080187 0.10918251365803748 1.7027841210663517 -0.58867816354291347 0.72361135382479091 -0.75280029035044094 0.70645746778903706 0.52250957965527323 0.8623617766136018 -0.41062159127026487 1.806778941548852 1.3725572001994777 0.83777547785303952 1.1204853084866333 0.49658527049151735 -0.49644913729358325
decision_type=2 2 2 2 2 2 2 2 2 2 2 2 2 2 2 2 2 2 2 2 2
left_child=2 3 6 4 18 -6 -1 14 9 10 -4 13 -11 -5 -3 16 -10 -16 -2 20 -8
right_child=1 7 8 11 5 -7 19 -9 15 12 -12 -13 -14 -15 17 -17 -18 -19 -20 -21 -22
leaf_value=0.077041556982376191 -0.07020047560407848 -0.0040025119736964614 -0.069144779775579243 0.068004377420327874 0.061028124338288581 -0.029259409390409004 -0.06831666750768875 0.072054003083789328 -0.068979971404231316 0.052894803154436988 0.069539191454510818 -0.033046765056368464 -0.065006623664954966 -0.0099625986935363668 -0.078675110728757006 0.0074970510400680316 -0.033985404989123801 -0.069260641870209541 -0.078349456337577505 -0.068571389192282464 -0.068266618594500728
leaf_weight=4.2307629883289328 2.2155198603868516 2.7729856483638278 1.7188519425690172 70.488054227083921 14.826485790312292 5.824269510805606 0.81251414865255367 2.1117315739393225 59.913601839914918 1.2369939200580145 6.0852168425917652 1.8524026498198498 17.95010906457901 1.9029751643538464 1.5041688680648784 1.6004501655697811 0.9081508219242086 7.363051775842905 1.4833007790148256 0.74477690085768689 0.78881360217928898
leaf_count=38 34 26 39 758 127 56 23 23 1432 9 39 12 386 15 13 22 19 159 13 19 23
internal_value=-0.000453974 0.0417352 -0.0498313 0.0524986 0.0190012 0.0355637 0.0251664 -0.0354314 -0.0553478 -0.0295331 0.0389939 0.0634847 -0.0574055 0.0659548 -0.0549311 -0.06651 -0.0684575 -0.0708576 -0.0734684 -0.0683807 -0.068292
internal_weight=208.335 112.345 95.9902 98.593 24.3496 20.6508 6.57687 13.7519 89.4134 26.9912 7.80407 74.2434 19.1871 72.391 11.6402 62.4222 60.8218 8.86722 3.69882 2.3461 1.60133
internal_count=3285 1236 2049 1015 230 183 103 221 1946 473 78 785 395 773 198 1473 1451 172 47 65 46
is_linear=0
shrinkage=0.1


Tree=66
num_leaves=23
num_cat=0
split_feature=7 29 160 92 160 66 110 30 51 18 72 120 194 89 185 92 192 175 7 49 138 77
split_gain=28.5415 11.8274 10.852 5.4851 4.03658 2.61802 2.48216 2.4136 2.39389 1.9228 1.84777 3.99859 2.00347 1.73396 1.05259 0.908999 0.649801 0.523851 0.45808 0.175665 0.000893799 0.000110997
threshold=-0.26992054482321959 0.15661916966993647 -0.46488048361001511 -0.95021775147024468 -0.46488048361001511 -0.10220117799025148 0.16728519437757575 0.98932155351639872 0.92568783986528735 -1.3640102499961377 1.0945739812510966 0.46344361004900703 2.063788759779777 1.4942766275484398 0.2205772467764312 0.16460699782596808 0.94982584972464479 2.7726297138413316 0.34826823519884426 0.81005437069867148 0.91977276310656297 -1.4902677868833689
decision_type=2 2 2 2 2 2 2 2 2 2 2 2 2 2 2 2 2 2 2 2 2 2
left_child=1 10 6 9 20 -6 -2 13 -7 -4 14 16 -13 -5 -1 17 -12 -8 -11 -16 -3 -22
right_child=2 4 3 7 5 8 15 -9 -10 18 11 12 -14 -15 19 -17 -18 -19 -20 -21 21 -23
leaf_value=0.03072046975242252 0.043908556015395422 -0.072453160644646408 0.05249287053125469 0.064420219715661212 -0.060652222031656426 0.06458839166795198 -0.071579851484443818 -0.071094159149550473 -0.04233114768413182 -0.071779039267874475 0.010998701536729464 -0.065999126057743232 0.025479391263194012 -0.04326675357810901 -0.069820738388501058 0.018915816262385667 0.082502777723701404 0.003262668930987569 -0.0082862073729537949 -0.030564658027202346 -0.069960437440084539 -0.068672489928268673
leaf_weight=1.0817276835441578 3.0579771064221886 1.3011357896029978 2.268801610916853 74.199432529509068 2.344463210552937 16.825639124959707 10.838737372308968 1.3822040632367123 2.3917344547808161 4.4625151157379133 2.6683099903166321 17.977537710219625 2.7619258947670451 1.5259963460266579 50.937619015574455 1.4437548182904709 2.4268227890133858 1.023528717458247 1.5244782753288744 1.1660027839243401 1.2335882894694807 1.4623763486742971
leaf_count=8 22 16 20 957 22 214 181 19 32 81 30 382 35 16 1112 15 14 15 22 15 21 36
internal_value=-0.000447319 -0.0371315 0.0372651 0.0515654 0.0220001 0.0391107 -0.0373328 0.0598599 0.0512815 -0.0259032 -0.0562576 -0.0343169 -0.0538167 0.0622501 -0.0669152 -0.0560037 0.0450562 -0.0651221 -0.0556118 -0.0689422 -0.0703007 -0.0692618
internal_weight=206.306 104.579 101.727 85.3634 25.5589 21.5618 16.364 77.1076 19.2174 8.2558 79.0199 25.8346 20.7395 75.7254 53.1853 13.306 5.09513 11.8623 5.98699 52.1036 3.9971 2.69596
internal_count=3285 1937 1348 1115 341 268 233 992 246 123 1596 461 417 973 1135 211 44 196 103 1127 73 57
is_linear=0
shrinkage=0.1


Tree=67
num_leaves=18
num_cat=0
split_feature=162 24 33 11 37 167 44 20 192 3 33 179 176 114 135 20 33
split_gain=32.1006 11.477 6.29055 5.70741 4.29689 3.51491 2.87735 2.72519 2.78837 2.70789 2.48385 1.49267 0.815793 0.412227 0.35135 0.00337654 0.0032653
threshold=0.19450231258392425 -0.52215167165067122 0.074544172683139079 -0.83675867712304408 -1.1238511705852958 0.24616012557925696 1.7328205945515534 -0.82585457421852493 0.63340526993829771 0.14903100954071058 -0.65669336523942279 1.6410700395888924 0.94696830397760323 -1.3301237979263185 -1.3755984675697264 -0.43367581799113969 -0.53774049395079948
decision_type=2 2 2 2 2 2 2 2 2 2 2 2 2 2 2 2 2
left_child=1 10 6 12 -2 -5 9 8 -6 -3 -1 -10 -4 -9 -12 -16 -15
right_child=4 2 3 5 7 -7 -8 13 11 -11 14 -13 -14 16 15 -17 -18
leaf_value=0.049349634741250432 0.06347879944177115 -0.058849424498548956 0.074755455654920547 -0.061397426560222124 0.073344721433289614 0.031682008960706443 -0.046721800408234031 0.003424884256777293 -0.069081335062171831 0.059326388173021306 -0.0019108601168146217 0.060609701284684861 0.0059110597097956075 -0.073887690375016468 -0.073080108283903655 -0.068765472649113452 -0.068897556546941172
leaf_weight=2.1783206276595619 2.9488626793026915 1.9846684858202923 8.0568977594375628 13.099531427025797 2.8328684568405134 5.8772256411612025 2.7819484919309607 0.79668106883764167 5.0959391016513109 84.235524207353592 0.81761574186384756 1.0745902583003042 2.188865289092063 1.3434909768402494 2.1762135662138471 10.890626085922117 54.708618335425861
leaf_count=22 25 15 74 200 28 40 29 7 105 926 13 9 24 18 29 278 1443
internal_value=0.000925749 0.0293831 0.0401589 -9.71725e-05 -0.0546179 -0.0325701 0.0533764 -0.0599062 -0.00878865 0.0566061 -0.0499291 -0.0464958 0.0600478 -0.068002 -0.0655049 -0.0694841 -0.0690172
internal_weight=203.088 134.287 118.225 29.2225 68.8011 18.9768 89.0021 65.8522 9.0034 86.2202 16.0628 6.17053 10.2458 56.8488 13.8845 13.0668 56.0521
internal_count=3285 1650 1308 338 1635 240 970 1610 142 941 342 114 98 1468 320 307 1461
is_linear=0
shrinkage=0.1


Tree=68
num_leaves=23
num_cat=0
split_feature=3 89 6 20 155 24 7 107 7 111 10 44 31 68 59 25 47 165 120 53 34 8
split_gain=37.8419 7.81748 9.07384 5.30331 4.51589 3.82769 4.56695 1.99201 1.8833 3.15852 1.47627 1.07567 0.67501 0.487686 0.36096 0.214337 0.194478 0.00471671 0.00382791 0.00160354 0.000219667 6.49233e-06
threshold=1.1492091006708989 1.5407359921006325 0.98754520284767422 -0.84176831786887463 1.8376652817030277 -0.57020068120972367 -0.237270769652389 1.773855949700027 -0.84896503855203853 0.7618425908893548 0.53867889194505236 1.7108481257194657 0.51956857466015716 -1.161321341429314 -2.0986185625964877 -0.5527286661291636 1.2952994224242429 0.23858262300157113 0.83761846897677172 0.56138817464467483 1.0000000180025095e-35 0.71831732408367499
decision_type=2 2 2 2 2 2 2 2 2 2 2 2 2 2 2 2 2 2 2 2 2 2
left_child=5 2 3 15 -5 6 19 11 9 10 -7 -4 13 -3 -10 -2 -11 -15 -16 -1 21 -8
right_child=1 12 7 4 -6 8 20 -9 14 16 -12 -13 -14 17 18 -17 -18 -19 -20 -21 -22 -23
leaf_value=0.071128986068247899 -0.073203726640630448 0.02297414809459615 -0.057567867071445691 0.069318874959050356 -0.070810591171297316 -0.027508152863800553 -0.068137928747952575 0.060369654169101172 -0.0090933324986497057 -0.069025140101134766 0.079157736394849659 0.021555916908673572 0.0016337217221928137 0.071045388015047048 -0.068588385860746934 -0.022298943698133396 -0.021935090337455755 0.065154138002361472 -0.071418224569990002 0.07471398697229592 -0.070002920908045191 -0.06849003574643725
leaf_weight=2.3302896991372108 3.2205930091440678 2.225398175418376 16.961383610963829 28.439544647932056 2.5021038204431525 2.2551131173968306 2.6600317489355789 1.8064083158969868 1.029135163873433 7.8314779549837095 3.0556540545076132 1.9118352681398381 1.5461561977863301 46.07971552759409 51.528491241857409 1.1129929609596718 0.98762705549597729 1.4003139026463021 5.2688974551856509 2.6855801194906235 0.85766636766493309 0.65202099829912175
leaf_count=28 43 22 227 259 46 33 85 19 9 189 16 19 11 591 1473 18 15 21 104 22 17 18
internal_value=-0.00050823 0.0384876 0.0126437 0.0434765 0.0579873 -0.0520303 0.00875898 -0.0399508 -0.0597903 -0.0270624 0.0338642 -0.0495527 0.0667031 0.0687272 -0.0677874 -0.0601299 -0.0637517 0.0708716 -0.0688509 0.0730485 -0.0685766 -0.0682072
internal_weight=188.348 107.206 55.9549 35.2752 30.9416 81.142 9.18559 20.6796 71.9564 14.1299 5.31077 18.8732 51.2516 49.7054 57.8265 4.33359 8.81911 47.48 56.7974 5.01587 4.16972 3.31205
internal_count=3285 1276 631 366 305 2009 170 265 1839 253 49 246 645 634 1586 61 204 612 1577 50 120 103
is_linear=0
shrinkage=0.1


Tree=69
num_leaves=25
num_cat=0
split_feature=110 192 190 7 162 65 0 80 162 92 162 167 33 19 194 187 84 123 172 190 195 7 93 29
split_gain=25.1029 10.2322 9.80362 5.82071 5.69576 4.41932 3.27813 2.85136 2.17433 1.96504 2.89891 2.17056 1.76683 1.70056 0.971704 0.785984 0.342709 0.247101 0.10514 0.0843831 0.057055 0.0499377 0.00678429 8.04993e-05
threshold=0.69441658294404962 0.1550714982363057 0.44320024364125682 -0.60247629119603385 0.19450231258392425 1.3828680700003806 1.83842533885231 -0.30652617057374065 0.48216698276929837 -0.36026754291498325 0.48216698276929837 -0.49624139077222323 0.53955744731826771 0.53802673636591491 -1.0000000180025095e-35 0.29064307817493107 -0.46691288150753446 3.7072122390361475 1.3286480938046907 0.059088292993960782 0.94637597733937551 -0.14154115844155277 0.38052300124804855 -0.28267407697742281
decision_type=2 2 2 2 2 2 2 2 2 2 2 2 2 2 2 2 2 2 2 2 2 2 2 2
left_child=1 13 9 12 16 7 14 -5 -7 15 18 -12 20 19 -6 -2 -4 -17 -11 22 -3 -18 -1 -8
right_child=2 3 4 5 6 8 23 -9 -10 10 11 -13 -14 -15 -16 17 21 -19 -20 -21 -22 -23 -24 -25
leaf_value=-0.076243459553115053 0.0064625022612761936 -0.072111701939593903 -0.022834433733815118 -0.051970671408434754 -0.001226756381460233 -0.074249271997890373 -0.068507778225279314 0.06816507047789501 0.065193909770088668 -0.073330639675217454 -0.058237173502138133 0.061081853490489779 0.036917426273023676 0.054525052959806419 0.070315114197129977 -0.067617976013272227 -0.070375643833374454 -0.025554426839443607 -0.039798913273821596 -0.03996232791817881 -0.044858519691299233 -0.095267133933113007 -0.06917019640403857 -0.069741645421433254
leaf_weight=1.6738728005439023 1.5182183999568213 4.2410110794007769 1.6492445487529037 2.0366021059453479 2.1925710216164669 3.5975485984235993 1.3372518792748453 66.000285249203444 1.6225743889808653 5.905906178057192 2.2417880576103926 4.7654778659343719 2.3799351155757904 1.2952254265546788 14.155725903809067 52.389410128816962 4.0269049927592269 1.434821194037794 1.1109989881515501 1.0073945485055436 0.93808959983289231 1.0076683796942267 7.1409599129110575 0.87456125020980735
leaf_count=14 27 71 26 24 26 54 36 943 22 102 40 62 34 17 169 1268 80 32 19 13 17 8 164 17
internal_value=-0.000442725 0.0367711 -0.0366035 0.0491448 0.016757 0.0577656 0.0452619 0.064569 -0.0309061 -0.0560225 -0.0225875 0.0229089 -0.0344021 -0.0531776 0.0607202 -0.0644952 -0.0623975 -0.0664967 -0.0680215 -0.06738 -0.0671753 -0.0753577 -0.0705134 -0.0689957
internal_weight=186.544 91.9335 94.6105 80.816 25.2439 73.257 18.5601 68.0369 5.22012 69.3666 14.0242 7.00727 7.55904 11.1175 16.3483 55.3424 6.68382 53.8242 7.01691 9.82223 5.1791 5.03457 8.81483 2.21181
internal_count=3285 1373 1912 1165 362 1043 248 967 76 1550 223 102 122 208 195 1327 114 1300 121 191 88 88 178 53
is_linear=0
shrinkage=0.1


Tree=70
num_leaves=22
num_cat=0
split_feature=162 39 20 25 114 156 148 161 9 168 165 20 192 153 49 24 195 179 17 174 37
split_gain=27.9944 9.98467 9.46566 6.46924 3.78491 3.67582 3.35435 2.64652 1.98984 1.45273 1.38491 1.35017 1.79417 1.2627 3.43209 1.3881 0.740758 0.691896 0.689298 0.0535173 0.00147959
threshold=0.19450231258392425 -0.63417108094669827 -0.7940623306088227 -0.57972560693608288 -1.04974070310122 2.136488706469867 0.83043781694801833 0.3585812058125703 0.85658832130325813 -0.10976519885691877 0.55885073257399032 -0.82585457421852493 0.84265326205658131 1.681508448475596 0.53822475670540182 -0.55308871708806318 0.82268092865758369 1.1362939065838136 -0.71376015926631531 2.751579342991247 -0.57276849715378497
decision_type=2 2 2 2 2 2 2 2 2 2 2 2 2 2 2 2 2 2 2 2 2
left_child=1 7 8 6 10 -5 -4 13 16 -9 18 12 -6 15 -15 -1 -3 -14 -2 20 -13
right_child=4 2 3 5 11 -7 -8 9 -10 -11 -12 19 17 14 -16 -17 -18 -19 -20 -21 -22
leaf_value=-0.043182207669059947 0.030862261537796355 0.071143895422031186 0.074590687950586584 -0.068540992229858766 0.061959224705779928 0.073847991120734827 -0.065496412728815706 -0.060192613944029728 -0.037137079704137675 0.052283358824413484 0.063311698568219957 -0.070615627376459655 -0.070741972715177653 0.061401038078895825 -0.09218745771122519 0.067647696575732039 0.0076217031533236772 0.028749432889785494 -0.072568039497409448 -0.039328364541854732 -0.068526519123787891
leaf_weight=1.1544474139809597 1.0501742511987688 15.624588180333381 6.8127245400100929 24.860284211114053 1.8965454474091519 1.9556371867656697 2.2817578576505184 2.9724865704774857 2.201084302738308 1.871214112266897 3.3759801834821701 3.6715267747640601 3.9228370543569326 5.6457141712307921 1.9600404500961301 53.522977411746979 2.0802129823714486 0.85054117441177357 1.6673157718032587 0.62906991690397163 44.236378172412515
leaf_count=18 11 166 50 485 17 13 43 25 33 26 34 65 99 74 8 682 27 10 30 16 1353
internal_value=0.000949071 0.0284735 -0.00277881 -0.0334391 -0.0542536 -0.0581568 0.0394436 0.05446 0.0525326 -0.016741 0.0205394 -0.0625089 -0.0203223 0.0599972 0.0218205 0.0653077 0.0636804 -0.0530142 -0.0325974 -0.0683061 -0.0686866
internal_weight=184.244 122.943 55.8163 35.9104 61.3004 26.8159 9.09448 67.1269 19.9059 4.8437 6.09347 55.2069 6.66992 62.2832 7.60575 54.6774 17.7048 4.77338 2.71749 48.537 47.9079
internal_count=3285 1650 817 591 1635 498 93 833 226 51 75 1560 126 782 82 700 193 109 41 1434 1418
is_linear=0
shrinkage=0.1


Tree=71
num_leaves=23
num_cat=0
split_feature=3 120 6 145 24 7 170 24 7 10 26 6 90 143 59 70 174 132 120 53 34 8
split_gain=32.9998 6.9532 5.87631 4.74012 3.38958 4.02011 3.28211 2.82507 1.76132 2.80478 1.54784 1.42818 1.66604 0.608198 0.348715 0.225304 0.123626 0.0201405 0.00308447 0.00111565 0.000151981 4.82248e-06
threshold=1.1492091006708989 1.4868018318848579 0.98754520284767422 -0.23465103872033191 -0.57020068120972367 -0.237270769652389 2.3558106011301114 -0.57091220090985872 -0.84896503855203853 0.5323645252759055 0.14231642307145828 1.2154779483705604 1.6997458262281224 0.84363295438707586 -2.0986185625964877 -0.038795347916138125 1.4606384292254018 0.83338458280124439 0.83761846897677172 0.56138817464467483 -1.0000000180025095e-35 0.71831732408367499
decision_type=2 2 2 2 2 2 2 2 2 2 2 2 2 2 2 2 2 2 2 2 2 2
left_child=4 2 3 15 5 19 -5 -4 9 13 -9 16 -13 -6 -10 -2 17 -3 -16 -1 21 -7
right_child=1 11 7 6 8 20 -8 10 14 -11 -12 12 -14 -15 18 -17 -18 -19 -20 -21 -22 -23
leaf_value=0.070634856751730396 -0.070900974379010481 0.078335506675453817 0.071762394878547617 0.064117376778639254 -0.0690477980187853 -0.067962422840574119 -0.071750135098321219 -0.068593778230057009 -0.0083070973661824952 0.044288631229812414 -0.0022966269463129832 -0.065662780671500665 0.071064929321197873 -0.00070905906220849351 -0.068378547149968535 -0.017777701249289384 0.0461507265734553 0.0700832379170062 -0.071053460966561441 0.073788116488824426 -0.069610961636978316 -0.068284486977042633
leaf_weight=2.0878759361803532 3.333516925573349 3.1994686350226393 2.2520640417933491 24.290428645908836 7.3979344461113197 2.3513906430453071 1.918376002460717 11.182735078036787 0.97681079059839149 3.9287760369479647 5.14033493772149 1.7557104434818023 1.8099003508687017 1.5805295016616581 45.828712286427617 1.0497784111648822 2.1544967368245116 39.105724982917309 4.7584352362900963 2.4255465678870678 0.7624860778450947 0.57951181381940831
leaf_count=28 59 23 27 253 198 85 20 164 9 37 65 26 24 18 1473 15 28 572 104 22 17 18
internal_value=-0.000543193 0.0375706 0.011136 0.0380746 -0.0515129 0.00901667 0.0541724 -0.0332303 -0.0592179 -0.0261816 -0.047716 0.0646337 0.00374006 -0.0570177 -0.0674874 -0.0581782 0.0695173 0.0707073 -0.0686302 0.0723294 -0.0683533 -0.0680261
internal_weight=169.871 97.1925 49.1672 30.5921 72.678 8.20681 26.2088 18.5751 64.4712 12.9072 16.3231 48.0253 3.56561 8.97846 51.564 4.3833 44.4597 42.3052 50.5871 4.51342 3.69339 2.9309
internal_count=3285 1276 603 347 2009 170 273 256 1839 253 229 673 50 216 1586 74 623 595 1577 50 120 103
is_linear=0
shrinkage=0.1


Tree=72
num_leaves=23
num_cat=0
split_feature=7 160 33 40 185 185 110 156 9 19 31 110 162 41 48 97 92 121 128 162 22 17
split_gain=21.8581 9.84242 6.92843 5.68122 4.64546 3.64275 2.63522 2.34279 2.05053 1.80446 1.11599 1.1126 1.49139 0.616641 0.615926 0.946006 0.499231 0.429545 0.283157 0.281874 0.168207 0.00019587
threshold=-0.37122873569968068 -0.46488048361001511 0.59197561510037799 0.92153630096291617 1.1474746404886973 1.3543801363119259 0.16728519437757575 2.1801070080576461 0.37049961003943555 0.53583577508536073 0.51956857466015716 0.32072368506629617 1.0000000180025095e-35 1.0807510165581256 1.4217467485257729 1.2266117365701941 0.16460699782596808 -0.10547836922150673 -0.27389424873418128 0.48216698276929837 -0.59016468386228438 -0.66783401144724164
decision_type=2 2 2 2 2 2 2 2 2 2 2 2 2 2 2 2 2 2 2 2 2 2
left_child=2 6 11 5 8 7 -2 -3 -4 17 21 12 -1 16 18 -16 -8 -5 -13 -10 -7 -6
right_child=1 3 4 9 10 20 13 -9 19 -11 -12 14 -14 -15 15 -17 -18 -19 -20 -21 -22 -23
leaf_value=-0.071022890933147884 0.046410476661824629 0.064658641023599847 -0.031004356696426524 0.0028063387949364416 -0.069636400624087866 -0.069341015293679989 -0.070301299211741983 -0.026932536150934897 0.027735612857438748 0.060338563618090674 0.058525904016323183 -0.00042769791736135192 0.062111965413115824 0.015492556034504168 0.036840098468407315 -0.068938596389368709 -0.0080474974411893999 -0.072258263157002553 -0.067544560099773485 0.071338239661524278 -0.014846644741053384 -0.068401002921317774
leaf_weight=1.6775697953999036 3.0255399942398098 63.32048119045794 2.9096916485577848 0.89809211343526829 1.7403428908437497 2.0875534750521187 11.057242959737776 2.921560648828744 1.7878992669284333 1.5470566079020498 0.76916104741394509 0.63725072145461936 1.6880956366658209 1.0863946955651034 1.50010223314166 1.9374010004103182 1.4580189771950234 5.0425778254866591 46.227820007130504 8.6830384284257871 0.7773408554494371 4.8877429366111738
leaf_count=27 24 1021 28 12 37 47 245 29 23 18 6 14 17 18 17 46 22 93 1255 127 14 145
internal_value=-0.000525349 0.0317405 -0.0409289 0.0468797 0.00810026 0.0558444 -0.0379994 0.0606191 0.0432572 -0.0358587 -0.0554939 -0.0599107 -0.00424728 -0.0567755 -0.0636351 -0.0227775 -0.0630488 -0.0609102 -0.0666319 0.0638931 -0.0545549 -0.0687254
internal_weight=167.668 93.2219 74.4461 76.5947 20.7779 69.1069 16.6272 66.242 13.3806 7.48773 7.39725 53.6682 3.36567 13.6017 50.3026 3.4375 12.5153 5.94067 46.8651 10.4709 2.86489 6.62809
internal_count=3285 1543 1742 1234 366 1111 309 1050 178 123 188 1376 44 285 1332 63 267 105 1269 150 61 182
is_linear=0
shrinkage=0.1


Tree=73
num_leaves=18
num_cat=0
split_feature=162 24 168 20 38 37 20 192 44 0 135 179 49 143 165 114 20
split_gain=24.4241 8.65493 5.73496 6.21428 6.85148 3.40463 2.18 2.13599 1.98368 1.27513 1.25356 1.16869 0.525615 0.369099 0.0454893 0.00183487 0.00152964
threshold=0.19450231258392425 -0.5389893846754602 0.30050127201046956 -0.8497436973652428 0.7700252468544746 -1.1238511705852958 -0.82585457421852493 0.63340526993829771 1.7328205945515534 0.27317213096967163 -1.7786619396944692 1.6410700395888924 0.5557485978413057 -0.36432067441744692 1.2301938528982463 -1.2518151574166423 -0.43367581799113969
decision_type=2 2 2 2 2 2 2 2 2 2 2 2 2 2 2 2 2
left_child=1 10 3 8 -5 -2 7 -7 -3 -4 -1 -9 -11 -8 16 -15 -12
right_child=5 2 9 4 -6 6 13 11 -10 12 14 -13 -14 15 -16 -17 -18
leaf_value=0.062200255839412591 0.06141131391703878 0.069083520890756908 -0.023661155019767764 -0.041196120322794093 0.047273506365843383 0.071847114270657056 0.0071281427503733195 -0.067853970294066035 -0.047954686195663447 0.071804163507159721 -0.072342399347462699 0.056674689451494932 0.031368331837364309 -0.073566768570604832 -0.041157438235183863 -0.068477377651933083 -0.068319703802450338
leaf_weight=0.81188333779573341 2.4496251717209807 19.280267499387268 1.5648460760712612 23.245923072099686 14.041409615427254 2.2755938768386832 0.65381896682083507 4.0970605816692114 1.5657613836228836 37.324847716838121 1.0672318916767807 0.92350487038493145 3.517616778612136 0.72011636011302371 0.63687092810869295 43.508764205500484 8.2714333552867156
leaf_count=7 25 269 11 330 177 28 10 105 23 507 13 9 32 10 13 1448 268
internal_value=0.000957886 0.0278311 0.0369642 0.0165655 -0.00788083 -0.0538074 -0.0592165 -0.0085206 0.0602927 0.0649274 -0.0572909 -0.0449476 0.0683216 -0.0674577 -0.0670159 -0.0685602 -0.0687794
internal_weight=165.957 111.328 100.541 58.1334 37.2873 54.6285 52.1789 7.29616 20.846 42.4073 10.7874 5.02057 40.8425 44.8827 9.97554 44.2289 9.33867
internal_count=3285 1650 1349 799 507 1635 1610 142 292 550 301 114 539 1468 294 1458 281
is_linear=0
shrinkage=0.1


Tree=74
num_leaves=24
num_cat=0
split_feature=3 89 6 20 155 24 7 7 111 5 10 198 29 65 68 59 86 3 165 120 53 34 8
split_gain=28.7193 6.2495 6.8612 4.11578 3.55674 2.98216 3.53539 1.67023 2.56427 1.53442 1.10421 0.866267 0.726459 0.446505 0.414356 0.347272 0.207886 0.194014 0.00479396 0.00242888 0.000798602 0.000102926 3.94348e-06
threshold=1.1492091006708989 1.5407359921006325 0.98754520284767422 -0.84176831786887463 1.8376652817030277 -0.57020068120972367 -0.237270769652389 -0.84896503855203853 0.7618425908893548 1.7771425881207576 0.53867889194505236 0.35955789995051352 1.1053262424515438 0.88343672926755612 -1.161321341429314 -2.0986185625964877 0.63507828071783845 1.0566133772758046 0.23858262300157113 0.83761846897677172 0.56138817464467483 -1.0000000180025095e-35 0.71831732408367499
decision_type=2 2 2 2 2 2 2 2 2 2 2 2 2 2 2 2 2 2 2 2 2 2 2
left_child=5 2 3 16 -5 6 20 8 10 11 -7 -4 14 -11 -3 -9 -2 -10 -16 -17 -1 22 -8
right_child=1 12 9 4 -6 7 21 15 17 13 -12 -13 -14 -15 18 19 -18 -19 -20 -21 -22 -23 -24
leaf_value=0.070156973441509493 -0.071976285458690364 0.022758966851943105 0.047765447616938392 0.066598105195712229 -0.070170750461129791 -0.024711918466824107 -0.067805814491172844 -0.0069275650764756922 -0.068651527750218058 0.07524241215285743 0.073873867697846457 -0.056035521069476457 -0.01193492524130433 -0.0071222751044517571 0.070125026377406321 -0.068187077451893299 -0.018067499430075955 -0.018494944719317924 0.063442578129147748 -0.070693283404392473 0.072974636316529992 -0.069252994956072289 -0.068114854360598942
leaf_weight=1.8593190945684908 2.6937522590160401 1.9585046283900727 0.85282891243696468 23.6112827770412 2.0679478943347922 1.9528412744402865 2.0739945974200973 0.93739974498748679 6.3139486368745565 1.2739012725651258 2.7165084816515446 14.038306854665278 1.1821918711066235 1.3617462813854215 36.762065630406141 40.585822558030486 0.97396644204854954 0.8785235360264777 1.1058468222618092 4.274239905178546 2.1914995722472668 0.67599773406982322 0.51554428786039341
leaf_count=28 43 22 8 259 46 33 85 9 188 11 16 217 8 29 594 1473 18 16 21 104 22 17 18
internal_value=-0.00046372 0.036807 0.0118642 0.041431 0.0555841 -0.0508739 0.00926802 -0.0585053 -0.0250628 -0.0376427 0.0326428 -0.0500907 0.0653171 0.0326875 0.0676102 -0.0671671 -0.0576608 -0.0625252 0.0699299 -0.0684259 0.0716813 -0.0681542 -0.0678673
internal_weight=152.858 87.8823 46.8737 29.3469 25.6792 64.9756 7.31636 57.6593 11.8618 17.5268 4.66935 14.8911 41.0086 2.63565 39.8264 45.7975 3.66772 7.19247 37.8679 44.8601 4.05082 3.26554 2.58954
internal_count=3285 1276 631 366 305 2009 170 1839 253 265 49 225 645 40 637 1586 61 204 615 1577 50 120 103
is_linear=0
shrinkage=0.1


Tree=75
num_leaves=25
num_cat=0
split_feature=110 192 190 65 162 7 0 80 92 162 167 162 19 73 194 187 84 123 76 68 7 90 93 29
split_gain=19.2845 7.96616 7.6527 4.66106 4.4967 3.59017 2.45971 2.27689 1.53882 2.25105 1.69098 1.49831 1.30918 1.15687 0.869453 0.643217 0.299321 0.215476 0.0921003 0.0800534 0.0304699 0.0106204 0.00267134 4.24929e-05
threshold=0.69441658294404962 0.1550714982363057 0.44320024364125682 1.3828680700003806 0.19450231258392425 -0.73305870364399939 1.83842533885231 -0.33944908069044971 -0.36026754291498325 0.48216698276929837 -0.49624139077222323 0.48216698276929837 0.53802673636591491 1.1633766956718266 -1.0000000180025095e-35 0.29064307817493107 -0.46691288150753446 3.7072122390361475 1.6086306509598989 0.1556654227190111 -0.14154115844155277 0.62977484011363549 0.38052300124804855 -0.25386949008503784
decision_type=2 2 2 2 2 2 2 2 2 2 2 2 2 2 2 2 2 2 2 2 2 2 2 2
left_child=1 12 8 5 16 13 14 -7 15 18 -11 21 19 -3 -6 -2 -4 -17 -10 22 -18 -5 -1 -8
right_child=2 3 4 11 6 7 23 -9 9 10 -12 -13 -14 -15 -16 17 20 -19 -20 -21 -22 -23 -24 -25
leaf_value=-0.073436989343428072 0.0061579752423196153 -0.071223053248418308 -0.021099277355281873 -0.081804175221128109 -0.0024634232858924722 -0.065365205264612078 -0.06808359312721636 0.065421879178491057 -0.073034834100942733 -0.056502786478265316 0.059052226706208459 0.04438893746939726 0.051574999467851879 0.046006697962418359 0.068914044181849987 -0.06693468957685382 -0.069737629265556961 -0.023806551681364398 -0.040573089926662295 -0.035999248997123749 -0.090520153536289769 -0.069676539818530836 -0.068732519727213046 -0.069106525766618479
leaf_weight=1.5353162977844457 1.281614813953637 2.7899706847965713 1.422441344708204 0.94685886055231039 2.0032219719141731 1.364196253940462 1.0699187424033878 54.87536371871829 4.6629252638667804 1.8761732354760168 3.8962159622460604 1.5104534234851597 1.0659976191818712 1.2055414058268068 11.523999288678166 41.692230146378279 3.2856232970952983 1.1915571391582478 1.075625594705343 0.77960949763655651 0.89834899082780184 3.0417885761708021 5.6443347688764334 0.65451010316610236
leaf_count=17 27 57 26 7 26 18 37 968 91 40 62 27 17 19 169 1268 80 32 30 14 8 69 160 16
internal_value=-0.000522619 0.0356008 -0.0358083 0.0476964 0.0158544 0.0557421 0.0440055 0.0622494 -0.0551627 -0.0225982 0.0214939 -0.040434 -0.0524954 -0.035852 0.0583439 -0.0636501 -0.0607274 -0.0657363 -0.0669503 -0.0664338 -0.0741999 -0.0725555 -0.0697385 -0.0684718
internal_weight=151.294 74.7594 76.5344 65.7342 20.8581 60.2351 15.2517 56.2396 55.6763 11.5109 5.77239 5.4991 9.02526 3.99551 13.5272 44.1654 5.60641 42.8838 5.73855 7.95926 4.18397 3.98865 7.17965 1.72443
internal_count=3285 1373 1912 1165 362 1062 248 986 1550 223 102 103 208 76 195 1327 114 1300 121 191 88 76 177 53
is_linear=0
shrinkage=0.1


Tree=76
num_leaves=21
num_cat=0
split_feature=162 168 20 34 37 166 44 38 0 20 86 87 195 158 20 149 36 67 75 165
split_gain=21.3756 7.5348 8.07354 7.20817 3.02819 2.75863 1.97154 1.87392 1.77544 1.15065 1.36783 1.11542 0.979814 0.838986 2.02889 0.299891 0.114448 0.050901 0.0012706 0.000459862
threshold=0.19450231258392425 0.31650489238632579 -0.79736367449433898 0.44526885099361624 -0.75250146054684586 1.2806612040269758 1.7328205945515534 0.7700252468544746 0.22553907799380549 -0.82585457421852493 0.94261569231718034 -0.027977483343346366 0.8842791741381083 1.1019495003287199 -0.76889046423593377 0.71050584832464381 0.6905924870556216 0.52163988972730058 0.19524077981293111 1.5665368017903818
decision_type=2 2 2 2 2 2 2 2 2 2 2 2 2 2 2 2 2 2 2 2
left_child=1 2 6 5 11 -4 12 -5 -3 10 -6 15 -1 17 -15 -2 -12 -10 -11 -20
right_child=4 8 3 7 9 -7 -8 -9 13 18 16 -13 -14 14 -16 -17 -18 -19 19 -21
leaf_value=0.069767928381101504 0.071547686114155018 -0.053456783889575116 -0.061224141585561082 -0.014933586664449465 0.03758169007175504 0.054674331784609703 -0.049467499612934625 0.063071767086483821 0.070950522568042726 -0.073583413679058157 -0.07084734059173492 -0.052995735961089398 -0.013007240899013934 0.071769525238455645 -0.046015915473883763 0.012276400508847894 -0.021103358969642612 0.085555559343493459 -0.068187765719164808 -0.071186410806157202
leaf_weight=18.508927734568722 2.2594337016344075 1.3010809700936068 24.325066417455677 4.5939476210623971 2.3883238546550265 2.2430846821516743 1.6779020614922036 9.3428656533360463 28.807272985577587 0.44854232668876548 2.6701144650578503 1.5148867461830366 1.549760641530155 4.4423160776495934 2.180139521136879 1.3719989247620104 0.55942060984671105 2.6018014810979357 36.933350097388029 0.51860016398131747
leaf_count=279 30 13 518 51 27 33 28 145 429 9 82 20 22 69 36 20 18 27 1420 9
internal_value=0.0010404 0.027149 0.00549785 -0.0208857 -0.0534541 -0.0514391 0.0546622 0.0373591 0.0614106 -0.0620323 -0.0197974 0.0190851 0.0633726 0.0653403 0.0329941 0.0491543 -0.0622307 0.0721603 -0.0682927 -0.0682293
internal_weight=150.239 101.574 62.2416 40.505 48.6647 26.5682 21.7366 13.9368 39.3326 43.5184 5.61786 5.14632 20.0587 38.0315 6.62246 3.63143 3.22954 31.4091 37.9005 37.452
internal_count=3285 1650 1076 747 1635 551 329 196 574 1565 127 70 301 561 105 50 100 456 1438 1429
is_linear=0
shrinkage=0.1


Tree=77
num_leaves=24
num_cat=0
split_feature=186 71 24 7 47 38 90 6 44 89 110 137 7 11 155 118 11 196 19 21 163 71 58
split_gain=25.098 5.797 2.60811 2.90101 2.48932 2.70785 2.13481 1.81827 3.33353 1.7103 1.3002 1.28967 1.0353 1.44808 0.927349 0.633085 0.571141 0.468353 0.0492628 0.0184822 0.0122058 0.00365529 6.28792e-05
threshold=1.0645902329271515 0.71470248831613647 -0.57230827285767483 -0.20640608489787407 1.2485890694458486 0.78906626587412643 1.6333157808067253 0.67534838531076657 0.74739862423933323 1.7027841210663517 1.2983489418091518 1.2741649411463081 -1.1885902904357046 -0.71259151326181891 2.1376873732449222 -0.41062159127026487 -0.58347327169724028 1.6117617760606786 0.57212644548490854 0.054715900701244033 0.43799161851747431 0.83777547785303952 1.0468472479120223
decision_type=2 2 2 2 2 2 2 2 2 2 2 2 2 2 2 2 2 2 2 2 2 2 2
left_child=2 4 3 19 5 14 11 8 18 15 -7 -6 13 -9 -2 -3 -10 -14 -4 -1 22 -17 -5
right_child=1 9 7 20 6 10 -8 12 16 -11 -12 -13 17 -15 -16 21 -18 -19 -20 -21 -22 -23 -24
leaf_value=0.080304796590162125 0.064751117945609796 -0.0044481273261874682 -0.068362103498782606 -0.067739300812704711 0.025883821458652652 -0.059245310357133887 0.074417112179791897 -0.068253680228549871 0.0091933452911274974 0.069849303025995485 0.055405117027175432 -0.067739236566705482 -0.067701678904926246 0.07605110868052635 -0.020636101544674008 -0.074851627197069226 0.083539501288739965 0.025365209160829873 -0.036300512299113137 0.065893061848367629 -0.049648659531819822 -0.068461631863994038 -0.069031699962332688
leaf_weight=1.6299857608973982 51.41391441039741 1.9869763255119322 5.1752206943929178 1.7708706054836509 2.3654024843126518 2.8433937188237897 2.6724184639751911 1.5602228473871949 1.8025423437356947 1.3139506094157694 1.5167909562587736 3.8926647007465363 42.750742428004742 1.2545468918979157 1.3041765745729197 1.0976710002869348 2.4212970733642578 0.54766029492020507 0.52814280241727818 1.9597478806972501 0.43127727136015881 4.853227362036705 0.47808828391134728
leaf_count=14 826 26 178 79 32 38 35 52 35 23 17 45 1589 7 22 13 12 8 14 29 19 159 13
internal_value=-0.000561451 0.038303 -0.0475033 0.0136614 0.0486934 0.0563748 -0.000401637 -0.0543466 -0.0155246 -0.0358288 -0.0193615 -0.0323519 -0.0627041 -0.00393683 0.0626387 -0.0533217 0.0518119 -0.0665245 -0.0653931 0.072437 -0.0650589 -0.0696403 -0.068014
internal_weight=137.571 75.2606 62.3103 6.26997 66.0088 57.0783 8.93049 56.0404 9.9272 9.25183 4.36018 6.25807 46.1132 2.81477 52.7181 7.93787 4.22384 43.2984 5.70336 3.58973 2.68024 5.9509 2.24896
internal_count=3285 1236 2049 154 1015 903 112 1895 239 221 55 77 1656 59 848 198 47 1597 192 43 111 172 92
is_linear=0
shrinkage=0.1


Tree=78
num_leaves=27
num_cat=0
split_feature=110 192 190 162 186 39 0 7 73 19 185 14 194 34 34 3 27 161 7 48 48 19 81 146 164 29
split_gain=16.7736 6.9389 6.6482 3.89881 3.73025 3.13025 2.13063 1.79267 1.76169 1.44999 1.36275 1.22389 0.800101 0.748947 0.663544 1.85164 0.557225 0.496104 0.455657 0.304392 0.265483 0.189657 0.101166 0.0941515 0.0353202 2.83427e-05
threshold=0.69441658294404962 0.2989434280481037 0.44320024364125682 0.19450231258392425 1.0487539765967329 -0.60120781536190793 1.83842533885231 -0.74081274349540827 0.21486269191309995 0.56636079256992533 1.0252395899055158 -0.17942761878721028 -1.0000000180025095e-35 -0.30042238992379355 -0.75819698504532618 1.1492091006708989 -0.13548266534776202 0.3585812058125703 -0.090067067557618299 1.4909169745043929 1.2418422565012863 0.53615570847766147 0.90859471156876437 0.88460984566116296 0.51688314667224711 -0.25386949008503784
decision_type=2 2 2 2 2 2 2 2 2 2 2 2 2 2 2 2 2 2 2 2 2 2 2 2 2 2
left_child=1 5 9 19 7 16 12 13 -9 14 17 -6 -5 -3 15 -2 -1 -11 -7 24 -16 -13 -18 -12 -4 -8
right_child=2 4 3 6 11 18 25 8 -10 10 23 21 -14 -15 20 -17 22 -19 -20 -21 -22 -23 -24 -25 -26 -27
leaf_value=0.013996637212296898 0.068822580558776533 0.045969077894671556 -0.07401734264347852 -0.0026044733833524764 0.056674541181802741 0.001466444452146008 -0.067927004388496179 -0.021185106611127321 0.068094533177297842 -0.0067220901169085081 -0.068158853703959785 -0.069460567694017997 0.067918687441935965 -0.071930970251842113 -0.068849614998547443 -0.065629533810777962 -0.070616665947859647 0.072147568058267442 0.075780005194411373 -0.0023414685768454947 -0.047097038593033054 -0.01932214889989654 -0.033024215434708716 -0.019173291104020416 -0.050520741875197839 -0.068813994634112169
leaf_weight=0.93435580842196841 1.4498839285224665 0.86969197168946299 3.5366319287568357 1.9060406237840659 1.2528201229870317 1.27375815063715 0.94932421483099461 2.3264078348875037 44.233927622437477 1.4697306826710694 2.284315994009376 2.9602380767464633 10.313169542700049 1.4161048997193564 32.244957519695163 3.489441990852356 7.974857406690715 1.7438093461096285 2.3424152992665759 0.79243795201182354 6.7925981432199469 1.0124880466610191 0.78646696917712677 0.47373737022280682 0.78103977441787709 0.58055968023836502
leaf_count=15 23 14 79 26 16 30 37 44 884 23 81 72 169 28 1054 111 201 26 39 13 218 18 12 14 22 16
internal_value=-0.000587426 0.0348759 -0.0353168 0.0152695 0.0507981 -0.0297987 0.0429888 0.059389 0.0636336 -0.0544168 -0.00817998 -0.0295051 0.056918 -0.0270728 -0.0606953 -0.0261626 -0.0594133 0.0360761 0.0496039 -0.0593111 -0.0650646 -0.0566823 -0.0672422 -0.0597448 -0.069767 -0.0682636
internal_weight=136.191 67.3835 68.8077 18.8592 54.0717 13.3119 13.7491 48.8461 46.5603 49.9485 5.97159 5.22555 12.2192 2.2858 43.9769 4.93933 9.69568 3.21354 3.61617 5.11011 39.0376 3.97273 8.76132 2.75805 4.31767 1.52988
internal_count=3285 1373 1912 362 1076 297 248 970 928 1550 144 106 195 42 1406 134 228 49 69 114 1272 90 213 95 101 53
is_linear=0
shrinkage=0.1


Tree=79
num_leaves=21
num_cat=0
split_feature=162 24 192 110 184 114 161 58 20 191 135 177 165 18 21 11 155 53 20 37
split_gain=18.6543 6.65305 4.5078 4.94068 3.06148 2.70543 2.50255 1.12805 1.03002 1.26107 1.00665 0.986899 0.984655 0.678956 0.587104 0.47753 0.0425752 0.0423131 0.00101425 0.000599548
threshold=0.19450231258392425 -0.5389893846754602 0.56589539787632415 0.59498340777129965 1.210123808373224 -1.04974070310122 0.3585812058125703 1.0717528179073326 -0.82585457421852493 1.0966955381802683 -1.7786619396944692 1.1502098502424818 0.55885073257399032 -0.037529827337476403 -0.56195046417027905 -0.730073262603392 2.6623651102616797 1.3328733114706737 -0.43367581799113969 -0.57276849715378497
decision_type=2 2 2 2 2 2 2 2 2 2 2 2 2 2 2 2 2 2 2 2
left_child=1 10 6 7 -5 12 11 -4 9 -7 -1 -3 15 -8 -11 -2 19 18 -12 -10
right_child=5 2 3 4 -6 8 13 -9 16 14 17 -13 -14 -15 -16 -17 -18 -19 -20 -21
leaf_value=0.059869263332070446 0.0279263079450527 0.072017432821217586 -0.074316119313474108 0.05438306084555871 -0.011171171989146755 0.060529718738739503 0.028864520905003715 0.015987685201300013 -0.069528439282377563 -0.069915418338613519 -0.071555122969160376 0.036993598551074071 0.0612122532392151 -0.076808681103537876 0.037403929438429108 -0.071227038150929595 -0.037455788063040944 -0.039097373810410563 -0.068011328288089229 -0.067989828780761527
leaf_weight=0.68378257937729259 0.80209567397832904 30.961024191230536 6.9228726010769588 18.719108087942008 11.501199599355457 1.424846690148114 0.96190943196415934 1.7287347763776777 2.7599058654159263 2.8935993984341621 0.92055666074156661 10.869962397962807 2.5454432033002377 1.6525997426360834 0.61875514872372184 1.2314289063215245 0.45909284427761932 0.52565647475421418 6.5833031851798287 30.75007503293455
leaf_count=7 11 498 124 290 176 18 22 25 67 97 13 186 34 28 11 30 15 15 266 1352
internal_value=0.00103265 0.0265361 0.0352311 0.0103591 0.0294345 -0.052942 0.056984 -0.0562719 -0.061499 -0.0188199 -0.0566059 0.0629163 0.0197645 -0.0379302 -0.0510095 -0.0321174 -0.0677022 -0.0665247 -0.0684461 -0.0681165
internal_weight=135.516 92.0307 83.3174 38.8719 30.2203 43.4852 44.4455 8.65161 38.9063 4.9372 8.7133 41.831 4.57897 2.61451 3.51235 2.03352 33.9691 8.02952 7.50386 33.51
internal_count=3285 1650 1349 615 466 1635 734 149 1560 126 301 684 75 50 108 41 1434 294 279 1419
is_linear=0
shrinkage=0.1


Tree=80
num_leaves=25
num_cat=0
split_feature=3 120 6 145 73 24 7 165 7 111 90 6 90 10 198 59 47 71 54 47 120 53 34 8
split_gain=21.9392 5.04198 4.01365 3.26642 2.49487 2.35898 2.76449 1.99206 1.41829 2.00244 1.30466 1.06046 1.1628 0.809524 0.48737 0.322295 0.178438 0.122579 0.0610848 0.0483495 0.00174775 0.00043031 5.43232e-05 5.82784e-06
threshold=1.1492091006708989 1.4868018318848579 0.98754520284767422 -0.25681356676723449 1.9085323766684155 -0.57020068120972367 -0.237270769652389 -0.92071314735403043 -0.84896503855203853 0.7618425908893548 1.2837270443476936 1.2154779483705604 1.6997458262281224 0.53867889194505236 0.35955789995051352 -2.0986185625964877 1.2952994224242429 0.80617221210945911 1.4812037152580884 1.342516086548142 0.83761846897677172 0.56138817464467483 0.06607452548659927 0.71831732408367499
decision_type=2 2 2 2 2 2 2 2 2 2 2 2 2 2 2 2 2 2 2 2 2 2 2 2
left_child=5 2 3 18 -5 6 21 10 9 13 -4 17 -13 -7 -9 -10 -11 19 -2 -3 -17 -1 23 -8
right_child=1 11 7 4 -6 8 22 14 15 16 -12 12 -14 -15 -16 20 -18 -19 -20 -21 -22 -23 -24 -25
leaf_value=0.069382518898937526 -0.070817274515701342 0.06991551971073913 -0.038767396860352257 0.060859806252173181 -0.060366862779836106 -0.022683760040541387 -0.067550128966297016 0.032657186440067966 -0.0055379290075312625 -0.068286941201470316 0.060160168833012374 -0.063173321255204321 0.069769978470983804 0.068628411048965471 -0.066278289505126917 -0.067886598500856293 -0.015277755911872849 0.031588667579248109 -0.037981660807284247 0.047658480830919073 -0.070238596727607197 0.071684075369374947 -0.068862844730010475 -0.067946565093980574
leaf_weight=1.4799557477235796 2.2096206191927226 29.697251565754421 2.3898293394595376 18.604287082329396 1.8681320063769806 1.6622977387160047 1.6560267508029936 0.52913497388362785 0.8424580916762342 5.0061605907976627 3.0148686803877354 1.3407570775598281 1.291835021227598 2.3342648185789585 8.4388403166085464 32.034813091158867 0.72726617194712151 0.89246180094778438 0.76191329397261132 1.0091842953115691 3.5050925258547059 1.8007756806910036 0.436870727688074 0.47780991345643986
leaf_count=28 46 594 34 254 25 33 87 7 9 189 40 26 24 16 175 1473 15 12 22 17 104 22 13 20
internal_value=-0.000483328 0.0352372 0.0100685 0.0355768 0.0497977 -0.0500101 0.00980194 -0.0315393 -0.0576 -0.0236872 0.0164167 0.0630419 0.00206307 0.0306488 -0.0604408 -0.0666695 -0.0615629 0.0681222 -0.0623981 0.069184 -0.0681186 0.0706458 -0.0678469 -0.0676389
internal_weight=124.012 72.0481 37.8166 23.444 20.4724 51.9638 5.85144 14.3727 46.1124 9.72999 5.4047 34.2315 2.63259 3.99656 8.96798 36.3824 5.73343 31.5989 2.97153 30.7064 35.5399 3.28073 2.57071 2.13384
internal_count=3285 1276 603 347 279 2009 170 256 1839 253 74 673 50 49 182 1586 204 623 68 611 1577 50 120 107
is_linear=0
shrinkage=0.1


Tree=81
num_leaves=23
num_cat=0
split_feature=7 160 33 40 185 185 110 156 9 19 29 110 162 41 47 29 134 190 162 22 10 17
split_gain=14.8587 6.76309 4.71842 3.87527 3.01431 2.32274 1.89705 1.69566 1.57265 1.26981 0.918575 0.792852 1.02702 0.531166 0.515636 0.868659 0.396081 0.385783 0.356883 0.180228 0.175195 8.84688e-05
threshold=-0.37122873569968068 -0.46488048361001511 0.59197561510037799 0.92153630096291617 1.1474746404886973 1.3543801363119259 0.16728519437757575 2.1801070080576461 0.37049961003943555 0.54686632543613212 1.1784908327442902 0.32072368506629617 1.0000000180025095e-35 1.0807510165581256 1.283686789828977 0.19108976029673 -0.48334835104932322 0.67334936488737662 0.19450231258392425 -0.46257680485620761 0.58945443630147343 -0.66019236329654396
decision_type=2 2 2 2 2 2 2 2 2 2 2 2 2 2 2 2 2 2 2 2 2 2
left_child=2 6 11 5 8 7 -2 -3 -4 16 21 12 -1 17 20 -16 -5 -8 -10 -7 -13 -6
right_child=1 3 4 9 10 19 13 -9 18 -11 -12 14 -14 -15 15 -17 -18 -19 -20 -21 -22 -23
leaf_value=-0.069832680616849038 0.043127335830676093 0.062484414585971981 -0.031658400273461632 -0.070715696552228022 -0.068779545483173263 -0.068487080794114599 -0.067987208854401668 -0.025615996931255332 0.0057275905294878575 0.067897843355116158 0.067636813433285689 -0.067562089066293435 0.058537864957594492 0.017728661164191344 -0.056978578001580377 0.052186871720011789 0.0016207761955203779 0.0065762587991444622 0.069960753930107464 -0.0030167114414885211 -0.02108741959963123 -0.067851747207766835
leaf_weight=1.2167124170809978 2.4552036747336379 46.061421690508723 2.3741944041103107 3.6685621757060285 1.5049057472497214 1.4813896659761669 8.5457699280232138 2.2934256196022025 0.99507971853017796 1.0116705205291507 0.55665906518697728 31.631280775181949 1.2776859086006878 0.919787388294936 2.6229474078863855 1.0094426702708004 0.95374624431133215 0.75521119497716505 6.6159651074558496 0.58710961230099101 0.8324723020195951 3.2413288149982691
leaf_count=27 24 1021 28 91 45 48 259 29 18 13 4 1191 17 18 98 19 19 8 132 13 24 139
internal_value=-0.000659433 0.0301617 -0.0399781 0.0450781 0.00703868 0.0538668 -0.0358035 0.0583059 0.0393976 -0.03358 -0.0538924 -0.0586044 -0.00407845 -0.054764 -0.0623724 -0.0266415 -0.0557901 -0.0619329 0.0615628 -0.0499044 -0.0663703 -0.0681459
internal_weight=122.612 68.7333 53.8787 56.0573 15.2881 50.4233 12.676 48.3548 9.98524 5.63398 5.30289 38.5905 2.4944 10.2208 36.0961 3.63239 4.62231 9.30098 7.61104 2.0685 32.4638 4.74623
internal_count=3285 1543 1742 1234 366 1111 309 1050 178 123 188 1376 44 285 1332 117 110 267 150 61 1215 184
is_linear=0
shrinkage=0.1


Tree=82
num_leaves=20
num_cat=0
split_feature=162 40 198 25 20 156 114 161 9 20 191 69 36 184 24 21 68 155 37
split_gain=16.2644 5.98543 6.2242 5.03404 2.73906 2.49341 2.41901 2.08088 1.45462 0.929248 1.08658 0.893236 0.87314 0.712038 0.579976 0.524406 0.0667105 0.0431998 0.000425141
threshold=0.19450231258392425 0.71687567449303546 0.78455809753775618 -0.57484819364284845 -0.59818870176699479 2.136488706469867 -1.04974070310122 0.3585812058125703 0.85658832130325813 -0.82585457421852493 1.0966955381802683 0.26127231151195718 0.50929613090224868 1.4870039499889531 -0.5389893846754602 -0.56195046417027905 0.33389994238444648 2.6623651102616797 -0.57276849715378497
decision_type=2 2 2 2 2 2 2 2 2 2 2 2 2 2 2 2 2 2 2
left_child=1 2 3 4 -1 -5 12 13 16 10 -8 -9 -2 14 -3 -12 -4 18 -11
right_child=6 7 8 5 -6 -7 9 11 -10 17 15 -13 -14 -15 -16 -17 -18 -19 -20
leaf_value=0.06583359190106465 -0.040210493861388245 -0.0014788091779868702 0.070229850389317588 -0.064892939716307579 -0.061502510906909294 0.067046557933223269 0.058800510538560218 -0.078679038701380433 -0.034834342606726701 -0.069221915095883171 -0.069558748104795731 0.025509474340174067 0.054462282320740678 -0.020290470182364708 0.064254485786833612 0.035707770462570038 0.043979027011177119 -0.035901795225738511 -0.067850663477380571
leaf_weight=6.9410380069166422 1.5482250060886134 1.3947981726378191 10.759883854538201 18.428149390034385 2.232635820284484 1.5530463717877854 1.2898994497954834 1.5476411953568452 1.5611708126962174 2.4655957063660052 2.569100784137845 1.7570753227919338 2.6273191031068563 1.088225008919834 35.640071414411068 0.58010547421872649 1.063782762736081 0.42625419236719508 27.245803222060207
leaf_count=77 36 20 175 490 57 14 18 19 31 67 97 35 39 9 701 11 22 15 1352
internal_value=0.00105112 0.0257829 -0.000564715 -0.0264824 0.0348433 -0.0546379 -0.052537 0.0528376 0.0558891 -0.0612193 -0.0185043 -0.0232833 0.0193591 0.0594362 0.0617789 -0.0501679 0.067868 -0.067511 -0.0679645
internal_weight=122.72 83.9675 42.5397 29.1549 9.17367 19.9812 38.7523 41.4278 13.3848 34.5768 4.43911 3.30472 4.17554 38.1231 37.0349 3.14921 11.8237 30.1377 29.7114
internal_count=3285 1650 866 638 134 504 1635 784 228 1560 126 54 75 730 721 108 197 1434 1419
is_linear=0
shrinkage=0.1


Tree=83
num_leaves=25
num_cat=0
split_feature=3 120 6 37 170 24 7 165 7 19 67 90 6 90 24 59 71 183 47 77 120 53 34 8
split_gain=19.0045 4.5353 3.50236 2.95801 2.98374 2.10647 2.44727 1.75628 1.34298 1.80986 1.65172 1.1198 0.960384 1.01878 0.392976 0.325117 0.123396 0.0866778 0.053215 0.042671 0.00129865 0.000327462 3.62602e-05 4.36497e-06
threshold=1.1492091006708989 1.4868018318848579 0.98754520284767422 -0.66432279582848541 1.7907307176914273 -0.57020068120972367 -0.237270769652389 -0.92071314735403043 -0.84896503855203853 0.49591338636191573 -0.64123457482480462 1.2837270443476936 1.2154779483705604 1.6997458262281224 -0.5516883088379646 -2.0986185625964877 0.80617221210945911 0.24173036649807175 1.342516086548142 -0.040441521723781779 0.83761846897677172 0.56138817464467483 0.06607452548659927 0.71831732408367499
decision_type=2 2 2 2 2 2 2 2 2 2 2 2 2 2 2 2 2 2 2 2 2 2 2 2
left_child=5 2 3 17 -5 6 21 11 9 19 -11 -4 16 -14 -9 -10 18 -2 -3 -7 -17 -1 23 -8
right_child=1 12 7 4 -6 8 22 14 15 10 -12 -13 13 -15 -16 20 -18 -19 -20 -21 -22 -23 -24 -25
leaf_value=0.069100142251066643 -0.070036386936427358 0.069598267031415098 -0.036801019509218991 0.064489002734388443 -0.051635074122802549 -0.068255376972656698 -0.067446919700556121 0.0024136305875641123 -0.0037888355781351274 0.076132251033490875 -0.052031696580559054 0.058387245490759555 -0.061821382182193352 0.069381878581387529 -0.067237566098599197 -0.067754498824586687 0.029764277331317313 -0.028597652366714878 0.045222415196593507 -0.036259340873392214 -0.069900948993216791 0.071212835579639783 -0.068593743372735036 -0.067811630489559793
leaf_weight=1.3322166725993159 2.1981390900909932 26.386358257383119 2.2387611996382466 16.301234241575006 2.5601820833981028 4.2403624737635255 1.4613203052431338 0.91152994893491168 0.80959144607185862 2.5310146175324917 1.6683868207037447 2.7588415928184986 1.2294303104281419 1.1411491073668001 7.2757151797413817 28.414009252563126 0.83582552336156268 0.65523779019713391 0.92706626653671165 0.46225024387240221 3.1291267639026037 1.6328594721853731 0.38507128413766611 0.42319206055253733
leaf_count=28 57 594 34 235 37 176 87 20 9 18 39 40 26 24 162 1473 12 18 17 20 104 22 13 20
internal_value=-0.000430165 0.034309 0.00968659 0.0343714 0.0487267 -0.0493148 0.0104428 -0.030968 -0.0568972 -0.0225012 0.0252138 0.015746 0.0624649 0.00133722 -0.0594829 -0.0663614 0.0676127 -0.0605206 0.0687709 -0.0651103 -0.0679674 0.0702636 -0.0677095 -0.0675288
internal_weight=111.909 65.4195 34.8996 21.7148 18.8614 46.4894 5.23466 13.1848 41.2547 8.90201 4.1994 4.9976 30.5198 2.37058 8.18725 32.3527 28.1493 2.85338 27.3134 4.70261 31.5431 2.96508 2.26958 1.88451
internal_count=3285 1276 603 347 272 2009 170 256 1839 253 57 74 673 50 182 1586 623 75 611 196 1577 50 120 107
is_linear=0
shrinkage=0.1


Tree=84
num_leaves=25
num_cat=0
split_feature=110 192 190 162 186 39 0 75 65 162 3 156 14 194 27 7 119 123 49 88 19 81 91 190
split_gain=12.9361 5.39872 5.17805 3.07716 2.94038 2.44998 1.60455 1.42388 1.27488 1.16529 2.76943 1.16664 0.955644 0.711059 0.456467 0.384242 0.338629 0.326285 0.280775 0.273574 0.156276 0.09685 0.0309222 1.39558e-05
threshold=0.69441658294404962 0.2989434280481037 0.44320024364125682 0.19450231258392425 1.0487539765967329 -0.60120781536190793 1.83842533885231 0.11733809239431443 1.3969377795541982 0.48216698276929837 1.1965964519981045 0.43573789411045488 -0.17942761878721028 1.0000000180025095e-35 -0.13548266534776202 -0.090067067557618299 0.60733765067167556 3.4153283342064067 1.5451827132640241 0.47098704743433722 0.53615570847766147 0.90859471156876437 0.84823506260139403 0.73250835544278681
decision_type=2 2 2 2 2 2 2 2 2 2 2 2 2 2 2 2 2 2 2 2 2 2 2 2
left_child=1 5 9 19 7 14 13 -3 -9 17 11 -11 -6 -5 -1 -7 -12 18 -2 22 -14 -16 -4 -8
right_child=2 4 3 6 12 15 23 8 -10 10 16 -13 20 -15 21 -17 -18 -19 -20 -21 -22 -23 -24 -25
leaf_value=0.013720944066959034 -0.069095895388044268 -0.053304353461909884 -0.047994193829740989 -0.0037422404388794705 0.054466219331243487 0.00049558729453312968 -0.067635012246019657 0.065070784171312998 -0.025406816871077043 -0.048276179143868059 0.014040262226333936 0.063327857933065973 -0.068935264526483783 0.066817304569452896 -0.070075865435163864 0.074995582829345195 -0.067079086248258243 0.015181506934993786 0.0041882802801559461 -0.0012308308739651993 -0.019504070593355738 -0.030433199201882401 -0.072996913903743257 -0.068334669952800173
leaf_weight=0.79242677055299271 25.248695143498487 1.1167772710323323 0.59235383383929674 1.7229923028498877 1.0383967794477937 1.087327625602484 0.72149891313165315 36.789204466156662 1.6261896993964899 1.2955320421606291 0.54742260463535686 3.3811914399266243 2.3866809979081149 8.3480769805610162 6.4445071713998914 1.9055532123893479 8.5844753310084325 0.48535029776394267 0.53385607898235221 0.7173550110310315 0.87370353564620007 0.68143820203840721 2.9988472387194633 0.4713332187384367
leaf_count=15 1023 19 18 26 16 30 36 915 36 45 12 66 72 169 201 39 383 12 9 18 18 12 78 17
internal_value=-0.000719288 0.0337952 -0.0346714 0.0142638 0.0494638 -0.0291463 0.0417565 0.0580048 0.0612407 -0.053686 -0.0301676 0.0324116 -0.0290803 0.0547457 -0.0582784 0.0479294 -0.0622163 -0.0660493 -0.0675785 -0.0576107 -0.0556889 -0.0662849 -0.0688728 -0.0679115
internal_weight=110.391 54.7422 55.649 15.5725 43.831 10.9113 11.2639 39.5322 38.4154 40.0765 13.8086 4.67672 4.29878 10.0711 7.91837 2.99288 9.1319 26.2679 25.7826 4.30856 3.26038 7.12595 3.5912 1.19283
internal_count=3285 1373 1912 362 1076 297 248 970 951 1550 506 111 106 195 228 69 395 1044 1032 114 90 213 96 53
is_linear=0
shrinkage=0.1


Tree=85
num_leaves=22
num_cat=0
split_feature=162 168 20 35 166 37 44 158 20 20 195 114 87 195 149 12 67 43 40 33 166
split_gain=14.2384 5.36646 5.68221 4.9819 2.3581 2.18464 1.45215 1.35046 2.28845 0.904178 0.994529 0.882707 0.80696 0.569702 0.218562 0.0768492 0.0220953 0.00232098 0.00138241 0.0005061 0.000221479
threshold=0.19450231258392425 0.31650489238632579 -0.79736367449433898 -0.64028909914408472 1.3705976495592944 -0.75250146054684586 1.4833839764555681 1.0548419804308167 -0.76889046423593377 -0.82585457421852493 0.53972148075600967 -0.72133287847297756 -0.027977483343346366 0.7844737667647671 0.71050584832464381 -0.064660073808211149 0.52163988972730058 1.9414596117651339 0.74780115811682857 -0.53774049395079948 1.6892713562823058
decision_type=2 2 2 2 2 2 2 2 2 2 2 2 2 2 2 2 2 2 2 2 2
left_child=1 2 6 11 -5 12 13 15 17 10 -7 -4 14 -1 -2 16 -3 -9 -12 -11 -21
right_child=5 7 3 4 -6 9 -8 8 -10 19 18 -13 -14 -15 -16 -17 -18 -19 -20 20 -22
leaf_value=0.069336431762128628 0.070326608977147584 0.069976236329415825 0.066284893091652669 -0.054187401198436673 0.055926835129873689 0.028383808285916926 -0.03276514872882752 0.068601292084752838 -0.057271099311126707 -0.070739644725396331 -0.06776328671855418 -0.014528637934457933 -0.051542982540108452 0.00067468606318892661 0.012612299080169132 0.040098078164496474 0.080876901796547621 0.074279114954611314 -0.074164277077509985 -0.067747095376464894 -0.070253806949985481
leaf_weight=13.085275573655965 1.6777280811220414 20.393215298652656 6.086807006970048 20.973307028412822 2.14356455951929 2.2044510925188687 1.7789830993860949 2.1979996860027318 2.4569121776148668 0.59163616131991403 1.5578657388687132 1.7373960278928304 1.1642258446663607 1.3313716873526562 1.0776089634746311 0.83637333009392278 2.0460483543574801 1.0706521160900591 0.43067336361855257 25.551225788891319 0.35740150697529216
leaf_count=270 30 415 125 557 40 38 34 57 39 16 81 25 20 25 20 24 27 12 8 1414 8
internal_value=0.00113609 0.0253116 0.00448718 -0.0206323 -0.0439768 -0.0520427 0.0524769 0.0591582 0.0156496 -0.0610205 -0.0178717 0.0483399 0.0182603 0.0629955 0.0477546 0.0698608 0.0709702 0.0704611 -0.0691496 -0.0678477 -0.0677817
internal_weight=110.751 76.1379 47.1367 30.9411 23.1169 34.6128 16.1956 29.0012 5.72556 30.6933 4.19299 7.8242 3.91956 14.4166 2.75534 23.2756 22.4393 3.26865 1.98854 26.5003 25.9086
internal_count=3285 1650 1076 747 597 1635 329 574 108 1565 127 150 70 295 50 466 442 69 89 1438 1422
is_linear=0
shrinkage=0.1


Tree=86
num_leaves=23
num_cat=0
split_feature=186 44 150 24 7 20 6 44 6 156 7 29 40 11 110 66 53 3 172 120 59 13
split_gain=16.6181 4.04251 2.35031 1.96212 2.02772 1.85126 1.75234 1.43922 2.6974 1.41995 1.0809 0.965702 0.754708 0.476347 0.076203 0.0428553 0.0114357 0.010408 0.00253563 0.00122264 0.000104788 1.98241e-05
threshold=1.0645902329271515 1.1370776116198378 1.2977147922361467 -0.57230827285767483 -0.20640608489787407 -0.84176831786887463 1.4758889347639157 0.74739862423933323 0.71687709144289147 1.0252444580657312 -1.1757067937411647 1.2015909336020674 1.1447976743860524 -0.59151366498760993 1.4906012538828313 2.3063769065466162 0.5769206557557981 0.604007526169963 2.8484505194229528 0.85983607842712895 -1.5711837775230699 -0.086056841826482947
decision_type=2 2 2 2 2 2 2 2 2 2 2 2 2 2 2 2 2 2 2 2 2 2
left_child=3 2 5 4 16 20 11 15 13 -7 -10 12 -3 -9 18 19 -1 21 -4 -5 -2 -6
right_child=1 6 14 7 17 9 -8 8 10 -11 -12 -13 -14 -15 -16 -17 -18 -19 -20 -21 -22 -23
leaf_value=0.063586923338042986 -0.069432728130254279 0.063358993188527543 -0.068771628055346049 -0.067727920949345113 -0.06741710705603747 0.058848280851165558 -0.063443954828282467 0.0037806407754496516 0.05265922887468652 -0.024580597506982327 -0.061589755595745067 -0.032062174056612276 -0.017915599827559702 0.076724196377908963 -0.036354487693424191 -0.036708817314522656 0.076576453305455219 -0.046943832346766266 -0.075846586092782373 -0.070128786958019704 -0.067914162090483468 -0.06827715105302512
leaf_weight=1.2255544774234297 0.68412845768034491 35.018861619755626 3.3521525282412763 22.472760216332979 1.2332432093098755 7.4322532378137112 1.2306851213797916 1.542144716717303 0.89976474270224471 2.8118652012199163 10.39585906639695 1.1579982507973898 1.1810687873512495 2.1342633906751862 0.82083609327673901 0.44686298817396064 1.5163103714585302 0.28847753908485163 0.59674852713942517 2.3421719288453451 1.3532561575993902 0.34242878109216612
leaf_count=26 14 794 119 1245 80 127 19 43 10 51 495 14 19 15 14 20 17 18 7 67 58 13
internal_value=-0.000461986 0.0360463 -0.00450311 -0.0457635 0.0160614 0.0186339 0.0539639 -0.0528413 -0.0282739 0.0359482 -0.0524891 0.0578317 0.0607073 0.0461265 -0.064078 -0.0674018 0.0707704 -0.0644068 -0.0698408 -0.0679545 -0.0684241 -0.067604
internal_weight=100.48 55.6399 17.0512 44.8398 4.60601 12.2815 38.5886 40.2338 14.972 10.2441 11.2956 37.3579 36.1999 3.67641 4.76974 25.2618 2.74186 1.86415 3.9489 24.8149 2.03738 1.57567
internal_count=3285 1236 390 2049 154 250 846 1895 563 178 505 827 813 58 140 1332 43 111 126 1312 72 93
is_linear=0
shrinkage=0.1


Tree=87
num_leaves=24
num_cat=0
split_feature=7 92 30 194 19 119 48 172 60 156 19 155 110 13 9 128 19 185 134 29 162 35 166
split_gain=11.4914 5.21592 3.6976 3.09021 2.67852 1.65026 1.34553 1.22568 1.16659 1.10531 1.02412 0.935286 0.878786 0.870109 0.438236 0.346973 0.337342 0.280818 0.24746 0.213383 0.162993 0.158268 0.00982676
threshold=-0.37122873569968068 -0.80818637710447161 -0.20227843655644837 1.0000000180025095e-35 0.47462508037032985 0.51779265596165691 1.4217467485257729 0.76310066865966786 0.11663404663207691 2.4549734826916314 0.49959003003848795 1.4999582251567072 0.32072368506629617 0.3340983542294314 0.46544943920697956 -0.26039269997631054 0.56636079256992533 0.83345876769223359 -0.23845140904769516 -0.33816258108386815 -0.38082700693113597 0.3953742669928158 -0.47828793375771322
decision_type=2 2 2 2 2 2 2 2 2 2 2 2 2 2 2 2 2 2 2 2 2 2 2
left_child=2 8 7 4 20 -6 12 17 11 13 21 19 -4 -5 -9 -14 18 -1 -10 -2 -3 -8 -16
right_child=1 3 6 9 5 -7 10 14 16 -11 -12 -13 15 -15 22 -17 -18 -19 -20 -21 -22 -23 -24
leaf_value=0.0097117639847690371 -0.068127064618675043 -0.073491868730870241 0.0041200500961361105 0.065144350165502865 0.06528867168798623 -0.048348984771836641 -0.068108982994748254 0.00035317854706440576 -0.066571395575231382 -0.068645664720498697 0.055786474435209267 0.065097059123471954 0.0076633726303521159 -0.027956697039644124 0.069879678914150728 -0.064894086835264486 0.014858267309040768 -0.068997542975700599 -0.010766942128073281 0.0086754231444294699 -0.027951005452703126 -0.0035384529729822092 0.055995134753991177
leaf_weight=0.7028378676623096 0.98930166196078062 3.2960757277905941 2.0657636374235144 31.832538747228682 5.2477969974279404 1.6893051341176031 1.2870160602033132 1.2750240331515668 6.2369353193789721 0.65844964515417714 1.902403589338064 1.8493215609341858 0.67402573768049379 1.0365269500762213 3.3544112779200077 29.704128374345604 0.66781128477305163 1.2766373092308638 0.91066119913011778 0.57028164155781114 1.0319528887048344 0.53839635290205468 0.60107831284403834
leaf_count=19 40 57 39 923 99 39 51 29 235 23 39 22 22 23 84 1390 19 37 27 14 22 12 20
internal_value=-0.000783475 0.0291385 -0.0394204 0.0444135 -0.000899535 0.0376159 -0.0524548 0.0259715 -0.0318193 0.0596386 0.00444387 0.0169951 -0.0589924 0.0622084 0.0513359 -0.0632842 -0.053111 -0.0410508 -0.0594615 -0.0400432 -0.0626333 -0.0490642 0.0677698
internal_weight=99.3987 56.017 43.3817 44.7926 11.2651 6.9371 36.1717 7.20999 11.2243 33.5275 3.72782 3.4089 32.4439 32.8691 5.23051 30.3782 7.81541 1.97948 7.1476 1.55958 4.32803 1.82541 3.95549
internal_count=3285 1543 1742 1186 217 138 1553 189 357 969 102 76 1451 946 133 1412 281 56 262 54 79 63 104
is_linear=0
shrinkage=0.1


Tree=88
num_leaves=22
num_cat=0
split_feature=162 168 20 34 20 166 131 114 44 38 158 57 86 195 174 12 123 67 41 114 105
split_gain=12.4488 4.7221 4.92813 4.47278 1.97635 1.83395 1.50325 1.45792 1.30312 1.12121 0.964891 1.80531 0.707301 0.704699 0.101249 0.0214874 0.0148492 0.014298 0.00190307 0.000918051 0.000222609
threshold=0.19450231258392425 0.39841840820467839 -0.79736367449433898 0.44526885099361624 -0.82585457421852493 1.2806612040269758 0.57487064025924262 -1.7871284688719256 1.7328205945515534 0.7700252468544746 1.0548419804308167 1.6038685976211504 0.62459292665123523 1.0072558666504396 2.8104439901741345 -0.078889418456100827 0.75215037142788643 0.52163988972730058 1.136297174745992 -1.2518151574166423 0.99572201015073314
decision_type=2 2 2 2 2 2 2 2 2 2 2 2 2 2 2 2 2 2 2 2 2
left_child=1 2 8 5 6 -4 20 -6 13 -5 15 -12 -8 -1 19 17 -13 -3 -14 -9 -2
right_child=4 10 3 9 7 -7 12 14 -10 -11 11 16 18 -15 -16 -17 -18 -19 -20 -21 -22
leaf_value=0.067314652605104455 0.068471017293156175 0.069786954390542888 -0.056152959318408351 -0.0081856545190552837 0.071965223062066833 0.048831882617321076 0.037404461606768684 -0.071523397881295719 -0.045746692253952968 0.060504971007990571 -0.063785034674646898 0.070245790346633419 -0.06796752342988209 -0.019578155073316034 -0.013968884420652803 0.053550071029952066 0.054269883059505669 0.079481979782761503 -0.075405413381046074 -0.067729779666168596 0.070520885765545535
leaf_weight=12.804183054715393 1.0406852103769808 17.2238172646612 17.623210208490498 3.7455734424293023 0.77771285921335831 1.8374098679050792 0.85811500996351275 0.65535622928292525 1.2473412211984385 6.4998578540980816 1.6733024865388859 2.1890154741704468 1.8137554656714203 1.006713107228278 0.354020981118082 0.76521843578666704 0.79239941015839566 1.6685243342071761 0.42450947780162085 23.963121818378561 1.0791035555303095
leaf_count=293 28 394 531 54 8 35 12 12 28 151 26 54 97 18 14 23 17 26 5 1443 16
internal_value=0.00118762 0.024806 0.00553746 -0.0180858 -0.0514978 -0.0462406 0.00463303 -0.0628681 0.0521401 0.0353927 0.0602837 0.019344 -0.039785 0.0609808 -0.0670672 0.0699778 0.0659997 0.0706432 -0.0693782 -0.0678308 0.0695145
internal_weight=100.043 69.0766 44.7643 29.7061 30.9664 19.4606 5.21617 25.7502 15.0582 10.2454 24.3123 4.65472 3.09638 13.8109 24.9725 19.6576 2.98141 18.8923 2.23826 24.6185 2.11979
internal_count=3285 1650 1110 771 1635 566 158 1477 339 205 540 97 114 311 1469 443 71 420 102 1455 44
is_linear=0
shrinkage=0.1


Tree=89
num_leaves=23
num_cat=0
split_feature=3 89 6 20 38 24 7 7 111 5 44 31 68 59 65 47 25 40 120 53 34 27
split_gain=14.519 3.66312 3.81797 2.40039 2.09074 1.68415 1.93085 1.12199 1.46592 0.849393 0.599372 0.596439 0.473492 0.452557 0.249687 0.193081 0.141957 0.0079044 0.00090814 0.000175578 2.05928e-05 2.85221e-06
threshold=1.1492091006708989 1.5407359921006325 0.98754520284767422 -0.84176831786887463 0.7700252468544746 -0.57020068120972367 -0.237270769652389 -0.8894994128545185 0.71785853006853428 1.7771425881207576 1.7108481257194657 0.65859057444076063 -1.1781836203975906 -2.0986185625964877 0.88343672926755612 1.2952994224242429 -0.54346152352172206 1.1878077642171931 0.83761846897677172 0.56138817464467483 0.06607452548659927 0.44135034935179762
decision_type=2 2 2 2 2 2 2 2 2 2 2 2 2 2 2 2 2 2 2 2 2 2
left_child=5 2 3 16 -5 6 19 8 -7 10 -4 12 -3 -9 -11 -10 -2 -14 -15 -1 21 -8
right_child=1 11 9 4 -6 7 20 13 15 14 -12 -13 17 18 -16 -17 -18 -19 -20 -21 -22 -23
leaf_value=0.068607028780260412 -0.070187372094307462 -0.00049955323474143562 -0.055421268438531436 0.06335574970174801 -0.057357814912153963 0.036412927659842602 -0.067283830274705914 0.0053975653636820133 -0.067885602424630653 0.071656356301455879 0.024223518127939637 -0.026048271370230459 0.068335481761644043 -0.067534186563064133 -0.0059879878133233923 -0.00047395851194132225 -0.016971472774782854 0.078587038927321634 -0.069461043501654274 0.070323711833133962 -0.068246386372858334 -0.067634435549889779
leaf_weight=1.0761451441794636 1.7341037979349496 1.0361206494271815 8.7336500100791437 14.692994687706237 1.5900614550337184 2.7577486727386704 1.1915990859270085 0.87505650520324607 3.3287455216050152 0.78134473599493393 1.0595203842967738 0.7342461459338655 20.777912579476837 22.746420253068216 0.88134356122463942 0.48705183528363694 0.70508831739425915 0.78037205711007018 2.7407015273347488 1.3347360137850044 0.31173666659742583 0.2881364719942211
leaf_count=28 44 21 209 257 48 39 90 11 176 11 16 7 610 1493 29 10 17 7 110 22 13 17
internal_value=-0.000451621 0.0328912 0.00988633 0.0377094 0.0515679 -0.0484904 0.0111263 -0.056097 -0.0191353 -0.0355847 -0.0468045 0.0626505 0.065533 -0.0653136 0.0304993 -0.0592811 -0.0548044 0.0687066 -0.0677414 0.0695574 -0.0675077 -0.0673521
internal_weight=90.6448 53.5068 30.1781 18.7222 16.2831 37.1381 4.20235 32.9357 6.57355 11.4559 9.79317 23.3287 22.5944 26.3622 1.66269 3.8158 2.43919 21.5583 25.4871 2.41088 1.79147 1.47974
internal_count=3285 1276 631 366 305 2009 170 1839 225 265 225 645 638 1614 40 186 61 617 1603 50 120 107
is_linear=0
shrinkage=0.1


Tree=90
num_leaves=25
num_cat=0
split_feature=119 33 162 71 135 7 78 160 119 6 73 81 49 167 87 69 7 176 123 49 161 8 48 38
split_gain=10.1782 6.40882 3.27168 3.80531 1.85867 1.60011 1.1775 0.946497 1.27191 0.90408 0.900496 0.856607 0.775552 0.741658 0.518883 0.507404 0.445206 0.304824 0.175709 0.168715 0.161891 0.086034 0.0279379 0.0225309
threshold=0.46947662741577795 -0.24743241955011955 0.76983163209898486 0.4430465272381951 -1.1068894861532315 0.19731716988944489 0.68964102508608394 -0.46488048361001511 -0.012748567870386035 1.0765808093021489 2.3837910407591432 0.15295732946298221 0.36240427871660214 -0.50651203026035296 1.235214703498333 0.1815655182871776 -0.94236761854177231 0.37022379461561017 3.293539628106966 1.4197577696840373 0.3585812058125703 -0.1091044364413347 1.4159643868727807 0.29491228560175242
decision_type=2 2 2 2 2 2 2 2 2 2 2 2 2 2 2 2 2 2 2 2 2 2 2 2
left_child=1 5 10 9 6 12 21 8 -6 22 18 -7 20 17 -12 -11 -9 -5 19 -2 -1 -3 -4 -15
right_child=2 4 3 13 7 11 -8 16 -10 15 14 -13 -14 23 -16 -17 -18 -19 -20 -21 -22 -23 -24 -25
leaf_value=-0.069154918895654935 -0.067792141444313711 -0.070464038072374488 -0.0682173265159772 -0.069388035749510649 0.070346614665326629 -0.061783049947810947 0.048629407222469924 -0.016737708242247681 -0.050843672053123026 0.047474082935607342 -0.042829583020635206 0.052590014144797449 0.01673923786550904 0.069096345514825394 0.072242683790102583 -0.055724368327174506 0.066630122307626397 0.037062076595780327 -0.00029549588361126212 -0.0045860159831997626 -0.011294393941873492 -0.02613771318814171 -0.0402195188117676 0.050214187694352236
leaf_weight=7.357672877609728 22.514798695221554 1.7435267334803937 5.8507655858993513 0.61602472700178601 1.7234888449311259 0.86051509063690845 1.784594860859215 0.65534298494458099 1.7406221684068395 1.309551924467087 0.81047437526285537 2.7397249042987823 1.347802043892443 5.158318016678094 0.75866528786718845 0.74890428315848101 28.409932976588614 0.47752847149968147 0.40667814668267865 0.43038556911051173 0.51758562680333842 0.58471821062266771 0.37952559161931265 0.72016568388789881
leaf_count=348 1051 51 318 23 20 28 38 15 46 33 31 36 26 138 11 28 936 17 12 9 14 20 15 21
internal_value=-0.000809283 0.0295597 -0.0381949 -0.00173081 0.0508532 -0.0312858 -0.0124866 0.0588616 0.00945177 -0.0475283 -0.0605242 0.025253 -0.0533558 0.0527159 0.0128069 0.00992859 0.0647504 -0.0229038 -0.0654518 -0.0666066 -0.0653522 -0.0593319 -0.0665118 0.0667831
internal_weight=89.6473 49.4655 40.1818 15.2608 36.6422 12.8233 4.11284 32.5294 3.46411 8.28875 24.921 3.60024 9.22306 6.97204 1.56914 2.05846 29.0653 1.09355 23.3519 22.9452 7.87526 2.32824 6.23029 5.87848
internal_count=3285 1578 1707 593 1126 452 109 1017 66 394 1114 64 388 199 42 61 951 40 1072 1060 362 71 333 159
is_linear=0
shrinkage=0.1


Tree=91
num_leaves=23
num_cat=0
split_feature=162 168 20 35 166 20 131 114 89 158 20 195 114 86 37 21 39 191 41 43 143 105
split_gain=10.94 4.18823 4.29342 3.71387 1.78311 1.76398 1.31416 1.28814 1.1515 1.11266 1.75158 0.815873 0.757094 0.637765 0.168004 0.113038 0.100198 0.0207786 0.00145064 0.00123801 0.000329492 0.000157759
threshold=0.19450231258392425 0.30050127201046956 -0.79736367449433898 -0.64028909914408472 1.3705976495592944 -0.82585457421852493 0.57487064025924262 -1.7871284688719256 1.6645927584612588 1.0548419804308167 -0.76889046423593377 1.0072558666504396 -0.72133287847297756 0.62459292665123523 -0.54251960303883129 -0.064097804435631581 -1.1418744426263816 1.1709237559352041 1.136297174745992 1.9414596117651339 -0.21462819764700222 0.99572201015073314
decision_type=2 2 2 2 2 2 2 2 2 2 2 2 2 2 2 2 2 2 2 2 2 2
left_child=1 2 8 12 -5 6 21 -7 11 15 19 -1 -4 -8 -12 17 -9 -3 -15 -11 -18 -2
right_child=5 9 3 4 -6 7 13 16 -10 10 14 -13 -14 18 -16 -17 20 -19 -20 -21 -22 -23
leaf_value=0.065998355817145526 0.068253587747802408 0.070586611690145823 0.065021250139674594 -0.051191663126504174 0.051825701147996998 0.071318700838122334 0.036153609879730902 -0.0089266466688606629 -0.068813451173030588 0.068189792108668171 -0.018754968008153586 -0.024734061033577268 -0.015921228498282643 -0.067813230754677115 -0.075136151426414333 0.028480674748493834 -0.06900038130507212 0.053309877394811328 -0.07460207498008059 0.072806477553080978 -0.067565513902196159 0.070083884561688292
leaf_weight=11.299210821278388 0.91956294327974564 17.476940084248788 4.9605113640427589 17.555411786772314 1.8580057322978962 0.69536602497101441 0.80815843120217357 0.29416877776384964 0.75945630948990661 1.7306296937167647 0.90235786139965091 1.086338039487601 1.5065219961106802 1.6036719288676975 1.2756552146747697 0.68369948584586637 1.7382527245208717 0.72501153685152431 0.39161220006644715 0.87428416311740864 20.17583097890018 0.96524625644087791
leaf_count=284 28 427 124 554 40 8 12 4 22 57 12 21 24 97 29 23 67 21 5 12 1398 16
internal_value=0.00120626 0.0242991 0.00417045 -0.0194682 -0.0413321 -0.0512651 0.00462097 -0.0627047 0.0507112 0.0574878 0.014404 0.0580402 0.0461654 -0.0387907 -0.0517772 0.068399 -0.0669011 0.0698985 -0.0691457 0.0697393 -0.0676793 0.0691909
internal_weight=90.2859 62.694 39.0255 25.8805 19.4134 27.5919 4.68825 22.9036 13.145 23.6686 4.78293 12.3855 6.46703 2.80344 2.17801 18.8857 22.2083 18.202 1.99528 2.60491 21.9141 1.88481
internal_count=3285 1650 1069 742 594 1635 158 1477 327 581 110 305 148 114 41 471 1469 448 102 69 1465 44
is_linear=0
shrinkage=0.1


Tree=92
num_leaves=23
num_cat=0
split_feature=3 120 6 37 20 71 7 22 24 26 9 6 90 144 71 183 8 109 47 120 49 59
split_gain=12.6607 3.30008 2.44495 2.09143 1.97689 1.52117 2.03353 1.9117 1.2781 0.910384 0.903122 0.731578 0.731442 0.315329 0.115866 0.0664825 0.0636819 0.0623281 0.0487112 0.000991259 0.000775453 0.000160795
threshold=1.1492091006708989 1.4868018318848579 0.97445532179975569 -0.66432279582848541 -0.86253941571467652 0.43493008115120074 -0.41536479469823745 -0.093538490262898746 -0.57091220090985872 0.14231642307145828 0.29613342777392543 1.2154779483705604 1.6997458262281224 0.45340784911299842 0.82414818113057442 0.20867922851439399 1.006722863091176 1.4161670772983304 1.342516086548142 0.85983607842712895 -2.1369003901939281 -2.0986185625964877
decision_type=2 2 2 2 2 2 2 2 2 2 2 2 2 2 2 2 2 2 2 2 2 2
left_child=5 2 3 15 -5 6 7 10 -4 -10 -1 14 -13 -9 18 -2 19 20 -3 -8 -7 -22
right_child=1 11 8 4 -6 17 16 13 9 -11 -12 12 -14 -15 -16 -17 -18 -19 -20 -21 21 -23
leaf_value=0.068128941473081114 -0.069148999858506116 0.068842531071182933 0.06903721048571769 -0.052004112162388573 0.061612629665184271 -0.070727569518232239 -0.067507522274680792 -0.065992298664161869 -0.062915735556949376 0.0025752151454615374 -0.032758100649292431 -0.060006497780504368 0.068631162433566137 0.035884729183794983 0.023502211278236151 -0.027993375692395229 -0.017325156784130349 -0.022455126220509117 0.04159652912714723 -0.072552299458599576 -0.069949573066067999 -0.067471027724209084
leaf_weight=4.0495042782276869 1.6079693613573955 18.690227441489707 1.1937565468251694 1.7513563204556728 12.195683745667335 0.78169122152030723 5.7702367836609474 2.6520561808720218 6.2730854041874391 3.2080491865053773 1.1362890023738144 0.95404020231217035 0.82361657358705997 0.34312408324331034 0.60659797303378482 0.51926077064126719 0.25996316317468871 0.31036808341741462 0.68005663901567359 0.41769056767225254 0.26576904579997673 17.285050004720688
leaf_count=64 56 595 30 37 228 23 415 159 167 66 45 26 24 9 11 19 17 8 17 7 5 1257
internal_value=-0.000444606 0.0321441 0.00862099 0.0332584 0.0473456 -0.0479526 -0.0238145 0.00928537 -0.0284781 -0.0407561 0.046023 0.0610679 -0.00040663 -0.0543214 0.0665383 -0.0591028 -0.0658111 -0.0668935 0.067886 -0.067848 -0.0676458 -0.0675086
internal_weight=81.7754 48.5037 26.7492 16.0743 13.947 33.2717 14.6289 8.18097 10.6749 9.48113 5.18579 21.7545 1.77766 2.99518 19.9769 2.12723 6.44789 18.6429 19.3703 6.18793 18.3325 17.5508
internal_count=3285 1276 603 340 265 2009 716 277 263 233 109 673 50 168 623 75 439 1293 612 422 1285 1262
is_linear=0
shrinkage=0.1


Tree=93
num_leaves=25
num_cat=0
split_feature=119 33 162 71 19 88 7 65 30 148 73 185 167 92 29 70 176 3 49 123 81 116 38 17
split_gain=8.9307 5.57395 2.86446 3.32347 1.71747 2.50517 1.39298 1.26231 1.51987 1.00117 0.821067 0.803855 0.652888 0.539906 0.5292 0.412855 0.268445 0.232496 0.167051 0.169523 0.132021 0.0776399 0.0240502 0.000284235
threshold=0.46947662741577795 -0.25552297154709486 0.76983163209898486 0.4430465272381951 0.44305137539181955 0.46441101482654362 -0.046199934239548608 1.2516353606227806 1.0713867940062676 0.62719296748672093 2.3837910407591432 0.88206023441136805 -0.50651203026035296 -0.95021775147024468 1.2015909336020674 -1.0000000180025095e-35 0.37022379461561017 1.5967571708121604 1.4453739820916398 3.4153283342064067 0.91361324024162138 -0.29963500787508152 0.29491228560175242 -0.47470707503750881
decision_type=2 2 2 2 2 2 2 2 2 2 2 2 2 2 2 2 2 2 2 2 2 2 2 2
left_child=1 6 10 11 5 21 20 8 -8 -7 18 -4 16 -6 -13 -12 -5 -15 19 -2 23 -3 -14 -1
right_child=2 4 3 12 13 9 7 -9 -10 -11 15 14 22 17 -16 -17 -18 -19 -20 -21 -22 -23 -24 -25
leaf_value=-0.067702065370374459 -0.067425383575453149 -0.028919024600620527 0.057915695345125563 -0.06909398646801998 -0.029305175970262415 -0.05288377727835273 0.070485142403857823 -0.076732798283792134 -0.068476711708082547 0.070750574524830911 -0.040178829932756469 -0.064377285768309159 0.068765494257798807 0.067151890528403105 0.053217732395544906 0.067151263537504044 0.035445813968708328 0.0091594674154779655 0.00095523805846564613 -0.00063103081520205211 -0.008706691676187258 -0.06971535064254876 0.048327454798021474 -0.069841877284437012
leaf_weight=4.9197169551625848 20.128385157324384 0.57614855468273196 0.66524134017526915 0.54807093460112799 0.6167003596201529 0.76858882699161757 2.9887860808521491 1.3831656286492942 1.0684379525482652 4.4312706682831049 0.71952124964445829 6.3519357815384865 4.5760069955140352 23.499261567369111 0.4072192646563052 0.71405452303588279 0.44513997342437506 0.71226528845727344 0.3776322603225698 0.38728043530136247 0.4027630891650914 2.4509716182947141 0.65862892102450121 0.71039991732686747
leaf_count=304 1053 15 19 23 21 24 42 22 44 96 30 370 138 873 5 12 17 15 8 11 17 85 21 20
internal_value=-0.000811587 0.0291269 -0.0378641 -0.00178066 0.0499712 0.0103728 -0.0309266 0.00576571 0.0338906 0.0524762 -0.0599281 -0.0469696 0.0520904 0.0630924 -0.0572925 0.0132816 -0.0222411 0.0654458 -0.0649513 -0.0661645 -0.0640154 -0.0619506 0.066194 -0.0679721
internal_weight=80.5076 44.5285 35.9791 13.6522 33.0552 8.22698 11.4733 5.44039 4.05722 5.19986 22.3269 7.4244 6.22785 24.8282 6.75916 1.43358 0.993211 24.2115 20.8933 20.5157 6.03288 3.02712 5.23464 5.63012
internal_count=3285 1578 1707 593 1129 220 449 108 86 120 1114 394 199 909 375 42 40 888 1072 1064 341 100 159 324
is_linear=0
shrinkage=0.1


Tree=94
num_leaves=22
num_cat=0
split_feature=162 168 20 34 20 166 131 114 195 135 158 57 44 86 155 162 180 37 41 114 105
split_gain=9.53918 3.7097 3.71562 3.33347 1.57574 1.36621 1.15586 1.13939 1.03971 0.961695 0.775704 1.38284 0.713183 0.559689 0.11076 0.0258364 0.0139438 0.0139152 0.000983288 0.000488152 0.000126624
threshold=0.19450231258392425 0.39841840820467839 -0.79736367449433898 0.44526885099361624 -0.82585457421852493 1.2806612040269758 0.57487064025924262 -1.7871284688719256 1.1862174087682651 -1.1068894861532315 1.0548419804308167 1.6038685976211504 1.7328205945515534 0.62459292665123523 2.851698836637909 1.0000000180025095e-35 3.67404510387103 -0.051691436247021848 1.136297174745992 -1.2518151574166423 1.0461809590232214
decision_type=2 2 2 2 2 2 2 2 2 2 2 2 2 2 2 2 2 2 2 2 2
left_child=1 2 8 5 6 -4 20 -6 12 -5 15 -12 -1 -8 19 17 -13 -3 -15 -9 -2
right_child=4 10 3 9 7 -7 13 14 -10 -11 11 16 -14 18 -16 -17 -18 -19 -20 -21 -22
leaf_value=0.06495998686652063 0.068199113914400353 0.069204437742853828 -0.052908804640655817 0.068313584461269214 0.070772544994414738 0.044381597732641206 0.03392262608760975 -0.070614274237206232 -0.058700577407306692 0.0017700717090864265 -0.059399178344897045 0.052279314375590538 -0.034303433386468206 -0.067684439942552715 -0.0021673036607526295 0.05114490566628236 0.069710147280968499 0.083600140861225331 -0.073601437403837455 -0.06752525883523923 0.069959551145307372
leaf_weight=10.644246246665711 0.98378733731806522 14.1665340103209 14.765566824004059 4.1116402177140117 0.62162692844868317 1.5997489690780629 0.75648640096187625 0.52583622653038276 0.81496790982782918 4.6034371685236675 1.4226152161136263 0.6202484238892797 0.77661587763577777 1.4181838594377039 0.26212197821587224 0.77381301391869861 1.7644947338849304 0.70487401261925775 0.350205898284912 18.871416579000645 0.69879905693233013
leaf_count=298 32 420 531 121 8 35 12 12 19 84 26 17 22 97 11 17 54 6 5 1446 12
internal_value=0.00119946 0.023703 0.00524626 -0.016794 -0.0509678 -0.0433984 0.00472457 -0.0625217 0.0504233 0.0331643 0.0591088 0.018629 0.0582101 -0.0380623 -0.0667365 0.0689598 0.0651766 0.0698868 -0.0688562 -0.067609 0.0689302
internal_weight=81.2573 56.7688 37.3162 25.0804 24.4885 16.3653 4.20746 20.281 12.2358 8.71508 19.4526 3.80736 11.4209 2.52488 19.6594 15.6452 2.38474 14.8714 1.76839 19.3973 1.68259
internal_count=3285 1650 1110 771 1635 566 158 1477 339 205 540 97 320 114 1469 443 71 426 102 1458 44
is_linear=0
shrinkage=0.1


Tree=95
num_leaves=20
num_cat=0
split_feature=186 71 47 9 7 17 40 24 0 44 35 120 118 8 197 196 148 66 3
split_gain=11.0994 2.86151 1.56772 1.51955 1.936 1.90735 1.26674 0.983462 0.857901 0.816313 0.57558 0.575188 0.284768 0.216453 0.113217 0.103061 0.0905628 0.0349297 0.000660889
threshold=1.0645902329271515 0.71470248831613647 1.3060012062747537 0.12399898394032587 -0.44710255505299407 -0.72140236222905296 1.2959791812163626 -0.59320389527024764 1.6640474673856303 0.7240228333960651 -0.64028909914408472 1.5202530655439164 -0.43353623505395961 -1.1899695762397646 -0.75848721568649713 -1.6165679337332832 1.6034333391870568 -1.7175540438902999 1.5763042693897475
decision_type=2 2 2 2 2 2 2 2 2 2 2 2 2 2 2 2 2 2 2
left_child=3 2 6 4 5 16 9 -6 12 -2 -7 -4 -3 -5 -9 -15 -1 -17 -14
right_child=1 8 11 13 7 10 -8 14 -10 -11 -12 -13 18 15 -16 17 -18 -19 -20
leaf_value=-0.06768214516275721 -0.0044226572585250512 -0.009468410106359168 -0.067443276165372587 0.011938669032188933 0.075632811318239929 -0.022881924972951075 -0.069622660338219178 -0.011240059079550377 0.060757888505026669 0.057252035355642751 0.065743065316311508 0.031942176413942015 -0.067786239765249445 -0.00077794153885070818 -0.067761984145984319 -0.028106076241946942 -0.0021965562485672463 -0.067763688725892224 -0.071474278161429011
leaf_weight=2.004403799772263 2.309633867815136 1.0964170340448616 1.6268091229721897 0.36132637970149772 0.53390025720000256 0.88984161429107178 0.86647453159093757 0.37324250023812044 0.77525887452065934 30.30272719822824 4.1526723681017756 0.90698190126568068 2.6260235477238889 0.23676268290728586 7.0154514489695412 0.22515770234168186 0.23605306353420008 16.334768583998081 0.59620432369410981
leaf_count=146 61 25 30 14 8 46 19 15 26 882 64 23 157 13 501 14 13 1215 13
internal_value=-0.000437263 0.0340507 0.0439736 -0.0442421 -0.0212244 0.0159917 0.0497136 -0.0554359 -0.0361019 0.0528842 0.0501036 -0.0318678 -0.0534897 -0.0646405 -0.0649068 -0.0662879 -0.0607826 -0.0672245 -0.0684686
internal_weight=73.4701 41.1065 36.0126 32.3636 15.2056 7.28297 33.4788 7.92259 5.0939 32.6124 5.04251 2.53379 4.31864 17.158 7.38869 16.7967 2.24046 16.5599 3.22223
internal_count=3285 1236 1015 2049 793 269 962 524 221 943 110 53 195 1256 516 1242 159 1229 170
is_linear=0
shrinkage=0.1


Tree=96
num_leaves=25
num_cat=0
split_feature=119 33 162 71 134 40 7 65 29 7 6 73 167 19 7 87 65 19 49 123 81 163 36 17
split_gain=7.88432 4.82495 2.53539 2.89837 1.50234 1.30272 1.25303 1.11796 1.349 0.750894 0.739008 0.723 0.620926 0.464636 0.41229 0.360511 0.268088 0.18986 0.16162 0.158592 0.126595 0.0371793 0.027727 0.000194125
threshold=0.46947662741577795 -0.25552297154709486 0.76983163209898486 0.4430465272381951 -0.60579682205013718 0.73893066293157106 -0.046199934239548608 1.2516353606227806 -0.98901372435642398 -0.40169090627582899 1.0765808093021489 2.3837910407591432 -0.51805345573870787 0.52336855717630393 -0.94236761854177231 0.93409198717709307 1.5014311993740634 0.37522420842948906 1.4453739820916398 3.4153283342064067 0.91361324024162138 1.2352382483932531 0.29399272662981757 -0.47470707503750881
decision_type=2 2 2 2 2 2 2 2 2 2 2 2 2 2 2 2 2 2 2 2 2 2 2 2
left_child=1 6 11 10 5 9 20 8 -8 -3 21 18 -5 -12 -6 -13 -16 -7 19 -2 23 -4 -14 -1
right_child=2 4 3 12 14 17 7 -9 -10 -11 13 15 22 -15 16 -17 -18 -19 -20 -21 -22 -23 -24 -25
leaf_value=-0.067582798566830471 -0.067110636053475003 -0.038222002635720211 -0.067938981324402486 -0.027315000983897188 -0.018340214975876224 -0.069928078476074379 -0.068290378773614296 -0.07575454868488754 0.06922590755995317 0.065926366850507775 -0.059200800416946302 -0.038747436753160017 0.068400435584318756 0.048395126582617728 0.06523244145561205 0.06641561759131169 0.00011779102331796535 -0.0065950494324568303 0.0015585119058150665 -0.00075832753321460338 -0.0078521136141215999 -0.03036170023794188 0.044337768079323714 -0.069457262657786331
leaf_weight=4.3373548146337271 18.031883106566976 0.90278056263923678 4.6735050687566382 0.84735543839633454 0.63497836329043167 1.718004600144923 0.96231794822961081 1.2472398756071923 2.7573176147416221 2.9687618864700225 0.62542176246643055 0.66888672579079755 4.1844435650855303 1.1202179491519926 21.995690113864843 0.6358714085072279 0.65100890677422185 0.65335022751241911 0.36340980976819892 0.3675638185814013 0.37884172145277251 0.2790190903469919 0.54075083788484324 0.63314180262386788
leaf_count=304 1053 37 317 38 17 52 44 22 42 106 30 30 145 31 864 12 24 29 8 11 17 16 16 20
internal_value=-0.000895713 0.0288806 -0.0375801 -0.00177244 0.0494514 0.00588957 -0.0299921 0.00617625 0.0336487 0.0416407 -0.0461017 -0.0594754 0.0515111 0.00984603 0.0611323 0.0125036 0.0633606 -0.0524787 -0.0644808 -0.0657851 -0.0635745 -0.0658219 0.0656467 -0.0678216
internal_weight=72.1791 39.8408 32.3383 12.2707 29.5246 6.2429 10.3162 4.96688 3.71964 3.87154 6.69816 20.0676 5.57255 1.74564 23.2817 1.30476 22.6467 2.37135 18.7629 18.3994 5.34934 4.95252 4.72519 4.9705
internal_count=3285 1578 1707 593 1129 224 449 108 86 143 394 1114 199 61 905 42 888 81 1072 1064 341 333 161 324
is_linear=0
shrinkage=0.1


Tree=97
num_leaves=21
num_cat=0
split_feature=162 24 192 110 117 20 110 80 131 114 58 135 86 37 146 27 41 20 143 105
split_gain=8.34341 3.30485 2.49702 2.43072 1.68524 1.41835 1.3405 1.59816 1.01162 0.998073 0.601178 0.554872 0.503792 0.110398 0.0533479 0.0332945 0.000654799 0.000277488 0.000160417 8.8466e-05
threshold=0.19450231258392425 -0.5389893846754602 0.56589539787632415 0.59498340777129965 -0.63884992160795284 -0.82585457421852493 0.40381647529756964 0.017255013440076388 0.57487064025924262 -1.7871284688719256 1.0717528179073326 -1.7786619396944692 0.62459292665123523 -1.1238511705852958 0.97370900071420574 1.6587628091233764 1.136297174745992 -0.43367581799113969 -0.21462819764700222 1.0461809590232214
decision_type=2 2 2 2 2 2 2 2 2 2 2 2 2 2 2 2 2 2 2 2
left_child=1 11 6 10 -5 8 7 -3 19 -7 -4 -1 -10 -11 -8 17 -14 -13 -15 -2
right_child=5 2 3 4 -6 9 14 -9 12 13 -12 15 16 18 -16 -17 -18 -19 -20 -21
leaf_value=0.056712462347202487 0.068021397559516403 0.054672144147982618 -0.07097671599735221 -0.049830212877955353 0.037922914866745296 0.070245270760117315 0.069133628701388894 -0.049575863781640361 0.032594346520816685 0.001709660899729355 0.014773695279853833 -0.069820675172852772 -0.067577071232045025 -0.068498386576546402 0.047873052243827915 -0.031512529808329838 -0.072682081992824138 -0.067456486802189006 -0.06738285067830789 0.069575983506067321
leaf_weight=0.40477429144084442 0.87248223647475531 3.7257391829043653 4.0321834273636368 2.5629873294383332 14.975432895123955 0.55022125691176071 16.627864995971326 2.4295075982809067 0.71613884344697032 0.23378523439169541 1.0255187228322027 0.57587460521608536 1.2580432491376994 1.4036181950941777 1.2704034037888039 0.26942147128283966 0.31395827792584885 3.5998104661703105 15.798423071391865 0.63064765371382236
leaf_count=7 32 92 124 82 384 8 561 58 12 3 25 13 97 68 23 11 5 270 1398 12
internal_value=0.00124585 0.0231885 0.0313565 0.00748613 0.0250991 -0.0506447 0.0537806 0.0135249 0.00494121 -0.0623616 -0.0535896 -0.0553772 -0.036926 -0.0665462 0.0676246 -0.0655842 -0.0685966 -0.0677825 -0.0674739 0.0686736
internal_weight=73.2768 51.4995 46.6496 22.5961 17.5384 21.7773 24.0535 6.15525 3.79127 17.986 5.0577 4.84988 2.28814 17.4358 17.8983 4.44511 1.572 4.17569 17.202 1.50313
internal_count=3285 1650 1349 615 466 1635 734 150 158 1477 149 301 114 1469 584 294 102 283 1466 44
is_linear=0
shrinkage=0.1


Tree=98
num_leaves=23
num_cat=0
split_feature=3 89 6 145 24 7 170 7 6 5 31 44 3 68 148 146 166 63 39 53 34 8
split_gain=9.61084 2.70503 2.70601 1.63175 1.34108 1.38597 1.31862 0.856205 1.04915 0.611089 0.536821 0.438398 0.385719 0.384558 0.345499 0.274098 0.206019 0.0518202 0.00358808 0.000105038 9.88867e-06 1.14999e-06
threshold=1.1492091006708989 1.5407359921006325 0.98754520284767422 -0.21669080340927097 -0.57020068120972367 -0.237270769652389 1.9038422897183127 -0.84896503855203853 0.72143463722482959 1.7771425881207576 0.70645746778903706 1.7108481257194657 1.0566133772758046 -1.1893471203038757 0.37063601034250221 2.7499815769684761 -0.78231423782916465 2.2433376042406628 -1.0594070351915963 0.5769206557557981 0.06607452548659927 0.71831732408367499
decision_type=2 2 2 2 2 2 2 2 2 2 2 2 2 2 2 2 2 2 2 2 2 2
left_child=4 2 3 14 5 19 -5 8 -6 11 13 -4 -10 -3 -2 17 -11 -9 -15 -1 21 -7
right_child=1 10 9 6 7 20 -8 15 12 16 -12 -13 -14 18 -16 -17 -18 -19 -20 -21 -22 -23
leaf_value=0.068147684108485485 0.015404050110581078 -0.0038888416479347996 -0.053547787943880987 0.060991471115819255 0.045278267011196374 -0.067081243669231946 -0.056567178587696471 -0.067527031334955093 -0.067917429118599534 0.07016329785699367 -0.038895964593046763 0.022530559034630422 0.0080035420288104824 0.076254291329667198 -0.068679796490364806 0.045482938352589403 -0.010618334910179581 -0.021969413745891606 0.067778369396689048 0.069650217226481473 -0.067868212127865549 -0.067333635649210133
leaf_weight=0.8560329116880897 0.71469099726528051 0.78046742826700644 6.8279627477750164 10.818366566672919 1.6861296044662619 0.77716422034427768 1.0464281579479582 17.629294101148851 2.8203352722339337 0.63429488800466061 0.5172768160700788 0.85194357112050045 0.87736130785197008 0.51679114997387365 1.5452682329341767 0.21976047940552135 0.62855243589729048 0.25326325371861358 14.880031457170839 1.019210437312722 0.22848353907465924 0.2351514776237309
leaf_count=29 20 20 209 259 33 87 24 1569 196 13 5 16 24 5 63 6 27 11 615 21 13 20
internal_value=-0.000401419 0.0307256 0.00853658 0.0357893 -0.0469267 0.0147146 0.0506233 -0.0551051 -0.0200941 -0.0345081 0.061385 -0.0451083 -0.0499035 0.0645916 -0.0420891 -0.0655177 0.0299561 -0.0668818 0.0680629 0.0689643 -0.067274 -0.0671399
internal_weight=66.3643 39.7621 23.0675 14.1248 26.6022 3.11604 11.8648 23.4861 5.38383 8.94275 16.6946 7.67991 3.6977 16.1773 2.25996 18.1023 1.26285 17.8826 15.3968 1.87524 1.2408 1.01232
internal_count=3285 1276 631 366 2009 170 283 1839 253 265 645 225 220 640 83 1586 40 1580 620 50 120 107
is_linear=0
shrinkage=0.1


Tree=99
num_leaves=26
num_cat=0
split_feature=119 33 162 71 73 7 65 30 89 7 191 73 6 167 40 77 70 195 49 123 73 138 36 195 58
split_gain=6.88017 4.30539 2.13521 2.55247 1.34466 1.17092 1.04384 1.19165 0.934628 0.829272 0.966474 0.647417 0.583654 0.545744 0.513102 0.345619 0.316178 0.209089 0.150845 0.152611 0.129383 0.0442375 0.0287042 0.00223218 0.00132832
threshold=0.48484920551824323 -0.24743241955011955 0.76983163209898486 0.4430465272381951 0.42268095109209941 -0.046199934239548608 1.1476035892255132 1.0713867940062676 0.45790655580905443 -0.61466591805202053 1.1709237559352041 2.3837910407591432 1.0765808093021489 -0.51805345573870787 1.0458489291981257 -1.1012270926900516 -1.0000000180025095e-35 -0.80720843695350986 1.4453739820916398 3.4153283342064067 1.0406507156473699 0.6282554398305622 0.29399272662981757 0.80417611052751237 0.27844072680406606
decision_type=2 2 2 2 2 2 2 2 2 2 2 2 2 2 2 2 2 2 2 2 2 2 2 2 2
left_child=1 5 11 12 8 20 7 -7 14 10 -6 18 21 -5 -3 -14 -13 -11 19 -2 23 -4 -15 -1 -10
right_child=2 4 3 13 9 6 -8 -9 24 17 -12 16 15 22 -16 -17 -18 -19 -20 -21 -22 -23 -24 -25 -26
leaf_value=-0.067671894696361201 -0.067133785114846953 0.069699799238930854 -0.021685940357617783 -0.025523573263849242 -0.062745759051393027 0.067841943209610608 -0.074563678315392026 -0.068117937400450038 -0.062797524513717798 -0.0082961795749294642 0.060799012035480493 -0.037403221023848979 0.044808797251117888 0.068119568227283017 -0.045100345637262923 -0.052346253041323371 0.065467823045379611 0.065338725084474955 0.0011585128560183001 -0.00017478052180647412 0.0055143319716335869 -0.067780595175106373 0.042489600522458731 -0.057988927793193479 -0.069268223124755654
leaf_weight=4.443452141713351 15.833008820656698 1.3721343288198142 0.21910946257412245 0.79347834736108769 1.1820418098941474 2.6072039101272808 1.1833402616903184 0.8564090086147188 0.44588759075850237 0.39312709867954865 1.36372843850404 0.62398514803498983 0.92193547543138266 3.6291171470656991 0.54356214031577099 0.60738679766654946 0.57326520793139824 20.205617123283442 0.34470498748123546 0.34786137100309211 0.25850903522223223 4.1832850677892566 0.49678256735205639 0.25155215710401524 1.0996548086404798
leaf_count=331 1036 58 8 38 52 43 23 44 25 11 51 30 28 140 17 29 12 889 8 11 8 325 16 15 37
internal_value=-0.00108087 0.0278707 -0.0377656 -0.00283024 0.0485851 -0.0295352 0.00652186 0.0342247 -0.00954835 0.0572789 0.0034352 -0.0591553 -0.0469983 0.050427 0.0371263 0.00622262 0.0118533 0.0639334 -0.0642998 -0.0656943 -0.0633608 -0.0654864 0.0650336 -0.0671531 -0.0674014
internal_weight=64.7801 36.2062 28.5739 10.8511 26.6058 9.60047 4.64695 3.46361 3.46124 23.1445 2.54577 17.7228 5.93172 4.91938 1.9157 1.52932 1.19725 20.5987 16.5256 16.1809 4.95351 4.40239 4.1259 4.695 1.54554
internal_count=3285 1604 1681 584 1140 464 110 87 137 1003 103 1097 390 194 75 57 42 900 1055 1047 354 333 156 346 62
is_linear=0
shrinkage=0.1


Tree=100
num_leaves=20
num_cat=0
split_feature=162 39 198 25 167 20 20 114 185 131 44 185 86 35 86 135 38 114 105
split_gain=7.2908 3.00593 3.296 2.53254 1.71599 1.44176 1.26686 0.899036 0.891843 0.888471 0.709602 0.640194 0.448218 0.299722 0.198849 0.134263 0.000463259 0.000266285 6.01301e-05
threshold=0.19450231258392425 -0.7653362875970684 0.78455809753775618 -0.57484819364284845 0.90002073308979524 -0.59818870176699479 -0.82585457421852493 -1.7871284688719256 0.16938516659465946 0.57487064025924262 1.7328205945515534 1.6920229389018919 0.62459292665123523 0.40193811520886064 1.5610733244861887 -1.7786619396944692 0.67507333656326696 -1.2518151574166423 1.0461809590232214
decision_type=2 2 2 2 2 2 2 2 2 2 2 2 2 2 2 2 2 2 2
left_child=1 8 3 5 -5 -3 9 -8 -1 18 14 13 -11 -10 -4 -9 -14 -17 -2
right_child=6 2 10 4 -6 -7 7 15 11 12 -12 -13 16 -15 -16 17 -18 -19 -20
leaf_value=-0.030455762623381774 0.067873927013263738 0.061042911109055735 0.067641490636421261 -0.058502671219616657 0.050343668875649256 -0.060471135847412032 0.069911640405906958 0.01925274572947111 0.065318357370383884 0.031104491359198568 -0.032265994832268372 -0.052117011730203971 -0.067496765922088295 0.014444222762783818 0.0035593074776826107 -0.069895993543943935 -0.072118678051384208 -0.067353656916803895 0.069231451655966517
leaf_weight=1.2022362593561435 0.77857511676848223 4.4493058416992426 7.0698069948703033 11.807771637570115 1.6508987117558707 1.2509536677971507 0.49940073117614048 0.18082496896386224 16.293055337853737 0.67032602056860957 0.86655271798372258 0.50849900022148986 1.1269908756949005 1.2466508289799083 0.51983010582625855 0.42373424302786489 0.26853251829743374 14.857987269759171 0.56166822835803032
leaf_count=19 32 84 225 515 35 57 8 6 642 12 25 10 98 20 18 12 4 1451 12
internal_value=0.00127866 0.0226074 0.00146226 -0.0214898 -0.0451511 0.034376 -0.0503312 -0.0621454 0.0529404 0.00503385 0.0534641 0.0584956 -0.0361035 0.0617024 0.0632524 -0.0664105 -0.0683861 -0.0674242 0.0684428
internal_weight=66.2336 46.8656 27.6151 19.1589 13.4587 5.70026 19.368 15.9619 19.2504 3.40609 8.45619 18.0482 2.06585 17.5397 7.58964 15.4625 1.39552 15.2817 1.34024
internal_count=3285 1650 959 691 550 141 1635 1477 691 158 268 672 114 662 243 1469 102 1463 44
is_linear=0
shrinkage=0.1


Tree=101
num_leaves=23
num_cat=0
split_feature=3 120 170 37 47 24 7 7 6 6 90 69 133 7 22 71 63 47 15 53 34 8
split_gain=8.42532 2.4568 1.80298 2.36948 1.49415 1.1995 1.22015 0.668748 1.01971 0.59097 0.540485 0.279134 0.255452 0.22413 0.209264 0.0916119 0.0604078 0.0464039 0.015353 7.55687e-05 7.7012e-06 7.82194e-07
threshold=1.1417265045350342 1.4868018318848579 1.8677846236858084 -0.65660979495872585 1.2891764530769494 -0.57020068120972367 -0.237270769652389 -0.84896503855203853 0.72143463722482959 1.2154779483705604 1.6997458262281224 1.3094220853777896 2.2338863977428631 -1.1233785736364033 -0.6456093629110119 0.82414818113057442 2.2865676384991094 1.3634284070581588 -0.2260083579182868 0.5769206557557981 0.06607452548659927 0.71831732408367499
decision_type=2 2 2 2 2 2 2 2 2 2 2 2 2 2 2 2 2 2 2 2 2 2
left_child=5 2 3 13 -5 6 19 8 -7 15 -11 -10 16 -2 -4 17 -9 -3 -16 -1 21 -8
right_child=1 9 14 4 -6 7 20 12 11 10 -12 -13 -14 -15 18 -17 -18 -19 -20 -21 -22 -23
leaf_value=0.067971367269626173 0.019404046207105771 0.068344795955067733 -0.010111345618180036 0.049618476394429366 -0.05718936799663376 0.043067174491053295 -0.067030153898934033 -0.067434489182781387 -0.067853324301211201 -0.058921537815346051 0.068076026040888846 0.013577257332663829 0.048241410855263483 -0.066230723704982772 -0.053790737657833793 0.022058999600005572 -0.012099717328507877 0.035652875914866114 -0.071814023995741508 0.069324376102937457 -0.067760474047619076 -0.06725221948906597
leaf_weight=0.75753430556505941 0.3425284801051024 13.319533797912294 0.78841570019722018 12.641625866293905 1.4611341105774034 1.5809804135933561 0.68233155226335174 15.449560004286461 2.6945221708156173 0.76340167503803857 0.5973254730924964 0.49889816436916579 0.19567847019061524 2.8373961742036107 0.59278352186083871 0.4630787596106537 0.19983809534460384 0.44881371594965536 2.3318549497053014 0.90710932388901711 0.2059132824651897 0.20665874890983105
leaf_count=29 11 597 20 324 59 33 87 1561 197 26 24 22 5 128 14 11 8 15 60 21 13 20
internal_value=-0.00024466 0.0297181 0.00738733 0.0209702 0.0385525 -0.047136 0.0147805 -0.0554224 -0.0226144 0.0597878 -0.00317276 -0.0551317 -0.0653081 -0.0570065 -0.0558349 0.0658077 -0.0667279 0.0672791 -0.068161 0.0687087 -0.0672094 -0.0670818
internal_weight=59.9669 36.5879 20.9957 17.2827 14.1028 23.379 2.75955 20.6195 4.7744 15.5922 1.36073 3.19342 15.8451 3.17992 3.71305 14.2314 15.6494 13.7683 2.92464 1.66464 1.0949 0.88899
internal_count=3285 1289 616 522 383 1996 170 1826 252 673 50 219 1574 139 94 623 1569 612 74 50 120 107
is_linear=0
shrinkage=0.1


Tree=102
num_leaves=27
num_cat=0
split_feature=7 160 33 35 160 119 119 73 185 21 9 81 119 118 110 162 47 185 194 22 10 16 32 3 190 186
split_gain=6.05905 2.8484 2.13724 1.69211 1.26831 1.07232 0.975493 1.0059 0.96069 0.818001 0.783143 0.677876 0.452421 0.364974 0.349136 0.476132 0.273241 0.403081 0.227956 0.144337 0.0939417 0.00403132 0.000511447 0.000276607 0.000102715 3.60214e-05
threshold=-0.37122873569968068 -0.46488048361001511 0.59197561510037799 -0.26037992908558927 -0.46488048361001511 0.13069385153301591 0.11007642924810405 0.34088959073159125 1.3543801363119259 -1.6384625922230953 0.41461022189742602 0.15295732946298221 0.86116851441648568 -0.51370852065092054 0.32072368506629617 -1.0000000180025095e-35 1.283686789828977 0.92352974054423387 1.0000000180025095e-35 -0.46257680485620761 0.58945443630147343 0.50527655730030396 0.08648681423602915 1.0898817657614057 0.62640826385922077 1.2858863304608288
decision_type=2 2 2 2 2 2 2 2 2 2 2 2 2 2 2 2 2 2 2 2 2 2 2 2 2 2
left_child=2 6 14 5 23 11 7 21 9 -5 12 -3 -6 -7 15 -1 20 -18 -12 -10 -16 -2 -8 -4 -24 -25
right_child=1 3 4 8 10 13 22 -9 19 -11 18 -13 -14 -15 16 -17 17 -19 -20 -21 -22 -23 24 25 -26 -27
leaf_value=-0.068527347528640231 -0.069029637114392708 -0.060557387505828508 -0.070892064593839677 -0.07045358085030394 0.035559248682568483 0.038266737593903415 -0.070924331266650556 0.055361407969865856 -0.067542158264281879 0.06328636570823909 -0.006670656145574801 0.060075510178094427 -0.06835283571516898 -0.064034159718148492 -0.066384156178242712 0.053025791776548849 0.029808821204964409 -0.067309970333354036 0.063313083941323497 0.018408463188037794 -0.016833303018021963 -0.056535218656556835 -0.067469109767345589 -0.068542702440260603 -0.06951132580130534 -0.067347224788312551
leaf_weight=0.63309648539870977 0.72659008903428846 0.57943133451044859 0.31804440543055523 0.46856012009084835 0.70227634534239669 0.40656775049865279 0.5745347719639543 1.8408532878383992 0.67790041118860245 19.084637047257274 0.53768843226134766 2.3757514161989093 1.0387327298521993 2.4519414179958403 14.411750840954483 0.65632956102491025 0.78611766500398406 0.93640003679320216 3.4635089091025293 0.27449066005647083 0.39304440235719162 0.40061661321669817 2.6401844164356594 0.3289339318871497 0.27161677926778782 1.0782530130818484
leaf_count=27 28 31 6 13 17 14 15 28 49 961 23 65 64 91 1191 17 38 79 149 10 24 27 203 11 8 96
internal_value=-0.00117057 0.0272043 -0.0379504 0.0418035 0.00695829 -0.00581633 -0.0323272 0.00980675 0.0553045 0.0600815 0.029548 0.0364227 -0.0264375 -0.0494838 -0.0567728 -0.0066557 -0.0606828 -0.0229872 0.0539085 -0.0427701 -0.0650687 -0.064589 -0.0681976 -0.0682286 -0.0676596 -0.0676267
internal_weight=58.0579 32.7737 25.2842 26.3193 7.46744 5.81369 6.4544 2.96806 20.5056 19.5532 5.74221 2.95518 1.74101 2.85851 17.8167 1.28943 16.5273 1.72252 4.0012 0.952391 14.8048 1.12721 3.48634 1.72523 2.9118 1.40719
internal_count=3285 1543 1742 1234 366 201 309 83 1033 974 253 96 81 105 1376 44 1332 117 172 59 1215 55 226 113 211 107
is_linear=0
shrinkage=0.1


Tree=103
num_leaves=23
num_cat=0
split_feature=162 168 20 166 192 20 178 114 44 158 65 20 43 135 141 86 162 35 37 187 114 105
split_gain=6.37577 2.66866 2.60227 2.18757 2.26262 1.13984 0.793354 0.791471 0.703595 0.613177 1.01392 0.289873 0.145425 0.11924 0.0751539 0.059401 0.0240759 0.0074453 0.00486491 0.00303446 0.00018708 9.67998e-05
threshold=0.19450231258392425 0.39841840820467839 -0.8497436973652428 1.2806612040269758 0.27846582115688928 -0.82585457421852493 0.20268181525028647 -1.7871284688719256 1.4638095095294423 1.0548419804308167 1.8640371590267342 -0.57753301821857239 0.66134117371089729 -1.7786619396944692 0.23257424585758021 1.3181455199796728 1.0000000180025095e-35 -0.5389762116801734 -0.051691436247021848 1.6571473719079333 -1.2518151574166423 1.0296442839011157
decision_type=2 2 2 2 2 2 2 2 2 2 2 2 2 2 2 2 2 2 2 2 2 2
left_child=1 2 8 4 -4 6 12 -7 15 16 -11 -5 21 -9 -8 -1 18 -16 -3 -12 -15 -2
right_child=5 9 3 11 -6 7 14 13 -10 10 19 -13 -14 20 17 -17 -18 -19 -20 -21 -22 -23
leaf_value=0.068848024932616284 0.067751992492921562 0.068547572500928938 0.045837082879831612 0.0689231298123653 -0.047271840717430715 0.069507680394595511 0.0017998750325258434 0.016312741826430426 -0.024554901050867568 -0.054074653381749917 0.068916337737878627 -0.0053426975897180994 0.0074250010904458293 -0.069543155945771151 -0.046652404918104025 0.038185428308351144 0.048081311993139114 -0.068680462449856747 0.078269822513739415 0.058958565308748982 -0.06728201102942398 0.069567240004610356
leaf_weight=5.9871884183958164 0.67756108101457646 10.200680562295016 3.227683827281008 3.0106219649314885 13.636586610693483 0.44306995719671327 0.19990340992808331 0.17255072481930334 0.99392110761255015 1.1964589520357543 1.2678261473774908 0.63672308996319671 0.57726931944489468 0.3763830722309639 0.18497242219746102 0.70632959064096201 0.57766868174076158 0.89998651202768076 0.54203349724411864 0.40339591074734915 13.146281662862743 0.518624572083354
leaf_count=242 31 420 113 89 582 8 11 6 29 29 49 25 32 12 10 30 17 63 6 19 1451 11
internal_value=0.0012957 0.0221313 0.00433322 -0.0142641 -0.0294516 -0.0500611 0.00529393 -0.0620352 0.0539545 0.0575055 0.0162011 0.0559584 0.0486461 -0.0662909 -0.0545437 0.0656124 0.0679687 -0.0649249 0.0690381 0.0665128 -0.0673449 0.068539
internal_weight=59.5837 42.3871 28.1991 20.5116 16.8643 17.1966 3.05832 14.1383 7.68744 14.1881 2.86768 3.64735 1.77345 13.6952 1.28486 6.69352 11.3204 1.08496 10.7427 1.67122 13.5227 1.19619
internal_count=3285 1650 1110 809 695 1635 158 1477 301 540 97 114 74 1469 84 272 443 73 426 68 1463 42
is_linear=0
shrinkage=0.1


Tree=104
num_leaves=24
num_cat=0
split_feature=44 24 185 7 20 6 100 186 90 170 0 7 111 145 25 13 22 117 7 118 194 91 20
split_gain=7.37851 2.00725 1.98942 1.96705 1.37409 1.10977 0.775861 0.718339 0.707692 0.507263 0.751292 0.367312 0.614851 0.332718 0.291986 0.27546 0.249364 0.215332 0.043963 0.00109731 0.000351367 7.70853e-06 1.04106e-07
threshold=1.1370776116198378 -0.57960336347588448 0.92352974054423387 -0.99087058391952842 -0.83202439751613089 1.1934763764090139 0.90283078050098864 0.42100045709852801 1.6997458262281224 3.0842403339459241 1.6543616025350774 -0.73305870364399939 0.54782084898960981 -0.21669080340927097 -0.580542332504704 0.5722592978647606 -0.50245884486923664 -0.88829052762077942 -0.18952839951627051 0.77245871733283777 -0.53866824841512095 1.0974351980840866 -0.22892728408912852
decision_type=2 2 2 2 2 2 2 2 2 2 2 2 2 2 2 2 2 2 2 2 2 2 2
left_child=1 7 6 4 21 9 -2 22 16 13 -11 12 -5 -4 -6 20 -7 -13 19 -9 -8 -3 -1
right_child=2 3 5 11 14 8 15 18 -10 10 -12 17 -14 -15 -16 -17 -18 -19 -20 -21 -22 -23 -24
leaf_value=-0.06705143279147105 0.055685201766826314 -0.067150365650383168 0.0048892968953271228 0.030727619262515427 -0.0014520914375572777 0.0029766800085572198 -0.0713936673331063 0.068057336489860371 0.06799789126870659 -0.067917249711824168 0.067674927389974562 -0.012981445306141697 -0.053351012597637054 0.067805792322987307 0.067366042123626221 0.04116457467136804 -0.069659120013924422 -0.066147984731887099 0.034163428275414513 0.073252607647698129 -0.067581057445992285 -0.067775843355014936 -0.066960539632558241
leaf_weight=0.26264039566740394 0.78820499591529669 1.1917840922251342 0.8862221278250314 1.1769493641331852 0.82139915786683593 0.78612148668617021 0.27309326082468111 1.5821236269548546 0.86050155293196429 0.74436308117583283 0.90602705720812082 0.80033299978823436 3.3323279581964016 16.29785627219826 2.4719354584813145 0.2559476364403962 1.1852609682828179 15.815651881042855 0.42492546048015301 0.54714593291282643 2.1042340341955423 0.23606563685461868 0.24223232688382568
leaf_count=34 19 128 23 35 24 18 8 63 37 12 43 53 220 699 58 6 33 1498 28 11 186 12 37
internal_value=-0.00017117 -0.0346106 0.039509 -0.0436763 0.0146793 0.0506994 -0.0313537 0.0419871 -0.00766695 0.0594751 0.00651981 -0.0567179 -0.031406 0.064561 0.0502019 -0.0574067 -0.0406944 -0.0635871 0.0635315 0.0693923 -0.068019 -0.0672538 -0.0670078
internal_weight=53.9933 28.9055 25.0878 25.8464 4.72118 21.6664 3.42148 3.05907 2.83188 18.8345 1.65039 21.1253 4.50928 17.1841 3.29333 2.63327 1.97138 16.616 2.5542 2.12927 2.37733 1.42785 0.504873
internal_count=3285 2201 1084 2028 222 865 219 173 88 777 55 1806 255 722 82 200 51 1551 102 74 194 140 71
is_linear=0
shrinkage=0.1


Tree=105
num_leaves=24
num_cat=0
split_feature=119 33 162 71 134 3 40 49 75 6 73 7 167 7 19 87 65 19 49 123 29 138 36
split_gain=5.38423 3.26361 1.75608 1.93447 1.06015 0.937076 0.916843 0.790813 0.83245 0.526552 0.509405 0.503508 0.437735 0.336212 0.329782 0.246636 0.216782 0.137993 0.131563 0.129885 0.106103 0.0391026 0.028112
threshold=0.46947662741577795 -0.24743241955011955 0.76983163209898486 0.4430465272381951 -0.60579682205013718 0.19945065850566354 0.73893066293157106 0.29965055049558015 0.44085275053928225 1.0765808093021489 2.3837910407591432 -0.40169090627582899 -0.51805345573870787 -0.9808452642207458 0.52336855717630393 0.93409198717709307 1.5014311993740634 0.37522420842948906 1.4453739820916398 3.4153283342064067 0.077076723312267642 0.6282554398305622 0.30586942254985722
decision_type=2 2 2 2 2 2 2 2 2 2 2 2 2 2 2 2 2 2 2 2 2 2 2
left_child=1 5 10 9 6 -1 11 20 -9 21 18 -3 -5 -6 -11 -12 -15 -8 19 -2 -7 -4 -14
right_child=2 4 3 12 13 7 17 8 -10 14 15 -13 22 16 -16 -17 -18 -19 -20 -21 -22 -23 -24
leaf_value=0.056499558291474544 -0.066354394506518741 -0.036067693699952948 -0.020317552153284964 -0.02430967210301236 -0.027187605305961184 -0.067400015402983154 -0.069042410901954149 -0.068108246189141713 0.068997832678098628 -0.058370783028154995 -0.036046112345896518 0.064610370568689637 0.06767970549593362 0.064185943780634067 0.045590102664954564 0.064445447739273437 -0.0021922078367796207 -0.0067043132674392512 0.0025904231569749206 -2.4504631863097819e-05 -0.0013015228405548784 -0.067564210702639529 0.038913933267578034
leaf_weight=1.1231719013303543 12.924457578454163 0.64904979802668128 0.18504091212525819 0.66792813502252091 0.43305872101337328 4.5006697839125991 1.258361126296222 0.74478487949818362 1.0923057673498986 0.47187892347574212 0.5184508580714472 2.1169614251703086 2.9552108645439152 15.639552851207547 0.86349343555048108 0.46174538135528564 0.5079894885420807 0.49469824135303486 0.29582598153501827 0.30211714468896467 0.25670506339520205 3.2842066003941 0.38386333268135775
leaf_count=32 1053 36 8 38 15 357 52 36 18 30 30 106 146 864 31 12 24 29 8 11 9 325 15
internal_value=-0.00119595 0.0277105 -0.0369255 -0.00171629 0.0480635 -0.0279334 0.00512739 -0.0423141 0.0134129 -0.0445054 -0.0583183 0.0409861 0.0495903 0.0597657 0.00885357 0.0112929 0.0620977 -0.0514511 -0.0633642 -0.0648393 -0.0638334 -0.0650442 0.0643728
internal_weight=52.1315 28.8173 23.3142 8.81162 21.0997 7.71764 4.51907 6.59447 1.83709 4.80462 14.5026 2.76601 4.007 16.5806 1.33537 0.980196 16.1475 1.75306 13.5224 13.2266 4.75737 3.46925 3.33907
internal_count=3285 1578 1707 593 1126 452 223 420 54 394 1114 142 199 903 61 42 888 81 1072 1064 366 333 161
is_linear=0
shrinkage=0.1


Tree=106
num_leaves=20
num_cat=0
split_feature=162 135 20 69 34 20 89 192 114 191 9 125 87 19 114 155 71 144 114
split_gain=5.60508 2.39716 2.51189 1.82727 1.81563 1.01383 0.941054 0.86359 0.694614 0.69126 0.657831 0.323708 0.218259 0.223944 0.204599 0.108224 0.0490198 0.000161759 0.000148061
threshold=0.19450231258392425 -0.97253499544498367 -0.82585457421852493 0.03435300335692415 0.16755976053297786 -0.82585457421852493 1.606174341299683 0.1550714982363057 -1.7871284688719256 1.0966955381802683 0.85658832130325813 0.11980414905343408 1.2651764429463734 0.53692653708903293 0.84482668601881794 2.9672245886276669 0.4430465272381951 0.061684543595229339 -1.2518151574166423
decision_type=2 2 2 2 2 2 2 2 2 2 2 2 2 2 2 2 2 2 2
left_child=1 6 10 7 -5 9 12 -4 -7 16 14 -11 13 -1 -3 18 -2 -13 -10
right_child=5 2 3 4 -6 8 -8 -9 15 11 -12 17 -14 -15 -16 -17 -18 -19 -20
leaf_value=0.065818059758427291 0.068565946016125826 0.06654127171304057 0.039205401007521817 -0.040518350318713217 0.057013213245388522 0.069152622305866815 -0.071536403215047631 -0.059376143124220231 -0.069336027837810815 0.054428064484595154 -0.035184171090701551 -0.070205737969199877 0.00735681304953363 -0.00053031511990562087 -0.0019026512760489619 0.014769720122359754 0.028141800173997689 -0.067355603774585951 -0.067219366580126658
leaf_weight=12.19592482922598 0.92488238122314148 6.1554279206320635 0.99703941773623839 3.2371041607111684 4.6511548417620361 0.39151501655578513 0.56704644393175918 8.17188124777749 0.34014053689315638 0.26706533133983601 0.78399591892957676 0.25825948966667034 0.74483735207468349 0.53086454793810922 0.47010615095496167 0.16294655390083868 0.44398005213588476 0.86975384084507823 11.628920454997568
leaf_count=578 33 253 44 188 106 8 21 365 12 9 34 9 25 23 13 8 17 90 1449
internal_value=0.00138098 0.0217203 0.0028202 -0.0182979 0.0169892 -0.0498487 0.0546594 -0.0486563 -0.0619468 0.00496812 0.0514353 -0.0445697 0.0599712 0.0630505 0.0616849 -0.0661775 0.0554547 -0.0680081 -0.0672795
internal_weight=53.7928 38.5054 24.4667 17.0572 7.88826 15.2875 14.0387 9.16892 12.5235 2.76394 7.40953 1.39508 13.4716 12.7268 6.62553 12.132 1.36886 1.12801 11.9691
internal_count=3285 1650 1003 703 294 1635 647 409 1477 158 300 108 626 601 266 1469 50 99 1461
is_linear=0
shrinkage=0.1


Tree=107
num_leaves=21
num_cat=0
split_feature=3 89 6 38 20 24 7 6 71 7 31 1 59 68 24 118 132 20 34 30
split_gain=6.45202 1.98812 2.0136 1.26034 1.13085 0.989798 0.974129 0.571255 0.502208 0.423027 0.399742 0.380009 0.373834 0.234583 0.215974 0.0333586 0.00181981 5.73419e-05 3.84864e-06 5.70239e-07
threshold=1.1417265045350342 1.5682838404033126 0.98754520284767422 0.7700252468544746 -0.84176831786887463 -0.57020068120972367 -0.237270769652389 0.21370224757168629 0.11107712155542378 -1.4667728469523589 0.70645746778903706 1.4289558763491288 -2.4053977016648282 -1.2208497867476058 -0.5516883088379646 0.29488090323475769 0.79061916403937837 -0.26826337348892276 0.06607452548659927 0.41972064780209156
decision_type=2 2 2 2 2 2 2 2 2 2 2 2 2 2 2 2 2 2 2 2
left_child=5 2 3 4 -2 6 17 -7 11 -9 13 -4 -11 -3 -10 -5 -15 -1 19 -8
right_child=1 10 8 15 -6 7 18 9 14 12 -12 -13 -14 16 -16 -17 -18 -19 -20 -21
leaf_value=0.069111709271175298 -0.045358149189323967 -0.0023760059448450694 -0.032406229961531453 -0.029742735051088938 0.059081319522091419 0.049522299292303465 -0.066958441724331116 0.056209915230934174 0.01965719440837228 0.06061626470667944 -0.037540573917408393 0.045784404074627992 -0.062396780030386768 0.075024744642712068 -0.059340240128863367 -0.067954413335242339 0.067655951112233756 0.067815991530166028 -0.067541400159170192 -0.06719075020922409
leaf_weight=0.63480830658227205 1.1763694426044828 0.4973107036203136 1.3865985050797456 0.29838581709191092 8.7356911008246279 0.50891663599759596 0.57171203801408665 0.31729297107085841 0.37680229451507319 0.25107642821967857 0.39566484838724214 1.1265586754307149 15.385671754833302 0.34646490402519425 4.2445525303483009 0.9749301946721971 10.257904719561337 0.73933376744389556 0.16256218031048775 0.12962034018710256
leaf_count=17 45 16 37 12 274 12 92 7 17 4 5 27 1803 4 195 60 597 33 13 15
internal_value=-0.000246096 0.0286337 0.00817751 0.0346553 0.0466864 -0.0462926 0.016104 -0.054775 -0.033334 -0.058102 0.0612286 0.00264384 -0.0604216 0.0647488 -0.0528992 -0.059 0.0678967 0.0684146 -0.067103 -0.0670014
internal_weight=48.5182 29.8172 18.3199 11.1854 9.91206 18.701 2.23804 16.463 7.13451 15.954 11.4973 2.51316 15.6367 11.1017 4.62135 1.27332 10.6044 1.37414 0.863895 0.701332
internal_count=3285 1289 667 391 319 1996 170 1826 276 1814 622 64 1807 617 212 72 601 50 120 107
is_linear=0
shrinkage=0.1


Tree=108
num_leaves=26
num_cat=0
split_feature=119 33 162 71 73 7 65 29 89 7 162 73 6 6 40 172 179 49 123 73 156 65 112 195 58
split_gain=4.73228 2.9117 1.48656 1.70108 0.953366 0.83899 0.753967 0.848341 0.676453 0.596066 0.740867 0.46394 0.421835 0.382033 0.353042 0.251666 0.225294 0.12411 0.124914 0.105993 0.0623398 0.0537893 0.0393959 0.0018475 0.00094405
threshold=0.48484920551824323 -0.24743241955011955 0.76983163209898486 0.4430465272381951 0.42268095109209941 -0.046199934239548608 1.1476035892255132 -0.98901372435642398 0.45790655580905443 -0.44313843823558313 0.48216698276929837 2.3837910407591432 1.0765808093021489 0.92404538793589408 1.0458489291981257 1.2552130490478666 1.5695229551883618 1.4453739820916398 3.4153283342064067 1.0406507156473699 0.76667340510980309 1.4843612144155327 0.75348798508906978 0.80417611052751237 0.27844072680406606
decision_type=2 2 2 2 2 2 2 2 2 2 2 2 2 2 2 2 2 2 2 2 2 2 2 2 2
left_child=1 5 11 12 8 19 7 -7 14 10 -6 17 22 -5 -3 -14 -13 18 -2 23 -15 -11 -4 -1 -10
right_child=2 4 3 13 9 6 -8 -9 24 21 -12 16 15 20 -16 -17 -18 -19 -20 -21 -22 -23 -24 -25 -26
leaf_value=-0.067413836254199375 -0.06644457472731527 0.069063938225740834 -0.017726688004155066 -0.027416156558471884 -0.032323854814509514 -0.067771746340460209 -0.072632160594399878 0.065429766494156147 -0.062260658423635366 0.066716925127302762 0.060075342991688929 0.061494965545137482 -0.043016652100798164 0.025523240880730016 -0.041843192021044445 0.049849597613031219 -0.038800868685505176 0.0025915982082460099 0.00050937383924190864 0.0078543590926095155 0.068167089072372886 0.030017495296916705 -0.067494272528081961 -0.057119537579059534 -0.068576381945687326
leaf_weight=3.1371036414057025 11.366263081319627 0.98935043532401612 0.16824776073917691 0.5603362908586863 1.5553867868147855 0.62880758568644579 0.89825281314551819 1.9954523434862521 0.33338533155620076 12.740767540875815 1.9628868643194435 0.44834366906434375 0.55569383548572637 0.39485534839332137 0.40430910093709826 0.61452645109966397 0.44752495689317584 0.27980771660804826 0.28565307706594545 0.20149225089699019 2.6007713489234447 0.41229528235271651 2.9123599724844098 0.18459604866802681 0.81585654569789767
leaf_count=331 1036 58 7 37 70 44 23 43 25 817 98 14 34 28 17 23 28 8 11 8 129 18 326 15 37
internal_value=-0.0012359 0.0269235 -0.0370724 -0.0026666 0.0470876 -0.0280655 0.00644556 0.0335129 -0.00994707 0.0557871 0.0192268 -0.0580116 -0.0453606 0.0483702 0.0368891 0.00575089 0.0113929 -0.0632227 -0.0648032 -0.0625699 0.0625462 0.0655665 -0.0647762 -0.0668418 -0.0667442
internal_weight=46.8943 26.2599 20.6344 7.80679 19.2142 7.0457 3.52251 2.62426 2.5429 16.6713 3.51827 12.8276 4.25083 3.55596 1.39366 1.17022 0.895869 11.9317 11.6519 3.52319 2.99563 13.1531 3.08061 3.3217 1.14924
internal_count=3285 1604 1681 584 1140 464 110 87 137 1003 168 1097 390 194 75 57 42 1055 1047 354 157 835 333 346 62
is_linear=0
shrinkage=0.1


Tree=109
num_leaves=21
num_cat=0
split_feature=162 168 20 34 166 20 0 131 135 186 86 158 20 29 40 114 27 145 37 105
split_gain=4.90973 2.1614 2.01333 1.79392 1.29986 0.908688 0.660058 0.618312 0.614046 0.572394 0.335614 0.27959 0.580627 0.239405 0.119093 0.0764335 0.0274413 0.000208185 4.74883e-05 2.22807e-05
threshold=0.19450231258392425 0.31650489238632579 -0.8497436973652428 0.72395288438231187 1.2806612040269758 -0.82585457421852493 0.22553907799380549 0.57487064025924262 -1.9130164304027166 1.6392399141072069 0.62459292665123523 1.1019495003287199 -0.76889046423593377 0.2650188000784745 0.65649046054169757 -1.5299338597591399 -0.54364893017766847 0.091399183319660682 -0.48726044627320758 1.0461809590232214
decision_type=2 2 2 2 2 2 2 2 2 2 2 2 2 2 2 2 2 2 2 2
left_child=1 2 9 4 -4 7 -3 19 -7 13 -9 16 -13 -1 -5 -10 -8 -12 -17 -2
right_child=5 6 3 14 -6 8 11 10 15 -11 17 12 -14 -15 -16 18 -18 -19 -20 -21
leaf_value=0.065923955047849592 0.067517177809662335 -0.050533431237725891 -0.042684744520816408 0.0078573069913079278 0.05051435231084786 0.068862514730929927 0.043080936352285951 0.030903352801800139 -0.0022596340270282212 -0.063948588601103848 -0.070501144539611524 0.068313397336893331 -0.037643354707557558 -0.012318128997451076 0.063698312169151158 -0.067729731456225323 0.068373657273960428 -0.067151164361696297 -0.067110230113616928 0.068492294547922994
leaf_weight=5.2526055304333559 0.55193821806460563 0.5677407318726172 11.784750627353793 0.45067780930548851 1.7141655087470997 0.34810804575681586 0.45001345220953126 0.51946283131837834 0.18443330191075702 0.39807281270623196 0.24454488232731797 1.3447744930163028 0.84037095634266634 0.42252595163881768 2.503645027987659 1.4308731467463047 9.1672760713845474 0.76842826884239912 9.1502009038813412 0.40719917044043541
leaf_count=263 32 13 592 12 61 8 17 12 4 19 6 69 36 11 118 111 439 96 1354 12
internal_value=0.00133722 0.0212032 0.00276083 -0.0154024 -0.0308498 -0.0496181 0.0547873 0.0049635 -0.0618547 0.0519679 -0.0344474 0.0598537 0.0275642 0.0600987 0.0551798 -0.0660816 0.0671902 -0.0679599 -0.067194 0.0679312
internal_weight=48.5018 34.8966 22.5264 16.4532 13.4989 13.6052 12.3702 2.49157 11.1136 6.0732 1.53244 11.8024 2.18515 5.67513 2.95432 10.7655 9.61729 1.01297 10.5811 0.959137
internal_count=3285 1650 1076 783 653 1635 574 158 1477 293 114 561 105 274 130 1469 456 102 1465 44
is_linear=0
shrinkage=0.1


Tree=110
num_leaves=23
num_cat=0
split_feature=186 114 6 9 71 7 155 170 106 90 167 22 165 89 8 66 24 66 179 118 24 9
split_gain=5.70269 1.67588 1.15317 0.971185 1.20197 0.987835 0.974183 0.93686 1.00507 0.716058 0.503119 0.39843 0.394008 0.352809 0.16279 0.0746582 0.0569675 0.0284257 0.0236379 0.000112315 1.83669e-05 1.39291e-05
threshold=1.0645902329271515 -1.0911842385603752 1.1830369947759312 0.12399898394032587 0.43493008115120074 -0.16447144097259905 1.4031041148584091 1.9038422897183127 1.678960239805501 1.6458578935797232 0.90002073308979524 -1.1424010583996058 -0.87895158989070088 1.6488185701231688 -1.1899695762397646 2.3063769065466162 -0.52115614131317123 -1.7175540438902999 1.1553120049943344 -0.34558850929039625 -0.42661533525461942 0.012708168700236716
decision_type=2 2 2 2 2 2 2 2 2 2 2 2 2 2 2 2 2 2 2 2 2 2
left_child=3 13 7 4 5 6 -1 10 -9 12 -3 -6 -4 16 -5 17 -2 -16 -13 -18 -11 -7
right_child=1 2 9 14 11 21 -8 8 -10 20 -12 18 -14 -15 15 -17 19 -19 -20 -21 -22 -23
leaf_value=0.064032968891455433 -0.019967463905152291 0.063486676092880265 0.017452059540609535 0.01711482825869922 0.05644112834458348 -0.067045533076597288 -0.067389956660447781 -0.052088133042572343 0.057235351155619299 0.067484394130839453 -0.033433731441699616 -0.067372212663050837 -0.063891302119930354 0.048781013520496019 -0.02206624319155406 0.0033639063629827132 -0.069907735144067812 -0.067394941376081638 -0.028114298912469294 -0.067652443876752302 0.068430775166483174 -0.068061408036005758
leaf_weight=3.0845346185378735 0.28513169288635309 14.983702684752647 0.88250579219311531 0.24413919309154053 0.28637322364374984 0.95616768207401193 0.69023889442905773 1.7054078923538321 1.6590181319043038 0.49938414338976145 0.55545478919521052 3.7425165609456603 1.8308168053627005 0.33467715326696623 0.14044781262054762 0.15451792115345675 0.25595442065969165 9.2424861635081452 0.15992928529158223 1.6085054576396962 0.34795929677784432 0.15715496568009257
leaf_count=79 9 766 22 14 7 140 76 53 88 31 34 469 77 13 14 14 7 1214 12 124 12 10
internal_value=-0.000157535 0.0312114 0.0398303 -0.0416565 -0.0180988 0.0155876 0.0400015 0.0496635 0.00181992 -0.0123741 0.0600222 -0.0574087 -0.0374344 -0.046726 -0.063517 -0.0655811 -0.0615958 -0.0667164 -0.0657634 -0.0679621 0.067873 -0.0671889
internal_weight=43.807 24.9485 22.4642 18.8585 9.07692 4.8881 3.77477 18.9036 3.36443 3.56067 15.5392 4.18882 2.71332 2.48427 9.78159 9.53745 2.14959 9.38293 3.90245 1.86446 0.847343 1.11332
internal_count=3285 1236 1083 2049 793 305 155 941 141 142 800 488 99 153 1256 1242 140 1228 481 131 43 150
is_linear=0
shrinkage=0.1


Tree=111
num_leaves=25
num_cat=0
split_feature=119 33 162 185 19 74 3 156 49 75 65 87 63 185 162 6 123 12 29 13 29 189 92 6
split_gain=4.17548 2.50529 1.35253 1.48483 0.854775 1.08818 0.73814 0.653651 0.634384 0.655486 0.572721 0.417487 0.456368 0.382232 0.341153 0.330208 0.200016 0.174009 0.113098 0.104882 0.0953809 0.00517869 1.07447e-05 4.20426e-06
threshold=0.4768439997190046 -0.24743241955011955 0.76983163209898486 1.3543801363119259 0.47278796768267362 0.67690263237612169 0.19945065850566354 0.40470919057542365 0.29965055049558015 0.44085275053928225 1.3969377795541982 1.1219968831034712 1.414255062059848 0.36473846373283086 1.3451609516140453 0.45770109545184029 3.4153283342064067 -0.20691920151248908 1.1784908327442902 0.32722295369161458 0.10828053181264446 0.11053729450832196 0.36415585665687206 1.2318485232467986
decision_type=2 2 2 2 2 2 2 2 2 2 2 2 2 2 2 2 2 2 2 2 2 2 2 2
left_child=1 6 11 7 5 13 -1 17 20 -10 -7 16 22 -3 -9 -6 21 -4 23 -17 -8 -2 -13 -5
right_child=2 4 3 18 15 10 8 14 9 -11 -12 12 -14 -15 -16 19 -18 -19 -20 -21 -22 -23 -24 -25
leaf_value=0.0546678077250288 -0.04927320343348892 0.047839694821670227 -0.068880732139234499 -0.067043132192040042 -0.041512741209248166 0.064883277017543498 -0.066873740521598099 0.063696276014788236 -0.067812837752068728 0.067027935477815742 -0.049007020780693245 -0.067112686487642903 0.050060582048047614 -0.067075909425788616 -0.037604886842808508 0.066167243017781027 -0.0031521366394913529 0.022709859770405415 0.023159642715224828 0.0086473828174811074 0.0026873727881429818 -0.067879646044994843 -0.068036842609478579 -0.067508601109592045
leaf_weight=0.93801886122674005 0.15195276169106442 0.35391257237643259 0.65991113241761923 2.2529291608370849 0.30140344612300296 2.9021983346901838 3.6292038289830093 3.133427638560534 0.59789586579427101 0.90802337881177664 0.52076917747035611 0.44636978954076656 0.70773703139275312 1.5890443199314175 0.37190326396375883 11.1137091233395 0.50672048563137728 0.30251989001408119 0.14716660231351841 0.32631240505725223 0.20844018785282958 9.6067225532606226 0.17518013715744019 0.2123362156562506
leaf_count=32 21 25 37 324 13 131 365 173 36 18 27 54 29 100 19 826 26 18 3 10 8 963 11 16
internal_value=-0.00129147 0.0268614 -0.0365509 -0.00211185 0.0466934 0.0136281 -0.0271494 0.0329063 -0.0415117 0.013492 0.047556 -0.0575808 -0.00484926 -0.0461439 0.0529486 0.0618045 -0.0644091 -0.0400912 -0.0619996 0.0645266 -0.0630956 -0.0675899 -0.0673732 -0.0670832
internal_weight=42.0638 23.3889 18.6749 7.08019 17.1073 5.36592 6.28158 4.46776 5.34356 1.50592 3.42297 11.5947 1.32929 1.94296 3.50533 11.7414 10.2654 0.962431 2.61243 11.44 3.83764 9.75868 0.62155 2.46527
internal_count=3285 1591 1694 590 1132 283 459 247 427 54 158 1104 94 125 192 849 1010 55 343 836 373 984 65 340
is_linear=0
shrinkage=0.1


Tree=112
num_leaves=23
num_cat=0
split_feature=162 40 20 6 199 20 161 178 114 122 49 174 11 11 87 74 155 181 131 20 114 103
split_gain=4.27818 1.93129 1.81074 1.62101 0.985576 0.822957 0.756208 0.557059 0.55448 0.543972 0.422793 0.834134 0.482193 0.284299 0.12549 0.11594 0.0920238 0.0570602 0.000107804 9.60184e-05 7.99588e-05 3.5951e-05
threshold=0.19450231258392425 0.67743277558430293 -0.59133247851049531 0.81879669389833321 0.39716462270516717 -0.82585457421852493 0.3585812058125703 0.20268181525028647 -1.7871284688719256 0.61816650411579543 0.43675810459666781 2.5816100712073586 -0.35686640666796443 -0.64111390719059747 1.5866363668625116 0.83265234120476717 3.0615981088977136 0.55278461242098442 0.75523603138895334 -0.43367581799113969 -1.2518151574166423 0.39658931657414903
decision_type=2 2 2 2 2 2 2 2 2 2 2 2 2 2 2 2 2 2 2 2 2 2
left_child=1 2 3 4 -1 7 10 15 -7 -5 12 -12 -3 -8 19 21 20 18 -9 -4 -10 -2
right_child=5 6 14 9 -6 8 13 17 16 -11 11 -13 -14 -15 -16 -17 -18 -19 -20 -21 -22 -23
leaf_value=0.04260814283762257 0.067493327530256123 0.063379580812695263 -0.068148086805552552 -0.016752095538557159 -0.056782137916449475 0.068645550311883893 0.033373483369073594 -0.069904312639510399 -0.068848591404860798 0.057775981268227507 0.055134991007163452 -0.074744469426879359 -0.054158020521025398 -0.060228917498694294 0.014637907088274352 0.0040997255272437845 0.018650355740773419 -0.012520334908478335 -0.0672971635320367 -0.06712327812680792 -0.067112728802824415 0.068766132613938991
leaf_weight=1.3874871749430875 0.4559348896145814 11.689142671413716 1.7552667353302245 1.1705894381739197 3.5514807808212936 0.31587499938905139 0.52027599234133959 0.24842529976740468 0.27330297743901333 5.9945652643218637 1.5101256314665072 0.73523985594511021 0.35977666312828738 0.86228770250454434 0.19538004882633675 0.41518732020631433 0.1266480362974115 0.25090663274750113 0.43862805748358369 1.9081443734467056 9.1307044955901784 0.43235259130597115
leaf_count=50 28 688 114 60 127 8 22 5 12 216 50 7 17 37 14 34 7 19 60 248 1450 12
internal_value=0.00135099 0.0206845 -0.00379939 0.0152171 -0.0288608 -0.0492537 0.0456152 0.00543405 -0.0617027 0.0456001 0.0524457 0.0126063 0.0598699 -0.0250052 -0.0634497 0.0477232 -0.0660228 -0.0533347 -0.0682399 -0.0676143 -0.0671632 0.0681128
internal_weight=43.7277 31.6398 15.9629 12.1041 4.93897 12.088 15.6768 2.24143 9.84653 7.16515 14.2943 2.24537 12.0489 1.38256 3.85879 1.30347 9.53066 0.93796 0.687053 3.66341 9.40401 0.888287
internal_count=3285 1650 829 453 177 1635 821 158 1477 276 762 57 705 59 376 74 1469 84 65 362 1462 40
is_linear=0
shrinkage=0.1


Tree=113
num_leaves=23
num_cat=0
split_feature=44 24 6 7 20 29 90 172 186 49 118 44 76 20 40 51 87 7 6 50 91 20
split_gain=5.02904 1.48651 1.41565 1.4105 0.931677 0.775629 0.641612 0.610922 0.489249 0.297525 0.293458 0.293198 0.562228 0.262207 0.273163 0.114826 0.0579263 0.0333786 0.0225172 0.000384864 3.14994e-06 3.36167e-08
threshold=1.1370776116198378 -0.57960336347588448 1.1934763764090139 -0.99087058391952842 -0.83202439751613089 0.59989348517764507 1.6997458262281224 0.93776103869267124 0.42100045709852801 -1.6199286040117633 -1.0185673568343099 0.71773846693429899 0.40166299847264569 -0.98936352671510097 1.1447976743860524 3.1569353556818576 -0.89519967527477529 -0.18041549393952322 0.90427868541714107 -0.73895136793214344 1.2057866107453721 -0.22892728408912852
decision_type=2 2 2 2 2 2 2 2 2 2 2 2 2 2 2 2 2 2 2 2 2 2
left_child=1 8 5 4 20 13 10 -7 21 -6 -4 15 -13 -2 -15 -5 -12 19 -9 -10 -3 -1
right_child=2 3 6 11 9 7 -8 18 17 -11 16 12 -14 14 -16 -17 -18 -19 -20 -21 -22 -23
leaf_value=-0.066927544551551477 -0.00052913292214042281 -0.067009828252497031 0.023468725881379854 -0.067402445110163606 -0.017027672861615446 0.059765937187369361 0.067633622559763462 -0.032020151861570936 0.071523115336095608 0.065938020093764524 -0.013296394928279651 0.022409765806322434 -0.054310065809734166 0.064735704759706109 -0.021461954878556053 0.0097668455369614438 -0.068475348452532322 0.032584287518239406 -0.069351651184537247 0.067809166295790438 -0.067524184785339628 -0.066864803969618081
leaf_weight=0.17844086000695825 0.70355929434299369 0.8546995711512867 0.49296890199184495 9.6984154689125646 0.55623711599037085 0.69373480835929413 0.62452781759202469 0.20151223940774776 0.35885692015290271 1.9390078936703545 0.21278534317389231 1.23307387623936 4.238843584433198 12.39088202919811 0.37888907548040229 0.19673104770481664 1.7965503530576807 0.30545478872954812 0.81515730544924736 1.2541624130681155 0.13833247404545546 0.16378676984459462
leaf_count=34 24 131 22 1330 23 37 37 25 10 59 11 64 399 735 17 13 121 27 55 65 9 37
internal_value=-0.000120514 -0.0333782 0.0382328 -0.0425654 0.0148408 0.0508508 -0.0230394 -0.0125837 0.0432472 0.0474434 -0.0456696 -0.0555965 -0.0370216 0.0589037 0.0621782 -0.0658682 -0.062632 0.0628955 -0.0619522 0.0686354 -0.0670815 -0.0668975
internal_weight=39.4266 21.116 18.3106 18.8553 3.48828 15.1837 3.12683 1.7104 2.2607 2.49525 2.5023 15.3671 5.47192 13.4733 12.7698 9.89515 2.00934 1.91847 1.01667 1.61302 0.993032 0.342228
internal_count=3285 2201 1084 2028 222 893 191 117 173 82 154 1806 463 776 752 1343 132 102 80 75 140 71
is_linear=0
shrinkage=0.1


Tree=114
num_leaves=26
num_cat=0
split_feature=7 160 73 29 87 119 123 73 110 106 133 69 110 187 29 71 48 126 33 187 7 169 25 13 196
split_gain=3.71944 1.76904 1.3636 1.04161 1.00094 0.67049 0.654339 0.635833 0.537655 0.447245 0.402054 0.305823 0.485588 0.26001 0.181419 0.133647 0.102526 0.0855576 0.0838991 0.0739947 0.0583055 0.0241917 0.00287585 0.000305442 3.80115e-05
threshold=-0.37122873569968068 -0.46488048361001511 1.1550390706333264 -0.34580824636010427 0.64718766036888054 0.11007642924810405 0.12234460210497092 0.34088959073159125 0.65540808140715112 0.89774186154355251 2.0548431622308159 0.78506544578841742 0.70505524446350432 1.4183331398192658 0.76940057389942107 1.1820849943410467 1.1217407109419517 3.4103165208845545 -0.021140721233901542 0.19788470571967093 -0.50694772365222895 0.87257243968312492 -0.39933225740284756 -0.23353267042578382 -1.5746257887267228
decision_type=2 2 2 2 2 2 2 2 2 2 2 2 2 2 2 2 2 2 2 2 2 2 2 2 2
left_child=2 5 14 6 8 7 18 22 20 -8 16 13 -13 -5 17 -10 -6 19 -3 -1 -4 -12 -2 -7 -25
right_child=1 3 4 11 10 23 9 -9 15 -11 21 12 -14 -15 -16 -17 -18 -19 -20 -21 -22 -23 -24 24 -26
leaf_value=-0.013982603948393497 -0.054758351135980349 -0.067137392231968226 0.0092272903019799454 0.064005264147291061 0.0086295098496772821 -0.071393131034323987 0.052833202345140863 0.053077964831478378 -0.065490427585733563 -0.028907128351561437 -0.067974401547503352 0.054558017331306913 -0.066670921493494711 -0.024476602342382799 0.01259797863771186 -0.0071279654166221413 0.064933073161988097 0.0086315303073101011 -0.0082127133608581229 -0.066665368609968439 0.064130589952752906 -0.018976822688650054 -0.068179289906288743 -0.068636513446629063 -0.067320410572977191
leaf_weight=0.27483099885284801 0.23690330190584075 1.1749453358352182 0.37797536747530103 10.682607591617845 0.38128039892762977 0.22034263983368907 2.0448040808551018 1.2948757023550568 2.4900866514071827 0.99514893349260081 0.25886362465098489 0.95315929222851881 0.50571816088631749 0.34276558598503548 0.32132453843951303 0.46575583983212698 2.1310892854817212 0.16017971280962306 0.30419739754871145 8.9039601306430978 0.39615116221830193 0.16499326890334487 0.48968890728429249 0.2492888923734432 1.8333952396642412
leaf_count=21 25 91 25 841 28 7 88 28 287 67 26 97 12 17 27 46 105 13 21 1123 23 18 30 16 203
internal_value=-0.00135261 0.0261456 -0.0372744 0.0406699 -0.00248453 -0.0309622 -0.000467882 0.0110664 -0.0368646 0.026075 0.0411894 0.0555611 0.0125341 0.0612545 -0.0612816 -0.0562942 0.0563884 -0.0638235 -0.0550191 -0.0650879 0.0373235 -0.0489013 -0.0638034 -0.0678525 -0.0674779
internal_weight=37.6543 21.3278 16.3265 17.0033 6.6662 4.32449 4.5191 2.02147 3.72997 3.03995 2.93623 12.4843 1.45888 11.0254 9.6603 2.95584 2.51237 9.33897 1.47914 9.17879 0.774127 0.423857 0.726592 2.30303 2.08268
internal_count=3285 1543 1742 1234 558 309 267 83 381 155 177 967 109 858 1184 333 133 1157 112 1144 48 44 55 226 219
is_linear=0
shrinkage=0.1


Tree=115
num_leaves=23
num_cat=0
split_feature=162 167 20 166 33 175 49 20 7 114 178 20 29 192 162 11 155 68 86 37 192 114
split_gain=3.73606 1.75405 1.69036 1.50605 0.973079 0.966934 0.905764 0.733551 0.49681 0.492284 0.489994 0.220507 0.217419 0.21402 0.198631 0.160933 0.083327 0.0447792 0.0184328 0.0153424 0.00748731 6.76621e-05
threshold=0.19450231258392425 0.29906494728151506 -0.8497436973652428 1.2806612040269758 -0.73546542112372404 1.4248945865652674 -0.11417314102393976 -0.82585457421852493 -1.4918919457651427 -1.7871284688719256 0.035537357844827644 -0.59818870176699479 0.2650188000784745 0.63340526993829771 1.0000000180025095e-35 -0.61230101800828918 3.0615981088977136 -1.0476654661328013 1.0262186910566349 -0.61421379102099039 1.1130869597211002 -1.2518151574166423
decision_type=2 2 2 2 2 2 2 2 2 2 2 2 2 2 2 2 2 2 2 2 2 2
left_child=1 2 8 4 -4 14 15 10 -1 -9 18 -5 -10 -12 20 -7 21 -15 -2 -8 -3 -11
right_child=7 5 3 11 -6 6 19 9 12 16 13 -13 -14 17 -16 -17 -18 -19 -20 -21 -22 -23
leaf_value=-0.068058746524774394 0.068290150046818807 0.068623748413413829 0.05331133453791756 0.067424055503581493 -0.050085375729211359 0.067576844325183072 -0.048907378465654371 0.068415896523724776 0.065475601508802425 -0.068737791807036513 0.067987081057655982 -0.016837633110875241 -0.013802343819335428 -0.0026364665809337985 0.010154503597011985 -0.023197811472760947 0.017394038551770134 -0.067648399570673895 0.039415156667409523 -0.070505050376222761 0.055568541605860333 -0.067064155649238108
leaf_weight=0.33368295710533846 0.59802641719579641 8.3629283956251985 1.0201927414163936 1.8186125913634898 8.4417710162233579 1.1893652128055689 0.56164390966296196 0.28187594935297866 3.965488814283165 0.24901785887777528 0.15472322236746527 0.37453197874128719 0.37899580970406521 0.12204016372561466 0.63788716215640384 0.23367773462086949 0.11833817185834128 0.80345551762729872 0.35074082855135202 0.79375237133353838 0.463652000762523 8.0648505818098766
leaf_count=18 24 465 53 77 544 82 14 8 241 12 7 24 11 3 34 22 7 97 27 28 37 1450
internal_value=0.0013002 0.0202004 -0.00124946 -0.0216308 -0.0389371 0.0488167 -0.00305184 -0.0489737 0.0495283 -0.0615826 0.00517932 0.0530344 0.0585597 -0.040876 0.0640435 0.0526707 -0.0659283 -0.0590756 0.0576156 -0.0615555 0.067938 -0.0671143
internal_weight=39.3193 28.5762 16.3333 11.6551 9.46196 12.2429 2.77844 10.7431 4.67817 8.71408 2.02899 2.19314 4.34448 1.08022 9.46447 1.42304 8.43221 0.925496 0.948767 1.3554 8.82658 8.31387
internal_count=3285 1650 968 698 597 682 146 1635 270 1477 158 101 252 107 536 104 1469 100 51 42 502 1462
is_linear=0
shrinkage=0.1


Tree=116
num_leaves=23
num_cat=0
split_feature=186 119 198 145 73 24 7 44 124 63 67 137 93 178 7 165 5 12 37 55 77 11
split_gain=4.40959 1.34423 1.11945 1.09803 1.02094 0.78668 0.621925 0.602168 1.0307 0.464684 0.356597 0.187972 0.154132 0.0775535 0.0226305 0.0196145 0.00446137 0.00182249 0.00102934 0.000863252 0.000288197 1.15363e-06
threshold=1.0645902329271515 1.574039241133643 0.78145342594500378 -0.11892775496397447 2.2700384324134402 -0.57230827285767483 -0.20640608489787407 0.74739862423933323 0.36738163155676867 1.3804973823418936 -1.2995726348311831 0.18265605515030617 -1.0000000180025095e-35 1.3210942714344442 -1.3820278535898896 0.41001790522426618 0.8728087300632027 0.064856737295417258 -1.0504052328829776 2.0314062446255083 -3.3270241806070655 -0.32866634046318272
decision_type=2 2 2 2 2 2 2 2 2 2 2 2 2 2 2 2 2 2 2 2 2 2
left_child=5 2 3 9 -5 6 17 14 11 -2 -10 -9 -4 15 -7 18 21 -1 -3 -14 -16 -8
right_child=1 13 12 4 -6 7 16 8 10 -11 -12 -13 19 -15 20 -17 -18 -19 -20 -21 -22 -23
leaf_value=0.070196882425693288 -0.064299771749383103 0.074049178067117902 0.023041849839800937 0.050674218499222323 -0.06367082704871041 -0.024115690572416405 -0.067261710873951885 0.067406120273972178 0.022516985820166712 0.038952604627166015 -0.064867645189326667 -0.0021212245986677448 -0.067947064453055345 0.014315808290945099 -0.071502824418692934 0.037391818230405847 -0.042162348944643741 0.062126397823228818 0.067432324300297761 -0.074084745824511855 -0.06712708851974919 -0.066885540020222428
leaf_weight=0.59471739735454299 1.7202521930448704 0.24382203072309483 0.20379821583628666 7.928560634376483 0.86615171562880267 0.12376563716679534 0.10519173461943854 1.0602231670636681 0.54545408417470786 0.58378799259662617 3.2463176788296551 0.61406450392678369 1.4540927705820634 0.29422282241284836 0.15352344140410057 0.2209004322066902 0.085793855600059032 0.52843965776264668 6.573605407960712 0.27202398981899034 7.6874435176141604 0.3623735138680777
leaf_count=16 90 2 9 380 22 12 12 19 36 28 450 58 125 16 2 20 18 27 541 3 1318 81
internal_value=-5.39715e-06 0.0303663 0.0110905 0.0233137 0.0394129 -0.0409396 0.0236485 -0.0490019 -0.0234421 -0.0381381 -0.0522972 0.0419062 -0.0592038 0.064616 -0.0665431 0.0667187 -0.0631239 0.0663998 0.067669 -0.0689143 -0.0672128 -0.0669702
internal_weight=35.4685 20.3612 13.0287 11.0988 8.79471 15.1073 1.67652 13.4308 5.46606 2.30404 3.79177 1.67429 1.92991 7.33255 7.96473 7.03833 0.553359 1.12316 6.81743 1.72612 7.84097 0.467565
internal_count=3285 1236 657 520 402 2049 154 1895 563 118 486 77 137 579 1332 563 111 43 543 128 1320 93
is_linear=0
shrinkage=0.1


Tree=117
num_leaves=27
num_cat=0
split_feature=7 29 160 135 194 119 80 53 119 160 29 92 21 88 34 170 1 34 185 153 49 185 26 67 185 29
split_gain=3.26593 1.47295 1.34988 0.800019 0.620368 0.478481 0.478059 0.463915 0.426955 0.42091 0.350387 0.33699 0.66125 0.313695 0.201724 0.151596 0.325854 0.134839 0.113823 0.0440557 0.0404603 0.0241162 0.00727239 0.00031028 9.74617e-05 2.73841e-05
threshold=-0.26992054482321959 0.15661916966993647 -0.46488048361001511 -0.83818050473673622 1.0000000180025095e-35 0.11007642924810405 -0.086440565017926616 0.85709768807768572 1.5948764239962105 -0.46488048361001511 -0.37285421085955656 -0.31859956573110476 -0.23005410172989982 0.08267618775620747 -0.14270071899356315 1.8280400527226743 0.76873729235660249 -0.54529797085495868 0.88206023441136805 0.4727906596929986 0.87078490996117264 0.30643095600825926 -0.020063620850243848 -1.6666125559853977 1.1188213179971955 -0.11272828067028338
decision_type=2 2 2 2 2 2 2 2 2 2 2 2 2 2 2 2 2 2 2 2 2 2 2 2 2 2
left_child=1 11 5 10 18 6 21 8 -5 -6 22 15 17 -12 -11 20 -17 -13 -3 -14 -1 -2 -4 -7 -20 -25
right_child=2 4 3 7 9 23 -8 -9 -10 14 13 12 19 -15 -16 16 -18 -19 24 -21 -22 -23 -24 25 -26 -27
leaf_value=-0.067178272150413137 -0.030173896487684194 0.004633090520996145 -0.046008381169367486 0.060953640092471589 -0.067753223951904418 -0.071879758983716999 0.056206728225305314 -0.024892923448829912 -0.0556127771980994 0.060388398820083955 -0.057129631467638609 -0.018187117118645943 0.070379370897640958 0.061965807466573257 -0.0060748261516571775 0.068912153266302609 -0.067024877650950498 -0.064089663767544339 -0.069655800346790045 0.025879987932028743 -0.018440220463028907 -0.068025447898980393 -0.067763180228598424 -0.067194948983151592 -0.067258804702196653 -0.06815744741296495
leaf_weight=7.4903710852377117 0.27862395020201802 0.29280194081365951 0.19736661203205574 10.921486600767814 0.34626533440314267 0.18142178491689254 0.92961099371314337 0.72571504674851972 0.32352959457784969 2.5494564990513031 0.32811286346986956 0.95147137762978751 0.47067511873319823 0.6785297910682857 0.55631009768694628 0.27045613434165705 0.50672729196958244 1.9545443977694956 0.23889653524383903 0.42191529157571495 0.17429424915462721 0.42518634488806129 0.69392818422056735 0.98058543819934119 0.5850300423335284 0.42315649660304178
leaf_count=1196 18 14 23 903 31 9 23 37 39 193 12 57 17 43 35 8 81 194 6 29 14 29 58 127 62 27
internal_value=-0.00129154 -0.0325875 0.0294952 0.0430354 0.0158654 -0.0288489 0.00913404 0.0525989 0.0575999 0.036824 -0.0172833 -0.0506726 -0.0259373 0.0231469 0.0484834 -0.0618028 -0.0197194 -0.0490605 -0.0489218 0.0493451 -0.06607 -0.0530408 -0.0629458 -0.0679881 -0.0679538 -0.0674851
internal_weight=33.8965 16.8092 17.0873 13.8687 4.56876 3.21859 1.63342 11.9707 11.245 3.45203 1.89794 12.2405 3.79861 1.00664 3.10577 8.44185 0.777183 2.90602 1.11673 0.89259 7.66467 0.70381 0.891295 1.58516 0.823927 1.40374
internal_count=3285 1937 1348 1115 341 233 70 979 942 259 136 1596 297 55 228 1299 89 251 82 46 1210 47 81 163 68 154
is_linear=0
shrinkage=0.1


Tree=118
num_leaves=20
num_cat=0
split_feature=162 135 20 25 167 148 20 89 44 131 114 86 134 87 24 165 145 114 47
split_gain=3.29167 1.56548 1.53902 1.21558 1.08389 0.749527 0.649282 0.631044 0.45655 0.437096 0.432555 0.240876 0.156478 0.146061 0.161673 0.0768634 7.38533e-05 4.55571e-05 7.76337e-06
threshold=0.19450231258392425 -0.97253499544498367 -0.82585457421852493 -0.57385714611380456 0.88329808891566663 0.83043781694801833 -0.82585457421852493 1.606174341299683 1.7328205945515534 0.57487064025924262 -1.7871284688719256 0.62459292665123523 0.12889400395474693 1.2651764429463734 -0.52368520094841686 1.8041862245759064 0.091399183319660682 -1.2518151574166423 1.193706482878983
decision_type=2 2 2 2 2 2 2 2 2 2 2 2 2 2 2 2 2 2 2
left_child=1 7 8 5 -5 -4 9 13 12 18 -8 -11 -3 14 -1 17 -13 -12 -2
right_child=6 2 3 4 -6 -7 10 -9 -10 11 15 16 -14 -15 -16 -17 -18 -19 -20
leaf_value=0.0084538116175338351 0.067286926823821924 0.065871419453206001 0.056464945744602459 -0.052719090468809064 0.05002668208317862 -0.061301131833985972 0.068200724591787124 -0.070195560179715163 -0.038996965754521128 0.029553373017310286 -0.068477123692568892 -0.069370111760914482 0.0065411895076287535 0.0069863496922512348 0.065669371026604959 0.018059892792872432 -0.067022336229577303 -0.067014606720455658 0.067966828210258026
leaf_weight=0.52777839405461868 0.40236720629036415 3.9051150940358665 2.6953279026784016 7.2522440883331001 1.1960661886259911 0.67597973556257773 0.24878033809363831 0.39672172884456891 0.53146085934713472 0.39288611710071542 0.2195225153118362 0.17697996506467462 0.50163155747577537 0.51287190662697035 7.686008142307398 0.10763913765549649 0.55152595951221883 7.1545612756162873 0.28825447428971529
leaf_count=30 32 247 91 508 48 56 8 21 25 12 12 6 28 25 571 3 96 1454 12
internal_value=0.00131082 0.0198206 0.00167373 -0.0179146 -0.0381729 0.0328517 -0.0488913 0.0531527 0.0485584 0.00498629 -0.0615201 -0.033557 0.0591177 0.0587602 0.061993 -0.0658336 -0.0675927 -0.0670581 0.0675707
internal_weight=35.4237 25.8812 16.7578 11.8196 8.44831 3.37131 9.54252 9.12338 4.93821 1.81201 7.7305 1.12139 4.40675 8.72666 8.21379 7.48172 0.728506 7.37408 0.690622
internal_count=3285 1650 1003 703 556 147 1635 647 300 158 1477 114 275 626 601 1469 102 1466 44
is_linear=0
shrinkage=0.1


Tree=119
num_leaves=25
num_cat=0
split_feature=44 24 7 6 20 185 90 30 185 170 0 44 111 118 49 167 51 87 84 117 69 195 191 20
split_gain=3.94861 1.16885 1.12657 1.11776 0.732381 0.601065 0.500409 0.404154 0.378803 0.315246 0.431854 0.253392 0.455396 0.245341 0.229886 0.20529 0.0944148 0.0573047 0.0127428 0.00812231 0.000179691 3.98002e-05 1.73991e-06 8.4098e-09
threshold=1.1370776116198378 -0.57960336347588448 -0.99087058391952842 1.1934763764090139 -0.83202439751613089 0.95152853928733383 1.6997458262281224 0.13106472587672466 0.42384130875034437 2.6849921211516459 1.5866372807037521 0.71773846693429899 0.54782084898960981 -1.0185673568343099 -1.4668068443706084 0.88329808891566663 3.1569353556818576 -0.94625309952309367 -0.61586934146515182 -0.33776496451726223 -0.79740163896826421 0.27402423173206364 0.86383674691293 -0.22892728408912852
decision_type=2 2 2 2 2 2 2 2 2 2 2 2 2 2 2 2 2 2 2 2 2 2 2 2
left_child=1 8 4 5 22 7 13 21 19 15 -11 16 -13 -5 -6 -7 -4 -15 20 23 -10 -2 -3 -1
right_child=3 2 11 6 14 9 -8 -9 18 10 -12 12 -14 17 -16 -17 -18 -19 -20 -21 -22 -23 -24 -25
leaf_value=-0.066866445571148139 -0.069068722609415475 -0.066939894061025948 -0.06729152132200672 0.023187065341088692 -0.012815141084972451 0.066880566958249205 0.067432065395110763 0.041042442937058665 0.07025943874711231 -0.046972411463764178 0.067236436008741518 0.013329492408709133 -0.056295668953532031 -0.0042250160783862383 0.065498458498115336 -0.018955112398978655 0.0089868214817610086 -0.068120292651991682 0.04446450915640987 -0.02818064739290644 0.067530216134904647 -0.067160085332343883 -0.067357929898761507 -0.066827034852782713
leaf_weight=0.083798124920576811 0.13724187342449912 0.66883472120389376 7.7151522554922831 0.42622008942999001 0.49424945842474732 9.3039400032721424 0.49734008032828558 0.69840315985493362 0.33038293011486508 0.63801352633163222 0.68821946904063225 1.3242182966787366 3.2327690105885267 0.15514115756377633 1.551401622127744 0.28723454754799682 0.16575596667826165 1.4735251760575905 0.27553626894950856 0.070528893265875747 0.89408413460478187 0.53574843099340796 0.11697654682211578 0.15300937090069056
leaf_count=20 5 130 1330 22 26 688 37 21 10 12 59 103 360 8 56 13 13 124 28 14 58 95 10 43
internal_value=-8.31939e-05 -0.0328728 -0.0418737 0.0376459 0.0150557 0.0501527 -0.0225736 -0.0122473 0.0431716 0.0579911 0.0122938 -0.0548336 -0.0360632 -0.0443575 0.0465771 0.06431 -0.0656872 -0.0620338 0.0638944 -0.057969 0.0682666 -0.0675493 -0.0670021 -0.066841
internal_weight=31.9177 17.0767 15.2694 14.841 2.83146 12.2888 2.55223 1.37139 1.80734 10.9174 1.32623 12.4379 4.55699 2.05489 2.04565 9.59117 7.88091 1.62867 1.5 0.307336 1.22447 0.67299 0.785811 0.236807
internal_count=3285 2201 2028 1084 222 893 191 121 173 772 71 1806 463 154 82 701 1343 132 96 77 68 100 140 63
is_linear=0
shrinkage=0.1


Tree=120
num_leaves=25
num_cat=0
split_feature=119 33 162 185 134 3 40 178 21 49 75 7 87 63 92 65 33 6 22 29 170 72 190 31
split_gain=2.88029 1.78678 0.996604 1.05366 0.61003 0.532225 0.506979 0.470485 0.502721 0.45637 0.47094 0.300636 0.299471 0.325864 0.230395 0.211814 0.167102 0.0815472 0.0808505 0.0660414 0.0151416 0.00608614 4.52358e-06 3.58348e-06
threshold=0.4768439997190046 -0.24743241955011955 0.76983163209898486 1.3543801363119259 -0.60579682205013718 0.19945065850566354 0.73893066293157106 0.33828749088422672 -0.24327183747345493 0.29965055049558015 0.44085275053928225 -0.40169090627582899 1.1219968831034712 1.414255062059848 -0.95021775147024468 1.5014311993740634 1.4386238141835166 1.4422282170266048 0.74335999902778116 0.10828053181264446 3.3617245485704634 1.0871126511649161 0.5279107772163133 0.11180599255185959
decision_type=2 2 2 2 2 2 2 2 2 2 2 2 2 2 2 2 2 2 2 2 2 2 2 2
left_child=1 5 12 7 6 -1 11 8 -4 19 -11 -3 16 22 -6 -16 20 23 -8 -7 -2 -9 -14 -5
right_child=2 4 3 17 14 9 18 21 -10 10 -12 -13 13 -15 15 -17 -18 -19 -20 -21 -22 -23 -24 -25
leaf_value=0.052957761160945249 -0.067309081948724744 -0.035854202667395023 -0.068169365383471708 -0.066931037524741444 -0.022129167604322736 -0.066314649192964398 0.0027740849356935778 0.050295125389902023 0.052646548727307965 -0.067507275169775421 0.064702435063996325 0.063231410256290504 -0.066996434940017779 0.048111116652649673 0.063715585968351612 -0.01249493260502944 0.020123143763392665 0.02255563770394764 -0.065471932303625191 -0.0013647625669225693 -0.040555838005572185 0.067397968051641055 -0.067685742034661212 -0.067398179262539423
leaf_weight=0.71140596875921147 6.9716756257694197 0.4085437599569558 0.73320692894048989 1.5404603241477159 0.3490967461839326 2.6570969650056222 0.22036982374265768 0.23784345621243108 0.64950905879959397 0.44395031081512548 0.68535680416971445 1.2224739836528908 0.31990842823870469 0.53053000685758889 8.9605582801159436 0.38016277318820435 0.22983040148392309 0.10809776093810786 0.81777648674324155 0.16635364713147271 0.21817275532521296 1.6620184932835398 0.13554146233946085 0.18380692554637779
leaf_count=32 971 36 51 320 21 365 17 23 63 36 18 107 54 29 860 26 14 5 65 8 25 110 11 18
internal_value=-0.00129769 0.0260698 -0.0357548 -0.000950832 0.0459724 -0.0266677 0.00364184 0.0329592 -0.011418 -0.0409985 0.0127285 0.0384121 -0.0569334 -0.00515483 0.0576329 0.0606139 -0.0638141 -0.0616988 -0.0509852 -0.0624879 -0.0664973 0.0652569 -0.0672016 -0.0669808
internal_weight=30.5437 17.0231 13.5206 5.11494 12.359 4.66416 2.66916 3.28258 1.38272 3.95276 1.12931 1.63102 8.40566 0.98598 9.68982 9.34072 7.41968 1.83237 1.03815 2.82345 7.18985 1.89986 0.45545 1.72427
internal_count=3285 1591 1694 590 1132 459 225 247 114 427 54 143 1104 94 907 886 1010 343 82 373 996 133 65 338
is_linear=0
shrinkage=0.1


Tree=121
num_leaves=21
num_cat=0
split_feature=39 198 35 69 161 86 24 186 49 7 166 161 37 24 25 156 140 68 118 62
split_gain=2.92244 1.84724 0.952404 1.05968 0.807775 0.661727 0.440531 0.437972 0.436125 0.38787 0.371585 0.338825 0.274857 0.273326 0.217944 0.190163 0.14197 0.00999236 0.00109421 7.46956e-05
threshold=-0.63417108094669827 0.78455809753775618 -0.26037992908558927 0.03435300335692415 0.3585812058125703 1.2924199995924721 -0.55645603315269077 1.8284228578341546 0.36240427871660214 -1.4667728469523589 1.7798294029681527 0.13003426516555197 -0.26382914805387087 -0.25340415471751138 -0.580542332504704 2.2949028035940766 0.19687069843081337 0.35822884583323056 -0.23241279391683586 0.8056240928777868
decision_type=2 2 2 2 2 2 2 2 2 2 2 2 2 2 2 2 2 2 2 2
left_child=4 2 3 14 6 9 -1 8 -8 -3 15 -5 -7 16 -2 -4 -6 -11 -18 -14
right_child=1 5 10 11 13 12 7 -9 -10 17 -12 -13 19 -15 -16 -17 18 -19 -20 -21
leaf_value=-0.067569976879106222 0.017615205549504024 -0.062848687370732056 -0.066358897096058606 0.063855556457657198 0.013823450791013018 0.061663634551365601 0.061500734011015662 -0.060899838382585995 0.012267169740578079 0.067724758633562851 0.045692928594999987 -0.026900546344820565 -0.06723276966762011 0.067889672055838554 -0.064257173248648283 0.025614971530586741 -0.061270769454365805 0.049757084416519534 -0.069196473949076631 -0.069543008636952439
leaf_weight=0.33703893469646473 0.38597959792241487 0.25530499266460571 8.8721638321876473 1.7861959140282127 0.27271640230901528 0.21020306088030338 9.1350626600906235 0.35558066726662296 2.2405327474698433 2.6174251714255656 0.3194897831417628 0.53444346482865501 0.55850783665664483 0.23108062241226335 2.0627733718138215 0.23064440255984742 0.22339183581061639 0.35102675622329105 0.79087935644201934 0.18674882687628269
leaf_count=26 35 28 1668 54 24 16 751 15 82 150 7 62 91 13 141 10 31 27 49 5
internal_value=0.00133666 -0.0246693 -0.0418772 -0.00546551 0.0365011 0.0337646 0.0451491 0.0483876 0.0518037 0.0554276 -0.0603081 0.0429544 -0.0393268 -0.0322486 -0.0513522 -0.0640285 -0.0502286 0.0656 -0.0674508 -0.0678117
internal_weight=31.9572 18.3709 14.1917 4.76939 13.5863 4.17922 12.0682 11.7312 11.3756 3.22376 9.4223 2.32064 0.95546 1.51807 2.44875 9.10281 1.28699 2.96845 1.01427 0.745257
internal_count=3285 2294 1977 292 991 317 874 848 833 205 1685 116 112 117 176 1678 104 177 80 96
is_linear=0
shrinkage=0.1


Tree=122
num_leaves=24
num_cat=0
split_feature=44 24 7 6 90 167 20 71 186 68 24 9 136 117 48 119 136 71 7 88 69 178 20
split_gain=3.45954 1.02592 1.01146 0.985354 0.886712 0.732251 0.757819 0.363783 0.336421 0.230556 0.194974 0.171921 0.167294 0.165463 0.22276 0.0885509 0.0848706 0.0335805 0.0270838 0.0191569 0.000177217 1.35887e-05 1.61583e-08
threshold=1.1370776116198378 -0.57960336347588448 -0.73305870364399939 0.97445532179975569 1.6458578935797232 0.012840222366094918 -0.84176831786887463 0.070611626354750115 0.42100045709852801 -1.0476654661328013 -0.55810276396701719 0.60291383509478957 0.20711763227875898 -0.88829052762077942 1.1125113297916385 1.8439517987656744 1.3351984589722601 0.76575634398882231 -0.18041549393952322 0.80587002110225392 -0.8792380548461417 1.6301367941737654 -0.22892728408912852
decision_type=2 2 2 2 2 2 2 2 2 2 2 2 2 2 2 2 2 2 2 2 2 2 2
left_child=1 8 5 9 7 6 -3 11 22 -2 -9 -5 -11 14 -4 -15 -7 -14 20 21 -10 -6 -1
right_child=3 2 13 4 19 16 -8 10 18 12 -12 -13 17 15 -16 -17 -18 -19 -20 -21 -22 -23 -24
leaf_value=-0.066853796171940122 0.002431107409982113 -0.066978288847050468 0.068272150649350744 0.059408402594671811 0.06722054401062795 -0.06516899705538666 0.047669132692319406 0.049180649831711998 0.070593680021686797 -0.020780235777595621 -0.056190847818912405 -0.023939397577745922 0.067417771321755221 -0.066611442271898164 -0.067124526660334388 0.023844025817868677 0.0063142380523628821 0.035072495051822972 0.030443238696143043 0.03362919550140888 0.067458140087102936 0.068013714724269189 -0.066801622829427518
leaf_weight=0.12662843172438443 0.67675509746186335 0.74352411390282203 0.22276906669139762 0.57764751277863913 1.1552240550518034 1.5886495334561912 2.567333950893953 0.19076010910794172 0.22371977567672707 0.22932462394237418 2.2100117788650095 0.43298345827497542 7.0537776588462293 8.0786772179417312 0.26733400346711278 0.10969338705763299 0.18548432597890485 0.33627179590985168 0.22945351456291962 0.19089302467182268 0.92773857386782765 0.26566797448322166 0.11174290906637807
leaf_count=34 35 147 6 27 113 196 112 13 7 38 194 23 592 1489 47 9 22 18 27 17 68 14 37
internal_value=-0.00010729 -0.0324128 -0.0412708 0.037203 0.00224846 -0.00585584 0.0219226 -0.026631 0.0428781 0.0583674 -0.0478183 0.0236998 0.0633357 -0.0620216 -0.00558198 -0.0653997 -0.0576955 0.065946 0.0618157 0.0633729 0.0680674 0.0673688 -0.0668293
internal_weight=28.7021 15.3827 13.7635 13.3193 5.02319 5.08499 3.31086 3.4114 1.61928 8.29613 2.40077 1.01063 7.61937 8.67847 0.490103 8.18837 1.77413 7.39005 1.38091 1.61179 1.15146 1.42089 0.238371
internal_count=3285 2201 2028 1084 401 477 259 257 173 683 207 50 648 1551 53 1498 218 610 102 144 75 127 71
is_linear=0
shrinkage=0.1


Tree=123
num_leaves=24
num_cat=0
split_feature=92 119 65 162 7 90 31 83 66 87 6 117 185 36 49 62 93 40 35 47 29 122 187
split_gain=2.53255 1.65686 1.28278 0.86675 0.634535 0.620244 0.465416 0.374254 0.342817 0.285636 0.203574 0.180659 0.160709 0.126679 0.113994 0.0999852 0.0691744 0.0429633 0.0300821 0.0668612 0.00612471 0.00131378 0.000502172
threshold=-0.7607360621805922 0.48484920551824323 1.3828680700003806 0.76983163209898486 0.092286233010881832 1.4333837495201669 -0.89922037144793576 0.92923371805810862 -0.58293613998939564 1.8443510456082677 0.42296798521198581 -0.3209087778522815 0.78879398547024959 -1.1767245303174927 0.66613598813897623 0.68716614039925339 0.79055218395423488 1.0541103364643816 0.67826582172883876 1.124168528614621 0.31107473998373131 0.65179402955933974 0.20693005709907777
decision_type=2 2 2 2 2 2 2 2 2 2 2 2 2 2 2 2 2 2 2 2 2 2 2
left_child=4 2 6 9 14 8 17 21 -5 13 -8 -4 -9 -3 18 -16 -7 -2 20 -20 -1 -6 -13
right_child=1 3 11 5 7 16 10 12 -10 -11 -12 22 -14 -15 15 -17 -18 -19 19 -21 -22 -23 -24
leaf_value=-0.067191146725628717 -0.0080403581148090122 0.023707048171727006 0.0074890265388801586 -0.063919353488940941 -0.067403586253793904 -0.067019232741487092 -0.0079075130223042831 0.064819777265825537 0.055741733422470074 0.057397987383973774 0.061603801554101417 -0.073050021224983594 -0.012292926592842998 -0.062501935971435385 -0.062400123624515719 0.038042297696688016 0.020546382584408787 -0.067649688960430901 -0.066994791858994637 0.023960383634976837 -0.052161890303131876 -0.05652260065600935 -0.068190919114078638
leaf_weight=5.5497847080696392 0.21688617556356149 0.1793232988566168 0.43338373489677895 0.26799873495474535 0.35569487302564073 0.73675243533216406 0.44076857622712751 0.77423358941450693 2.2449585360009223 0.22699608490802337 9.5482235392555577 0.30349072813987621 0.41519789793528616 3.4451295700855544 0.1880981393624096 0.20947680692188442 0.10280300420708954 0.27324125682935119 0.24390240642242123 0.12087290082126856 0.28507910692132998 0.16127812536433339 0.71085496107116342
leaf_count=1058 19 11 36 14 39 142 18 32 192 12 990 6 39 440 26 14 10 25 51 11 24 19 57
internal_value=-0.00121006 0.0188069 0.0416786 -0.0190595 -0.0473274 0.0181187 0.0538684 0.00702687 0.0429803 -0.0514214 0.0585366 -0.0465544 0.0379018 -0.0582367 -0.0613864 -0.00947838 -0.0562969 -0.041272 -0.0647152 -0.0368556 -0.0664568 -0.0640091 -0.0696448
internal_weight=27.4344 19.1308 11.9268 7.20396 8.30362 3.35251 10.4791 1.7064 2.51296 3.85145 9.98899 1.44773 1.18943 3.62445 6.59721 0.397575 0.839555 0.490127 6.19964 0.364775 5.83486 0.516973 1.01435
internal_count=3285 1972 1151 821 1313 358 1052 129 206 463 1008 99 71 451 1184 40 152 44 1144 62 1082 58 63
is_linear=0
shrinkage=0.1


Tree=124
num_leaves=23
num_cat=0
split_feature=162 167 20 166 175 34 49 20 114 131 44 86 20 162 20 86 155 37 192 46 114 105
split_gain=2.5966 1.26198 1.14552 1.05887 0.723644 0.703927 0.637088 0.502121 0.354592 0.351257 0.349603 0.188903 0.155509 0.15423 0.133359 0.062683 0.0624081 0.0119763 0.00650604 6.22257e-05 2.27336e-05 4.25308e-06
threshold=0.19450231258392425 0.29906494728151506 -0.8497436973652428 1.2806612040269758 1.4248945865652674 0.72395288438231187 -0.11417314102393976 -0.82585457421852493 -1.7871284688719256 0.57487064025924262 1.4638095095294423 0.62459292665123523 -0.59818870176699479 1.0000000180025095e-35 -0.63845372614366724 1.3181455199796728 3.0615981088977136 -0.61421379102099039 1.1130869597211002 0.35479945839297533 -1.2518151574166423 1.0461809590232214
decision_type=2 2 2 2 2 2 2 2 2 2 2 2 2 2 2 2 2 2 2 2 2 2
left_child=1 2 10 5 13 -4 14 9 -9 21 15 -11 -5 18 -6 -1 20 -8 -3 -13 -10 -2
right_child=7 4 3 12 6 -7 17 8 16 11 -12 19 -14 -15 -16 -17 -18 -19 -20 -21 -22 -23
leaf_value=0.067785852333963156 0.067140865300186883 0.068181865945129691 -0.049445837283048508 0.066645966568896639 0.067344821628053705 0.043816161372245241 -0.047630210786255289 0.067925157233565667 -0.068120448503628861 0.0272045908624369 -0.024376340977005154 -0.069594087692040993 -0.014863034824331225 0.0095524890553578441 -0.028233095607506049 0.021863954455718627 0.017540367506673406 -0.069500763379242811 0.05387697541731773 -0.067037494764526626 -0.066963273353586719 0.067704075099709285
leaf_weight=2.469243001658473 0.3092927844263611 6.0777010787278396 6.212516381870957 1.3325798362493513 0.85828272020444274 0.9305389905348419 0.43614616710692644 0.20531723089516152 0.17499552853405465 0.32628662139177322 0.55846303375437845 0.11918493360280991 0.28394393669441331 0.49596106936223794 0.17590414313599489 0.33791979402303685 0.088644308503717073 0.58785678329877533 0.33549245889298607 0.47311768936924636 5.68945975950919 0.23668244760483503
leaf_count=214 32 465 537 77 82 60 14 8 12 12 29 2 24 34 22 27 7 28 37 100 1450 12
internal_value=0.00125342 0.0193311 -0.00170429 -0.0207567 0.047774 -0.0372964 -0.00427349 -0.0487668 -0.0612827 0.0038618 0.0478825 -0.033894 0.0523288 0.0632787 0.051088 0.0622579 -0.065739 -0.0601856 0.0674335 -0.0675519 -0.0669978 0.067385
internal_weight=28.7155 21.0925 12.1252 8.75958 8.96734 7.14306 2.05819 7.62298 6.15842 1.46456 3.36563 0.918589 1.61652 6.90915 1.03419 2.80716 5.9531 1.024 6.41319 0.592303 5.86446 0.545975
internal_count=3285 1650 968 698 682 597 146 1635 1477 158 270 114 101 536 104 241 1469 42 502 102 1462 44
is_linear=0
shrinkage=0.1


Tree=125
num_leaves=23
num_cat=0
split_feature=3 47 71 24 7 44 38 7 6 118 120 13 59 69 31 63 151 163 88 20 20 13
split_gain=3.04237 1.01542 0.882261 0.537417 0.495506 0.459843 0.392282 0.330062 0.43024 0.279409 0.16741 0.147872 0.141636 0.134923 0.105616 0.0238566 0.0129988 0.00190386 5.87122e-05 1.54317e-05 6.54609e-07 8.29735e-08
threshold=1.1417265045350342 1.3060012062747537 0.71470248831613647 -0.57020068120972367 -0.237270769652389 0.68030511108699943 0.78906626587412643 -0.84896503855203853 0.72143463722482959 -0.34558850929039625 1.5202530655439164 -0.01589195871599455 -2.4053977016648282 1.3094220853777896 -0.74279991478338692 2.3547276208717629 0.59610551128022704 -0.39148611484833107 -0.90561152548090262 -0.28227625285779162 -0.32614617803288065 -0.089189262208017567
decision_type=2 2 2 2 2 2 2 2 2 2 2 2 2 2 2 2 2 2 2 2 2 2
left_child=3 2 5 4 19 14 -7 8 -5 11 17 -4 -9 -10 -2 -14 -11 -3 -19 -1 -6 -22
right_child=1 10 9 7 20 6 -8 12 13 16 -12 -13 15 -15 -16 -17 -18 18 -20 -21 21 -23
leaf_value=0.068220440200322405 0.014959421651789172 -0.057500579791436114 -0.043696332109113764 0.04069378237781146 -0.06715953469067705 0.054449206978485355 -0.0092309188502495681 0.070471132116795746 -0.067272498628088206 -0.035489903522866191 0.0080700413879230548 0.049911347856221595 -0.067041980152368882 0.017113017932321117 -0.06748702421334879 -0.013125563260129655 -0.067497445366038619 -0.069377632406934717 -0.067586969401902716 0.067300291150507952 -0.06681642264842487 -0.066943967912761346
leaf_weight=0.31064260751008987 0.24803566467016935 0.20743235806003202 0.26073569408617914 0.76739233126863959 0.077654254157096148 10.920923118479548 1.0613818056881417 0.076607495546340831 1.1243452343624083 0.14715691003948339 0.40140942786820222 0.47838396602310229 6.1971354151610258 0.22787513257935632 0.4159226010087903 0.083168028388172277 0.92089397250674665 0.23807631246745564 0.79301429097540588 0.44101973436772823 0.2906525069847703 0.06186024076305574
leaf_count=13 19 24 21 33 11 878 49 1 197 18 36 31 1567 22 33 6 111 5 64 37 96 13
internal_value=-0.00010855 0.026519 0.0349801 -0.044477 0.0186966 0.0443197 0.0488085 -0.0532849 -0.0191119 -0.0303773 -0.0480524 0.0168898 -0.0646794 -0.0530519 -0.0366874 -0.066328 -0.0630874 -0.0662419 -0.0680004 0.0676806 -0.0668967 -0.0668388
internal_weight=25.7517 16.0934 14.4534 9.65835 1.18183 12.6463 11.9823 8.47652 2.11961 1.80717 1.63993 0.73912 6.35691 1.35222 0.663958 6.2803 1.06805 1.23852 1.03109 0.751662 0.430167 0.352513
internal_count=3285 1289 1160 1996 170 979 927 1826 252 181 129 52 1574 219 52 1573 129 93 69 50 120 109
is_linear=0
shrinkage=0.1


Tree=126
num_leaves=25
num_cat=0
split_feature=7 160 72 119 35 194 119 119 73 185 12 81 87 178 29 175 7 48 67 194 130 64 84 196
split_gain=2.26069 1.08334 0.894339 0.704954 0.698281 0.483432 0.443181 0.440727 0.403297 0.392439 0.331198 0.283505 0.166616 0.154367 0.13232 0.101918 0.0825889 0.0810909 0.0631061 0.0605861 0.0268527 0.00252081 0.000196246 9.02521e-06
threshold=-0.37122873569968068 -0.46488048361001511 1.1483307959950817 0.63792717917537545 -0.26037992908558927 2.063788759779777 0.13069385153301591 0.11007642924810405 0.34088959073159125 1.3543801363119259 -1.6259588390654673 0.15295732946298221 0.47583784239846916 0.92518742888569838 0.85390445146351657 1.4248945865652674 -0.24269563029200616 1.5002798012194762 -2.0721191328133917 1.0000000180025095e-35 1.8774450566565155 0.46561147525104501 -1.9015208249102693 -1.576843280452296
decision_type=2 2 2 2 2 2 2 2 2 2 2 2 2 2 2 2 2 2 2 2 2 2 2 2
left_child=2 7 14 15 6 17 11 8 21 10 -6 -3 -8 -7 18 19 -11 -5 -1 -4 -20 -2 -9 -24
right_child=1 4 3 5 9 13 12 22 -10 16 -12 -13 -14 -15 -16 -17 -18 -19 20 -21 -22 -23 23 -25
leaf_value=0.021611393952571254 -0.051719205893361 -0.059517740143759414 0.01317670375430915 -0.0657176336644366 -0.068333043799011589 -0.028633566761877262 -0.064170389047525297 -0.071306806018664737 0.049702831443037311 0.03247388038712179 0.061151267138114952 0.057490597815225669 0.022497860774599712 0.068413222963813566 0.019909575921213403 -0.014114784447012968 -0.067103049392240863 0.0036924078935495343 -0.065567317042014947 0.067062441541558868 -0.014857505826569879 -0.06746786714775449 -0.067907052315416702 -0.06710952565532384
leaf_weight=0.086043611168861278 0.14421600080095165 0.25586156477220301 0.25112750427797426 1.79578900965862 0.20259895920753201 0.24695436377078284 1.0625864912290124 0.12750833970494557 0.91562417382374406 0.11357323103584349 7.9094884812366208 1.0859978415537623 0.28034062427468587 0.48738763062283397 0.19688339205458749 0.22614671778865147 0.31239840574562627 0.18572455411776889 5.7839729776605981 1.2336554550565777 0.10634466330520798 0.34425128670409322 0.1609405728522687 1.1990533107891677
leaf_count=9 16 31 18 334 12 29 76 7 28 10 962 65 29 27 24 23 49 21 1132 105 20 39 16 203
internal_value=-0.00125552 0.0249545 -0.0361554 -0.0018541 0.0390171 -0.0335278 -0.0054653 -0.0296254 0.0105581 0.0530046 0.0579174 0.0351798 -0.0460781 0.035777 -0.0607525 0.0484234 -0.0405537 -0.0592119 -0.0634098 0.0579485 -0.0646518 -0.0628182 -0.0675556 -0.0672039
internal_weight=24.7145 14.1144 10.6 4.42679 11.2228 2.71586 2.68479 2.89159 1.40409 8.53806 8.11209 1.34186 1.34293 0.734342 6.17324 1.71093 0.425972 1.98151 5.97636 1.48478 5.89032 0.488467 1.4875 1.35999
internal_count=3285 1543 1742 557 1234 411 201 309 83 1033 974 96 105 56 1185 146 59 355 1161 123 1152 55 226 219
is_linear=0
shrinkage=0.1


Tree=127
num_leaves=22
num_cat=0
split_feature=162 135 122 20 6 168 11 20 148 89 178 114 125 87 145 174 181 154 37 114 105
split_gain=2.29312 1.10564 1.08871 0.649713 0.525004 0.519387 0.473082 0.455628 0.45498 0.451866 0.318581 0.314806 0.142942 0.121541 0.071753 0.0683639 0.0372301 0.000898948 2.88364e-05 1.81011e-05 8.92091e-06
threshold=0.19450231258392425 -0.97253499544498367 0.99914613921214113 -0.57408369410784788 0.74171954437778609 0.38599496726332599 -0.88455767381455497 -0.82585457421852493 1.0148388465918547 1.606174341299683 0.20268181525028647 -1.7871284688719256 0.065483658676498746 1.2651764429463734 0.15623390368319354 3.143277555039993 0.55278461242098442 0.42941873929619345 -0.20133493907411715 -1.2518151574166423 1.0419192970170132
decision_type=2 2 2 2 2 2 2 2 2 2 2 2 2 2 2 2 2 2 2 2 2
left_child=1 9 5 4 -4 6 -3 10 -7 12 14 -9 -1 -14 20 19 18 -5 -12 -13 -2
right_child=7 2 3 17 -6 8 -8 11 -10 -11 16 15 13 -15 -16 -17 -18 -19 -20 -21 -22
leaf_value=-0.027094793000350378 0.067088647793652589 0.052701799598033644 -0.0091428918518005747 -0.056494690136730898 0.060309662566809689 0.062899414668575682 -0.052510550953635486 0.067789453562159721 -0.070294784278408698 -0.069408815922309061 -0.068596863460019891 -0.068018914943870065 0.063985906493144271 0.0061917069943734204 0.0014006600921089086 0.031613101508133477 -0.0093000770297568397 -0.067548817580746837 -0.066938526412431365 -0.066934588020868865 0.06792051754638187
leaf_weight=0.19289141031913892 0.27542021917179205 0.47212576447054999 1.4788343938998876 0.085341490572318324 4.1223996104672551 0.97662310744635739 4.5082117544952753 0.18290336523205031 0.34779098257422447 0.29274630546569813 0.21323057077825069 0.15876236325129855 5.7535969177260995 0.38844475802034129 0.24074962246231735 0.071304276818409451 0.14699993305839598 0.53323777369223535 0.20630987384356558 5.0802780906669787 0.24234667373821139
leaf_count=20 32 35 82 16 271 71 449 8 8 21 6 12 582 24 31 7 19 71 59 1450 11
internal_value=0.00129688 0.0190266 0.00154841 0.0312323 0.0419728 -0.0277355 -0.0425366 -0.0485049 0.0279226 0.0520557 0.00412884 -0.061201 0.0576688 0.0603308 0.0465054 -0.0656438 -0.0526073 -0.0660237 -0.0677814 -0.0669674 0.067478
internal_weight=25.9705 19.1522 12.5246 6.21981 5.60123 6.30475 4.98034 6.8183 1.32441 6.62768 1.32506 5.49325 6.33493 6.14204 0.758517 5.31034 0.56654 0.618579 0.41954 5.23904 0.517767
internal_count=3285 1650 1003 440 353 563 484 1635 79 647 158 1477 626 606 74 1469 84 87 65 1462 43
is_linear=0
shrinkage=0.1


Tree=128
num_leaves=23
num_cat=0
split_feature=3 90 6 145 24 7 73 7 6 5 24 148 59 69 122 46 6 40 65 20 20 13
split_gain=2.65705 0.940341 1.07845 0.617473 0.476096 0.438114 0.355875 0.304121 0.374695 0.281294 0.284323 0.212128 0.12459 0.122365 0.081305 0.0652861 0.0240129 0.00026822 1.23533e-05 1.0527e-05 4.62723e-07 6.13809e-08
threshold=1.1417265045350342 1.6333157808067253 0.95551537958813992 -0.21669080340927097 -0.57020068120972367 -0.237270769652389 1.9085323766684155 -0.84896503855203853 0.72143463722482959 1.7771425881207576 -0.57091220090985872 0.37063601034250221 -2.4053977016648282 1.3094220853777896 1.1731143022639228 0.90652506754820961 0.21370224757168629 1.2136449429421103 1.9260034219480089 -0.28227625285779162 -0.32614617803288065 -0.089189262208017567
decision_type=2 2 2 2 2 2 2 2 2 2 2 2 2 2 2 2 2 2 2 2 2 2
left_child=4 2 3 11 5 19 -5 8 -6 10 -4 -2 -9 -10 -11 -3 -14 18 -17 -1 -7 -22
right_child=1 15 9 6 7 20 -8 12 13 14 -12 -13 16 -15 -16 17 -18 -19 -20 -21 21 -23
leaf_value=0.068038361502472763 0.02896220379468158 -0.00013598071220847463 0.067766619951452153 0.058060785995824683 0.03898993553549282 -0.067105119161999474 -0.037556416506025619 0.069994782578748568 -0.067216974111831349 0.066362950887374969 -0.046935149741303757 -0.067687261749011615 -0.0099633781013408317 0.016147137355714429 -0.0098365882937447684 0.067069607362794034 -0.067017850219816516 0.071208630646429932 0.067552859358265369 0.067233725734492392 -0.066798335822549695 -0.066914791340753968
leaf_weight=0.2777305874042213 0.34255900187417754 0.14863910572603245 0.23067281488329205 4.7252795761451116 0.71199313644319762 0.069053359562531114 0.42418937338516105 0.067930899560450508 0.99461616366170325 0.343320449348539 3.4227042440325022 0.67371154599823058 0.07476852112449961 0.21395002771168947 0.23647712264209986 3.3662208272144203 5.5101756908698007 0.16936214827001084 0.62759812641888846 0.39220866654068232 0.25580177130177617 0.054989282507449166
leaf_count=13 19 14 12 342 33 11 32 1 197 18 238 66 8 22 31 462 1565 3 52 37 96 13
internal_value=-0.000113624 0.0257223 0.00944199 0.0361258 -0.0441882 0.0189233 0.0501843 -0.0529364 -0.018557 -0.0294237 -0.0396929 -0.0351092 -0.0646167 -0.0524592 0.0352841 0.0649858 -0.066254 0.0673108 0.0671455 0.0675673 -0.066871 -0.0668189
internal_weight=23.334 14.7107 10.3989 6.16574 8.62322 1.04978 5.14947 7.57343 1.92056 4.23317 3.65338 1.01627 5.65288 1.20857 0.579798 4.31182 5.58494 4.16318 3.99382 0.669939 0.379844 0.310791
internal_count=3285 1289 758 459 1996 170 374 1826 252 299 250 85 1574 219 49 531 1573 517 514 50 120 109
is_linear=0
shrinkage=0.1


Tree=129
num_leaves=27
num_cat=0
split_feature=7 160 29 33 119 119 87 172 123 194 25 19 185 164 56 29 185 117 128 3 172 84 190 6 168 185
split_gain=2.00366 1.29579 0.848733 0.490273 0.430212 0.368822 0.368584 0.361573 0.344587 0.272885 0.398455 0.238524 0.221136 0.206095 0.0390795 0.0366808 0.0799053 0.0154559 0.0138725 0.0115006 0.00120073 0.00012317 1.5869e-05 1.36541e-05 1.80707e-05 1.03304e-05
threshold=-0.59288237339655681 -0.46488048361001511 -0.34580824636010427 0.64275237807829111 0.11007642924810405 0.09645923487778664 0.11750156894004359 -0.077673733315070062 0.015524139221918648 -1.0000000180025095e-35 -0.21696596591880299 0.55714570816138542 1.2168954421663731 -1.0869348065216109 0.12756742937744567 0.22010803631230264 0.83345876769223359 -0.53813729455245862 0.24660559797346651 1.0566133772758046 0.8279316945249614 -1.9015208249102693 0.54354350358748349 0.16361922875251453 -1.2278973979590673 1.0345824417266953
decision_type=2 2 2 2 2 2 2 2 2 2 2 2 2 2 2 2 2 2 2 2 2 2 2 2 2 2
left_child=3 4 5 15 7 8 19 14 -3 10 -4 -7 18 -11 -2 23 -17 -14 -8 -5 -18 -6 -23 -1 -25 -21
right_child=1 2 9 6 21 11 12 -9 -10 13 -12 -13 17 -15 -16 16 20 -19 -20 25 -22 22 -24 24 -26 -27
leaf_value=-0.067833938740936989 -0.0011798355907084264 -0.050872021373114966 0.042571164350754448 -0.030417951527167204 -0.070353231932453658 -0.045692289408910999 0.031956133764521645 0.049391334404330502 0.065133621029531047 -0.00045667928729396947 -0.068810621713103939 0.048699695096672886 -0.066877418904560268 0.062673694516275025 -0.067261519017471946 0.032039480205738963 -0.067232617217959534 -0.014845456410178285 0.067579447421835845 -0.068067221195987029 -0.054471917507044144 -0.067022658367788909 -0.067809649267113484 -0.068698427996461794 -0.066999920949109365 -0.067032195361587096
leaf_weight=0.22022326826118188 0.11071244650520384 0.34999343240633718 1.1867011038120834 0.10071562277153123 0.12880786741152395 1.9542346505913886 0.13134057587012626 0.79401188925840072 0.95406825933605433 0.5607225326821198 0.44036723044700821 0.31020225002430368 0.15276269684545696 6.6498697409406269 0.46691829711198807 0.12193121574819077 0.21392644103616476 0.091155087109655142 0.65189968701452017 0.12670915573835373 0.11252536415122449 1.5303720892406998 0.30774028366431583 0.06361225456930597 4.0905865654349336 0.40353581821545959
leaf_count=24 11 51 106 12 10 270 11 25 54 62 18 25 39 928 68 13 30 9 58 6 18 333 24 6 993 81
internal_value=-0.00134862 0.0179149 0.0327969 -0.0481473 -0.0373869 -0.00836477 -0.00123975 0.00559989 0.0339992 0.0494173 0.0124256 -0.0327617 0.0357127 0.0577644 -0.0545959 -0.0642745 -0.0370346 -0.0474324 0.0616058 -0.0613956 -0.0628341 -0.0673639 -0.0671544 -0.0670666 -0.0670259 -0.0672795
internal_weight=22.2256 15.7447 12.4062 6.48092 3.33856 3.5685 1.65812 1.37164 1.30406 8.83766 1.62707 2.26444 1.02716 7.21059 0.577631 4.82281 0.448383 0.243918 0.78324 0.630961 0.326452 1.96692 1.83811 4.37442 4.1542 0.530245
internal_count=3285 1985 1514 1300 471 400 216 104 105 1114 124 295 117 990 79 1084 61 48 69 99 48 367 357 1023 999 87
is_linear=0
shrinkage=0.1


Tree=130
num_leaves=23
num_cat=0
split_feature=162 168 20 34 25 20 195 135 135 158 20 178 7 195 114 181 141 18 34 101 37 37
split_gain=2.0286 1.00014 0.875155 0.824712 0.425058 0.405906 0.368156 0.290711 0.286283 0.278924 0.394525 0.275643 0.239936 0.067507 0.0392411 0.0361699 0.0181958 0.000312204 9.24226e-05 2.18522e-05 2.1324e-05 5.70475e-06
threshold=0.19450231258392425 0.39841840820467839 -0.79736367449433898 0.44526885099361624 -0.58203259142231756 -0.82585457421852493 1.1862174087682651 -0.97253499544498367 -1.9130164304027166 1.0548419804308167 -0.76889046423593377 0.20268181525028647 -1.3486101717475745 0.26595339013627461 -1.5299338597591399 0.55278461242098442 -0.18849984572394704 -0.1655995739489837 0.43624204928427662 1.1484426088070834 -0.20133493907411715 -0.48726044627320758
decision_type=2 2 2 2 2 2 2 2 2 2 2 2 2 2 2 2 2 2 2 2 2 2
left_child=1 2 6 4 -4 11 12 -5 -7 16 19 13 -1 18 -10 20 -3 -18 -2 -11 -13 -16
right_child=5 9 3 7 -6 8 -8 -9 14 10 -12 15 -14 -15 21 -17 17 -19 -20 -21 -22 -23
leaf_value=-0.035065918122268301 0.067675127684617378 0.037583532114771008 0.022086285166737094 0.064546180342081733 -0.051794841316676936 0.067726097120072354 -0.059671488136461538 0.00046871241859461755 -0.0024660296320799151 0.067058129611170414 -0.048752115119112094 -0.068416569537978741 0.060806914123264014 -0.0017612424034762529 -0.067192440269236112 -0.0080197175359249112 0.06773498869141939 0.063342585409819616 0.064869941913696438 0.068340155957255261 -0.066905077584549541 -0.066876114156019448
leaf_weight=0.28507886826992113 0.25924803828820564 0.21318077063187946 0.94562715617940085 1.2216476909816267 4.4119213304948053 0.16672650445252646 0.31893645436502982 1.6840530557092277 0.096423055976629146 0.40181814366951585 0.56842249049805083 0.19252675212919712 3.0954461768269566 0.20950033701956272 0.66604617354460005 0.13954925257712603 3.9077641125768419 0.1688108872622246 0.21473462204448879 0.19869969878345728 0.18116897263098508 3.9585559065453704
leaf_count=27 16 21 59 126 507 8 19 79 4 57 32 6 293 32 111 19 398 24 26 8 59 1354
internal_value=0.00143284 0.0187941 0.00260888 -0.0154887 -0.0387545 -0.0482768 0.0430324 0.0274089 -0.0610571 0.0542639 0.0109608 0.00392169 0.052722 0.0455103 -0.0656052 -0.0514614 0.0660638 0.0675531 0.0664043 0.0674823 -0.0676838 -0.0669217
internal_weight=23.5059 17.4214 11.9627 8.26325 5.35755 6.08448 3.69946 2.9057 4.88775 5.4587 1.16894 1.19673 3.38053 0.683483 4.72103 0.513245 4.28976 4.07657 0.473983 0.600518 0.373696 4.6246
internal_count=3285 1650 1110 771 566 1635 339 205 1477 540 97 158 320 74 1469 84 443 422 42 65 65 1465
is_linear=0
shrinkage=0.1


Tree=131
num_leaves=25
num_cat=0
split_feature=44 6 24 7 167 20 185 90 30 170 0 185 165 167 117 48 106 119 7 198 14 69 66 134
split_gain=2.37892 0.73517 0.720179 0.756008 0.530402 0.535922 0.38866 0.320204 0.261714 0.235058 0.286612 0.233806 0.179463 0.158473 0.122279 0.158758 0.0662242 0.0641705 0.0499169 0.00136975 0.000801458 5.09392e-05 1.63332e-05 2.32628e-08
threshold=1.1370776116198378 1.1934763764090139 -0.57960336347588448 -0.73305870364399939 0.012840222366094918 -0.84176831786887463 0.95152853928733383 1.6997458262281224 0.13106472587672466 2.6849921211516459 1.5866372807037521 0.4600987419043579 -0.92071314735403043 0.73668002378408726 -0.88829052762077942 1.1125113297916385 1.3435890427468939 1.8439517987656744 0.1438184036353756 0.43273403934465521 -0.12798102386006968 -0.83986741577410984 0.36374005666370274 -0.11600293804688112
decision_type=2 2 2 2 2 2 2 2 2 2 2 2 2 2 2 2 2 2 2 2 2 2 2 2
left_child=2 6 11 4 5 -4 8 12 22 13 -11 18 -3 -8 15 -5 -6 -16 -1 -14 -13 -22 -2 -20
right_child=1 7 3 14 16 -7 9 -9 -10 10 -12 20 19 -15 17 -17 -18 -19 23 -21 21 -23 -24 -25
leaf_value=0.046422958295462953 -0.068367614865728246 0.0097606902523145432 -0.066901469720874449 0.067215539971247254 -0.064640606739473458 0.046126592248260642 0.066522266119935988 0.06717485049762166 0.037294383270747918 -0.046518417193842088 0.067025727575207333 0.060285623250106092 -0.053058776378614572 -0.015163887155760053 -0.066419391104996825 -0.06703101834826003 0.0072983246361337769 0.02263183587993902 -0.066844183628744197 -0.067812908387520618 0.069170749189132977 0.067229393667018314 -0.066964057501585059 -0.066770076721938201
leaf_weight=0.04869455867446848 0.11000310163944771 0.44261011923663307 0.53389310720376704 0.16449859412386914 1.1640326901106162 1.9578189977910363 5.9959841363597661 0.32182165049016465 0.51493500778451562 0.45996287278830994 0.43027762696146965 0.18182185478508472 0.067516985582186773 0.24729234166443337 5.8021608284907451 0.18965003092307597 0.14376897737383831 0.082064412767067441 0.062352165579795837 0.92492380063049495 0.17895704880356789 0.55223996797576547 0.33664210955612361 0.13210225617513061
leaf_count=7 6 29 147 6 202 112 683 37 21 12 59 21 13 18 1489 47 16 9 20 112 9 57 94 59
internal_value=-0.000176104 0.0356613 -0.0317169 -0.0403252 -0.00515993 0.0219083 0.0483873 -0.0229758 -0.0112933 0.0564321 0.00836058 0.0430204 -0.0431929 0.0632867 -0.0617427 -0.0046748 -0.0567322 -0.0651774 -0.0441203 -0.0668092 0.0662271 0.0677045 -0.0673097 -0.0667938
internal_weight=21.046 9.85197 11.1941 10.0379 3.79951 2.49171 8.0951 1.75687 0.96158 7.13352 0.89024 1.15617 1.43505 6.24328 6.23837 0.354149 1.3078 5.88423 0.243149 0.992441 0.913019 0.731197 0.446645 0.194454
internal_count=3285 1084 2201 2028 477 259 893 191 121 772 71 173 154 701 1551 53 218 1498 86 125 87 66 100 79
is_linear=0
shrinkage=0.1


Tree=132
num_leaves=25
num_cat=0
split_feature=119 29 162 185 123 65 87 178 21 6 87 63 114 119 3 197 123 170 87 37 185 116 134 29
split_gain=1.78815 1.10566 0.645547 0.649212 0.461269 0.424013 0.411902 0.311753 0.334221 0.2746 0.20682 0.217473 0.170598 0.155908 0.13596 0.13259 0.117366 0.114706 0.0768607 0.0364397 0.00711323 0.00345169 1.55326e-06 1.18186e-06
threshold=0.46947662741577795 -0.34580824636010427 0.76983163209898486 1.3543801363119259 0.12234460210497092 1.3828680700003806 -0.17427381523619415 0.36105100974302085 -0.24327183747345493 0.4291277130964129 1.1219968831034712 1.414255062059848 -1.4265064578285005 0.13069385153301591 0.061865631746991646 -0.30991812703390892 3.4153283342064067 0.81327177999844247 2.1106021501578209 -0.071511512556648546 0.57947051480342415 -0.10687973341308432 0.251342474955561 0.32953788752155616
decision_type=2 2 2 2 2 2 2 2 2 2 2 2 2 2 2 2 2 2 2 2 2 2 2 2
left_child=1 4 10 7 14 9 17 8 -4 -3 16 22 -11 -8 -1 -7 20 -6 23 -16 -2 -9 -12 -5
right_child=2 5 3 18 6 15 13 21 -10 12 11 -13 -14 -15 19 -17 -18 -19 -20 -21 -22 -23 -24 -25
leaf_value=0.061678769807286885 -0.046240260801076266 -0.042122321640040025 -0.065982039745225082 -0.066836680126856923 -0.068423895106086902 0.035209204354231978 0.063670250924459812 0.052931902451905904 0.052256418230527082 -0.026761416755044443 -0.066887912843997019 0.047569070986810041 0.06308273469479754 -0.014183297347257177 -0.066587738956123951 -0.064600348235977836 0.0021500878694802154 0.022478114849715122 0.045419779736981719 -0.0053661723669983976 -0.067335766940041508 0.06740839652878719 -0.067390332755980983 -0.067142725478716955
leaf_weight=0.092849670909345483 0.16580480220727434 0.27469549886882472 0.51279985881410539 0.95016334904357769 0.57296402927022461 0.19826004793867469 1.0750820487737653 0.19576044101268064 0.44785247580148357 0.21886990591883648 0.2126270729349925 0.37075312272645533 6.1480727212037891 0.33812369313091029 1.5350328787462786 0.40494279097765673 0.26263608294539142 0.18320060567930341 0.064539207844063529 0.10379626578651335 4.4434664113214239 1.0381980275269593 0.086592788342386484 0.14550384040921926
leaf_count=4 38 23 53 316 68 22 55 23 66 23 55 29 937 45 334 37 26 20 5 10 955 108 11 22
internal_value=-0.00131742 0.0253685 -0.0347498 -0.000128505 -0.0175532 0.0484801 0.0131691 0.0318566 -0.0108597 0.0557708 -0.0557081 -0.00361405 0.0599943 0.045043 -0.0560407 -0.0317951 -0.062872 -0.0464005 -0.0606305 -0.0627102 -0.0665769 0.0651118 -0.0670333 -0.0668773
internal_weight=20.0426 11.1459 8.8967 3.35482 3.90105 7.24484 2.16937 2.19461 0.960652 6.64164 5.54188 0.669973 6.36694 1.41321 1.73168 0.603203 4.87191 0.756165 1.16021 1.63883 4.60927 1.23396 0.29922 1.09567
internal_count=3285 1578 1707 593 536 1042 188 250 119 983 1114 95 960 100 348 59 1019 88 343 344 993 131 66 338
is_linear=0
shrinkage=0.1


Tree=133
num_leaves=21
num_cat=0
split_feature=39 198 35 69 161 86 24 186 49 166 7 161 37 29 6 156 167 68 74 62
split_gain=1.79183 1.1752 0.601559 0.684317 0.514867 0.450367 0.287587 0.281998 0.322463 0.26131 0.260199 0.217884 0.176799 0.175624 0.138512 0.138406 0.0590559 0.00747708 7.86485e-05 2.47029e-05
threshold=-0.63417108094669827 0.78455809753775618 -0.26037992908558927 0.03435300335692415 0.3585812058125703 1.2924199995924721 -0.55645603315269077 1.8284228578341546 0.36240427871660214 1.7798294029681527 -1.4667728469523589 0.13003426516555197 -0.26382914805387087 -0.80615821649546737 1.2318485232467986 2.2949028035940766 0.53778313588324289 0.33389994238444648 0.25513561329662016 0.8056240928777868
decision_type=2 2 2 2 2 2 2 2 2 2 2 2 2 2 2 2 2 2 2 2
left_child=4 2 3 14 6 10 -1 8 -8 15 -3 -5 -7 -6 -2 -4 18 -12 -15 -14
right_child=1 5 9 11 13 12 7 -9 -10 -11 17 -13 19 16 -16 -17 -18 -19 -20 -21
leaf_value=-0.067303361391535352 -0.061572783586877969 -0.06273395932627919 -0.065994062580294277 0.06198193509312766 0.045562525916849728 0.059931235754894112 0.060479528359872907 -0.058370571098895901 0.0096293870482736903 0.045759849263104585 0.067220865220676843 -0.026209390042571785 -0.067116598842815317 -0.069383059557018595 0.024810634730336054 0.027012107017834953 0.0014231709478890011 0.048724642112111582 -0.067142632072305114 -0.068703658546968499
leaf_weight=0.22817812755238165 1.4549993958789849 0.1735788371879613 5.701422542333602 1.2036048392765222 0.22457957023289055 0.13838733173906803 6.0480833125766393 0.24795721378177393 1.5710198667366055 0.22788204066455353 1.7481834385544051 0.36512080358806986 0.37683238089084614 0.28551480825990327 0.21276441263034929 0.16462454199790943 0.15112997614778578 0.24978583678603183 0.34725004353094846 0.13258176844101399
leaf_count=26 149 28 1668 54 21 16 751 15 82 7 148 62 91 7 27 10 23 29 66 5
internal_value=0.00143182 -0.023702 -0.040798 -0.00595626 0.0349753 0.032876 0.043369 0.046579 0.0499945 -0.0593025 0.0547056 0.0414554 -0.0403007 -0.0324031 -0.0505524 -0.0633839 -0.0547396 0.0649085 -0.0681536 -0.0675297
internal_weight=21.2535 12.1498 9.33042 3.23649 9.10371 2.81935 8.09524 7.86706 7.6191 6.09393 2.17155 1.56873 0.647801 1.00847 1.66776 5.86605 0.783895 1.99797 0.632765 0.509414
internal_count=3285 2294 1977 292 991 317 874 848 833 1685 205 116 112 117 176 1678 96 177 73 96
is_linear=0
shrinkage=0.1


Tree=134
num_leaves=25
num_cat=0
split_feature=44 6 24 7 90 71 137 101 7 6 119 145 117 119 198 7 165 20 170 107 15 69 65 185
split_gain=2.09278 0.656249 0.641302 0.68255 0.579543 0.289532 0.371912 0.258576 0.25018 0.361226 0.204927 0.120234 0.111301 0.0634902 0.0582577 0.024149 0.0175871 0.00858549 0.004532 0.00312853 0.00291863 3.65406e-05 4.29675e-06 1.41618e-08
threshold=1.1370776116198378 0.92036702003273374 -0.57960336347588448 -1.1885902904357046 1.6458578935797232 0.4430465272381951 1.1601016100542028 0.67382950183732937 -0.73305870364399939 0.70232893350614944 0.1794213508239004 -0.23025079714227847 -0.88829052762077942 0.16661278146608785 0.43100462920247051 0.18969821524481259 -0.1557936916707072 -0.73391572614842204 4.0244576570668587 0.92059823360821047 -0.1463251257653124 -0.83986741577410984 1.7867226021699658 0.32013698693417075
decision_type=2 2 2 2 2 2 2 2 2 2 2 2 2 2 2 2 2 2 2 2 2 2 2 2
left_child=2 11 10 7 5 6 -3 19 9 -5 15 -2 -10 -13 -7 -1 22 -9 -15 -4 -12 -22 -6 -17
right_child=1 4 3 8 16 14 -8 17 12 -11 20 13 -14 18 -16 23 -18 -19 -20 -21 21 -23 -24 -25
leaf_value=0.016455747216304939 0.00030230833555185892 0.051343132729376829 -0.067198714988346606 0.033443411259421706 0.067019728262556366 0.01757184173115451 -0.042285092146396266 0.046515780232801028 -0.0044374523337027327 -0.049496453314906319 0.052385886694720801 0.002389487578422023 -0.064990069358546662 0.066930539707043435 -0.067394854825142014 -0.066757107491802178 0.02515110146828918 0.06835596951405816 0.050323610645707062 -0.041544713382847175 0.068898241681804168 0.067181114305493381 0.06748739684692695 -0.066823634371233703
leaf_weight=0.04501968075055518 0.31669208407402027 0.87185703997965969 0.15677343425340839 0.77214470377657418 0.83025443367660023 0.087853993522003071 0.82638058718293905 0.26362301874905825 0.32214618124998917 1.6413380588637663 0.15487104409839958 0.16121962084434738 5.2592193357413697 4.2242408634629101 0.99052798631601036 0.10918895539361984 0.10988139756955195 0.56737064197659492 0.17097927117720235 0.068223460111767054 0.1626116456463933 0.52095260983332992 0.25734964851289988 0.045262269559316337
leaf_count=9 20 60 36 67 132 9 50 13 53 305 25 31 1498 556 165 56 16 35 23 21 9 59 22 15
internal_value=-0.000212655 0.0352877 -0.0313444 -0.0398822 0.00512882 -0.0199496 0.00578264 0.0356788 -0.0498626 -0.0229615 0.0431079 0.0598826 -0.0614951 0.0640237 -0.0604728 -0.0479914 0.0632784 0.0614274 0.0662845 -0.0594199 0.0647813 0.0675896 0.0671304 -0.0667766
internal_weight=18.936 8.84724 10.0887 9.05084 3.97411 2.77662 1.69824 1.05599 7.99485 2.41348 1.03791 4.87313 5.58137 4.55644 1.07838 0.199471 1.19749 0.830994 4.39522 0.224997 0.838435 0.683564 1.0876 0.154451
internal_count=3285 1084 2201 2028 454 284 110 105 1923 372 173 630 1551 610 174 80 170 48 579 57 93 68 154 71
is_linear=0
shrinkage=0.1


Tree=135
num_leaves=25
num_cat=0
split_feature=92 119 65 162 7 90 31 83 66 87 6 117 36 49 62 93 2 167 40 35 47 29 187 147
split_gain=1.5916 1.03609 0.820921 0.550932 0.401141 0.369566 0.298783 0.247839 0.222468 0.188091 0.157208 0.12716 0.0849071 0.0772054 0.0653376 0.059161 0.0485688 0.0461188 0.0362806 0.0192638 0.0493445 0.00463328 0.000123415 1.26117e-06
threshold=-0.7607360621805922 0.48484920551824323 1.3828680700003806 0.76983163209898486 0.092286233010881832 1.4333837495201669 -0.89922037144793576 1.035717935052161 -0.58293613998939564 1.8443510456082677 0.36299201619228744 -0.3209087778522815 -1.1767245303174927 0.66613598813897623 0.68716614039925339 0.8005344118704113 0.84730145973304005 0.1949454633169331 1.0242904004056708 0.67826582172883876 1.1469250583469648 0.31107473998373131 0.20693005709907777 0.67722398986590304
decision_type=2 2 2 2 2 2 2 2 2 2 2 2 2 2 2 2 2 2 2 2 2 2 2 2
left_child=4 2 6 9 13 8 18 16 -5 12 -8 -4 -3 19 -15 -7 23 -9 -2 21 -21 -1 -13 -6
right_child=1 3 11 5 7 15 10 17 -10 -11 -12 22 -14 14 -16 -17 -18 -19 -20 20 -22 -23 -24 -25
leaf_value=-0.067023569793536825 0.00077898054223305032 0.022573145998446998 0.0088409589973457575 -0.062391825711490323 -0.06697842087307565 -0.066901440401363893 -0.04284999930308056 0.01066732699153837 0.053843738342477625 0.056555043523123308 0.059593652670441977 -0.070712924214958769 -0.061748975210019319 -0.062076547621452344 0.037378599090413939 0.034421359360106672 0.0048845224712191051 0.065915112117554173 -0.06731390698460836 -0.06688887903833092 0.033271110456052307 -0.051181471127747472 -0.067765586130379848 -0.067368536585315067
leaf_weight=3.5504860881483218 0.12883349414914924 0.12604519654996771 0.30652331816963851 0.18516929796896908 0.22882632946129866 0.4699521418660878 0.1533785196952494 0.23650066868867725 1.486696081003174 0.15440998971462239 6.4161717463284731 0.20087036723271001 2.2703806580975652 0.12325867579784233 0.14233311032876372 0.065680156694725156 0.12678689206950366 0.41839815117418766 0.19928239018190652 0.16247061011381436 0.070543574634939432 0.1947392594302072 0.48535005236044526 0.12991658062674105
leaf_count=1058 16 11 36 14 45 144 12 32 192 12 996 6 440 26 14 8 18 20 28 52 10 24 57 14
internal_value=-0.00129482 0.0180882 0.0403138 -0.0187669 -0.0468296 0.0178105 0.0525506 0.00582427 0.0409699 -0.050421 0.0572019 -0.0447086 -0.0573139 -0.0609791 -0.00877761 -0.0544771 -0.0483172 0.0459637 -0.0405775 -0.0644641 -0.0365661 -0.0661998 -0.0686283 -0.0671197
internal_weight=18.033 12.6487 7.89041 4.75833 5.38426 2.2075 6.89767 1.14043 1.67187 2.55084 6.56955 0.992744 2.39643 4.24383 0.265592 0.535632 0.48553 0.654899 0.328116 3.97824 0.233014 3.74523 0.68622 0.358743
internal_count=3285 1972 1151 821 1313 358 1052 129 206 463 1008 99 451 1184 40 152 77 52 44 1144 62 1082 63 59
is_linear=0
shrinkage=0.1


Tree=136
num_leaves=23
num_cat=0
split_feature=162 167 20 166 192 175 49 20 195 114 131 7 86 20 162 133 37 49 192 42 37 105
split_gain=1.60569 0.814488 0.722125 0.671864 0.484681 0.481644 0.41684 0.321282 0.279196 0.235268 0.223661 0.180457 0.129021 0.110373 0.10836 0.0886747 0.0689148 0.00932704 0.00482306 2.3042e-05 9.0091e-06 1.38376e-06
threshold=0.19450231258392425 0.29906494728151506 -0.79736367449433898 1.2806612040269758 0.55988764527413759 1.4248945865652674 -0.11417314102393976 -0.82585457421852493 1.1862174087682651 -1.7871284688719256 0.57487064025924262 -1.3486101717475745 0.62459292665123523 -0.58497594209013093 1.0000000180025095e-35 1.6545414636030364 -1.2716876795784644 0.45098328996847364 1.1130869597211002 0.76262516853026929 -1.1238511705852958 1.0461809590232214
decision_type=2 2 2 2 2 2 2 2 2 2 2 2 2 2 2 2 2 2 2 2 2 2
left_child=1 2 8 4 -4 14 15 10 11 -9 21 -1 -12 -5 18 -7 -11 -8 -3 -14 -18 -2
right_child=7 5 3 13 -6 6 17 9 -10 16 12 -13 19 -15 -16 -17 20 -19 -20 -21 -22 -23
leaf_value=-0.033079232919947403 0.066960903674422687 0.067693949499134237 0.0059369168090588559 0.065829686035421373 -0.062656949274677978 0.067127762078733902 -0.044550778991713905 0.067524249957711169 -0.058423853002264048 0.067615465232601507 0.026605310498122689 0.059069367032606894 -0.068762144929393684 -0.022107735895426008 0.0099882118183170724 -0.028128899273364129 -0.068434446936191592 -0.068196511107689498 0.052406115998658215 -0.066919419609900332 -0.066881676530951992 0.067359717169775707
leaf_weight=0.2346044846344747 0.19209211412817229 3.9765481152571729 1.574973982525991 0.84513104544021189 2.9776590223191306 0.5651834374293685 0.27240508166141786 0.13775533065199885 0.26041850354522456 0.038480164483189916 0.23223519138991833 2.2574278903193772 0.087046001106500626 0.17173363850451984 0.36354459379799653 0.11815614136867225 0.037746679037810149 0.4303634112002328 0.21765792998485256 0.30782904836814851 3.6966885698493557 0.15902365650981665
leaf_count=27 32 465 166 76 401 83 16 8 19 2 12 258 2 21 34 21 1 26 37 100 1466 12
internal_value=0.00144046 0.0183897 -0.001804 -0.0225123 -0.038927 0.0466627 -0.00495578 -0.0480174 0.0400987 -0.0608387 0.00323844 0.0503943 -0.0325406 0.0509783 0.062361 0.0506569 -0.0655255 -0.059031 0.0669006 -0.0673256 -0.0668974 0.0671415
internal_weight=19.1547 14.2658 8.32195 5.5695 4.55263 5.94386 1.38611 4.8889 2.75245 3.91067 0.978226 2.49203 0.62711 1.01686 4.55775 0.68334 3.77292 0.702768 4.19421 0.394875 3.73444 0.351116
internal_count=3285 1650 968 664 567 682 146 1635 304 1477 158 285 114 97 536 104 1469 42 502 102 1467 44
is_linear=0
shrinkage=0.1


Tree=137
num_leaves=23
num_cat=0
split_feature=186 114 170 90 9 71 6 128 166 167 22 7 184 47 44 161 24 179 110 77 118 6
split_gain=1.84172 0.669122 0.490588 0.47527 0.393323 0.451401 0.372278 0.359776 0.334805 0.180669 0.174384 0.166268 0.137744 0.108329 0.0779545 0.0705153 0.0228248 0.0121754 0.00297212 5.1696e-05 1.26641e-05 5.40329e-07
threshold=1.0645902329271515 -1.0911842385603752 1.9038422897183127 1.6458578935797232 0.12399898394032587 0.43493008115120074 1.1348626234269048 0.5569181508466502 -0.68417925718650052 1.0277431280112643 -1.1424010583996058 -0.44313843823558313 1.6375455190420343 1.1491961255401477 1.9724613643131403 3.5582383040212764 -0.52115614131317123 1.2384794558920573 1.0964844065339137 -3.3270241806070655 -0.34558850929039625 1.0935026430176529
decision_type=2 2 2 2 2 2 2 2 2 2 2 2 2 2 2 2 2 2 2 2 2 2
left_child=4 12 6 13 5 7 9 11 -8 -3 -7 -1 16 -4 15 19 -2 -12 -9 -6 -18 -5
right_child=1 2 3 21 14 10 8 18 -10 -11 17 -13 -14 -15 -16 -17 20 -19 -20 -21 -22 -23
leaf_value=0.063015430680543008 -0.022406985847225759 0.062478035090656886 -0.0023690768510572732 0.066946959172595591 -0.069426305596527335 0.055984564438739018 0.050564820674746658 -0.066898533395515186 -0.048849529282169277 -0.035725333978272503 -0.066964156785860526 -0.0098932454335826456 0.053509501303121723 -0.065882765916832259 0.015275024865174092 0.037026847389908739 -0.068226266230195051 -0.019253218090824933 -0.04140185778827557 -0.066945349068809668 -0.067135008265500631 0.067183800848849798
leaf_weight=1.029035238898359 0.13190421042963862 5.5787883484736067 0.39755233656614997 0.41965673817321647 0.08615166880190539 0.12973708508070547 0.67860980634577572 0.37065559101756651 0.67643805209081598 0.19384932320099313 1.3722834419459102 0.44938564312178941 0.11853595729917288 0.82751714589539915 0.12520165950991202 0.066413362976163515 0.12631256296299398 0.055656330427154788 0.052152037154883146 3.3446479485137384 0.67274396109860279 0.12502275174483657
leaf_count=69 10 741 35 77 2 7 65 126 74 29 471 93 12 49 21 10 7 10 17 1223 124 13
internal_value=-0.000249124 0.0274994 0.0364071 -0.0107172 -0.0392267 -0.0151084 0.0481077 0.0175906 0.000937312 0.0591803 -0.0550192 0.0408539 -0.0480185 -0.0452717 -0.0622563 -0.065032 -0.0609457 -0.0651045 -0.0637536 -0.0670076 -0.0673075 0.0670013
internal_weight=17.0283 9.94693 8.89743 1.76975 7.08132 3.45891 7.12769 1.90123 1.35505 5.77264 1.55768 1.47842 1.0495 1.22507 3.62241 3.49721 0.930961 1.42794 0.422808 3.4308 0.799057 0.544679
internal_count=3285 1236 1083 174 2049 793 909 305 139 770 488 162 153 84 1256 1235 141 481 143 1225 131 90
is_linear=0
shrinkage=0.1


Tree=138
num_leaves=25
num_cat=0
split_feature=7 33 92 122 160 13 130 51 51 6 185 38 110 29 19 119 75 116 144 144 185 49 174 168
split_gain=1.42644 0.66961 0.597493 0.446153 0.414735 0.270696 0.231137 0.224749 0.218903 0.186148 0.177878 0.174481 0.326237 0.140523 0.114101 0.0836862 0.0478076 0.00097566 0.000841933 3.23038e-05 1.07726e-05 9.47382e-07 6.24893e-07 3.20815e-07
threshold=-0.26992054482321959 0.59197561510037799 -0.80818637710447161 1.4496182667611579 -0.46488048361001511 0.3340983542294314 1.7929859731342459 1.6103888333561478 -0.95269848624547926 0.36299201619228744 0.34999968983474278 0.68463393991119237 0.9079529434080521 0.56335140450313437 0.54832682210927197 0.37598166183781206 0.73277895046877228 -0.016166460837572345 1.1943886088741287 -0.30506095707629527 1.0345824417266953 0.49479947609417718 0.88518391507375627 -0.68834785342535698
decision_type=2 2 2 2 2 2 2 2 2 2 2 2 2 2 2 2 2 2 2 2 2 2 2 2
left_child=1 10 11 5 20 9 17 8 -6 -4 -1 12 16 14 -12 -15 -2 -5 -9 -14 -3 23 -22 -13
right_child=2 4 3 6 7 -7 -8 18 -10 -11 13 21 19 15 -16 -17 -18 -19 -20 -21 22 -23 -24 -25
leaf_value=0.025695698243087473 0.013199895663963858 -0.067884340160071208 -0.044056685266559481 -0.059350885870750096 -0.035651881808098716 -0.030131616652621318 0.053896415757800721 -0.067224336797331669 0.061425010927320389 0.060122948350900707 -0.066046069211120717 -0.067091619661618029 -0.069480439422565099 0.062879467094908256 -0.024564989574634044 -0.037978490932154149 0.067950232685380418 -0.06859234734927426 -0.054321525156413419 -0.067043206905113312 -0.066805556118921264 -0.067161588373872538 -0.067084396494907189 -0.066858552231077853
leaf_weight=0.2877463743789147 0.28091323422268011 0.16117281746119294 0.17731424374505689 0.1640641198027879 0.27735983859747637 0.3843798852758481 0.23009203490801156 0.13644632243085641 1.4292851025238631 5.240558278048411 4.1000885450048372 0.07087460218463093 0.063632706413045415 0.15096299350261677 0.79105259152129281 0.18079303612466902 0.36896189535036683 0.3761740633053704 0.080353867262601852 0.37410627712961297 0.23706479696556926 0.19940768112428486 0.12159245321527123 0.35428318672347803
leaf_count=37 24 10 9 20 44 32 26 29 208 943 1274 12 2 19 156 26 23 32 19 94 94 25 21 106
internal_value=-0.00128009 -0.0315284 0.0277603 0.041467 0.0120464 0.0509602 -0.0300376 0.0334649 0.0456483 0.0567134 -0.0508483 -0.024856 -0.000665163 -0.0550654 -0.0593373 0.00791614 0.044284 -0.0657858 -0.0624421 -0.0673975 -0.0672053 -0.0669818 -0.0669001 -0.0668974
internal_weight=16.2387 7.95392 8.28476 6.57258 2.44328 5.80225 0.77033 1.92345 1.70664 5.41787 5.51064 1.71218 1.08761 5.2229 4.89114 0.331756 0.649875 0.540238 0.2168 0.437739 0.51983 0.624565 0.358657 0.425158
internal_count=3285 1937 1348 1062 425 984 78 300 252 952 1512 286 143 1475 1430 45 47 52 48 96 125 143 115 118
is_linear=0
shrinkage=0.1


Tree=139
num_leaves=22
num_cat=0
split_feature=162 135 122 20 6 192 20 24 89 50 114 178 125 87 145 174 191 154 107 37 137
split_gain=1.41482 0.725952 0.704133 0.426477 0.337741 0.326567 0.293492 0.283156 0.281935 0.235824 0.207498 0.201122 0.0983273 0.0840652 0.07806 0.0437263 0.0199122 0.000724055 1.00105e-05 6.27499e-06 3.83886e-06
threshold=0.19450231258392425 -0.97253499544498367 0.99914613921214113 -0.57408369410784788 0.74171954437778609 0.38548426581236733 -0.82585457421852493 -0.21146905678260472 1.606174341299683 0.45209847752887961 -1.7871284688719256 0.2776773441345603 0.065483658676498746 1.2651764429463734 0.16208765662482075 3.143277555039993 1.0401150375350809 0.30974102476755699 0.25179790401311819 -1.1238511705852958 1.0839010318349669
decision_type=2 2 2 2 2 2 2 2 2 2 2 2 2 2 2 2 2 2 2 2 2
left_child=1 8 5 4 -4 9 11 -7 12 -3 -8 14 -1 -14 20 19 -13 -5 -18 -12 -2
right_child=6 2 3 17 -6 7 10 -9 -10 -11 15 16 13 -15 -16 -17 18 -19 -20 -21 -22
leaf_value=-0.027665389430127103 0.0669537654722097 0.046545135847739158 -0.0076539440143053097 -0.054252033223891521 0.058951289036113186 -0.054916394544392261 0.067425861219552893 0.046416650014262914 -0.068429914125776189 -0.04663128505744138 -0.068232486431058684 -0.0050572547378692143 0.063367339463439573 0.0053529984853056805 -0.015249712383179218 0.030723472646697093 -0.068729466937796135 -0.067318812948320525 -0.067082278371691909 -0.066859559746559646 0.067596593913587757
leaf_weight=0.1336244747508325 0.19706550845876325 0.83146964584011562 1.050377198494971 0.047901261597871669 2.7664843159727752 2.7611956705804914 0.12166238762438331 0.30634948308579657 0.18808953382540483 0.40341950801666826 0.033632505685091796 0.062783596105873585 3.7703171162866056 0.26749385660514224 0.16560831270180643 0.046552441781386622 0.043668795377016068 0.36970036721322685 0.23785678308922797 3.2724806995829558 0.17575032962486148
leaf_count=20 35 82 82 13 271 407 8 29 21 45 1 4 582 24 39 7 1 74 69 1461 10
internal_value=0.00148554 0.0181302 0.00117554 0.0301247 0.0406219 -0.0273162 -0.0477808 -0.0447965 0.0513311 0.0161058 -0.060863 0.00370905 0.0567311 0.059524 0.0418795 -0.0655184 -0.0559811 -0.06582 -0.0673378 -0.0668735 0.0672568
internal_weight=17.2535 12.8964 8.5369 4.23446 3.81686 4.30243 4.35706 3.06755 4.35952 1.23489 3.47433 0.882733 4.17144 4.03781 0.538424 3.35267 0.344309 0.417602 0.281526 3.30611 0.372816
internal_count=3285 1650 1003 440 353 563 1635 436 647 127 1477 158 626 606 84 1469 74 87 70 1462 45
is_linear=0
shrinkage=0.1


Tree=140
num_leaves=22
num_cat=0
split_feature=3 47 71 71 7 125 76 145 186 24 11 24 7 119 7 8 192 136 11 89 72
split_gain=1.62385 0.565429 0.435582 0.429775 0.399519 0.382753 0.269889 0.246173 0.239665 0.205115 0.180517 0.122389 0.105879 0.0856784 0.0565579 0.0228836 0.0239818 0.0152525 0.00322891 1.74912e-05 1.05356e-05
threshold=1.2125974755194091 1.3060012062747537 0.71470248831613647 0.43493008115120074 -0.41536479469823745 0.62426305588462405 2.7484983806274803 -0.26076534464855572 1.7039352340583245 -0.36961167841907611 -0.48055263479395477 -0.57020068120972367 -0.97028347007809768 1.6162820292702578 -1.3626662510518261 1.0449634765846461 1.868854783597615 1.3351984589722601 -0.32395636198825184 1.3117419901076894 2.2961499676845136
decision_type=2 2 2 2 2 2 2 2 2 2 2 2 2 2 2 2 2 2 2 2 2
left_child=3 2 6 4 5 9 7 -2 -8 -1 13 -7 -3 -4 -5 16 -6 19 20 -14 -16
right_child=1 12 10 14 15 11 8 -9 -10 -11 -12 -13 17 -15 18 -17 -18 -19 -20 -21 -22
leaf_value=0.060867222788109035 -0.027680777809404984 0.036526823586639265 -0.067196767576014518 0.016824958985010924 -0.06703651362971412 0.067588408158247112 -0.066786483349374898 0.055559019369282064 0.066936565901736078 -0.038860078846566254 0.053515287822289218 -0.061399649113793336 -0.067207059257271315 0.023122863304835824 -0.066863994402407562 0.0072637828011911133 0.0078466319251088903 -0.033717084008894276 -0.038174143618211677 -0.068327180315715219 -0.067940881129776462
leaf_weight=1.1553583374479783 0.37753195804543782 0.13152902876026928 0.60121975280344486 0.083569775219074827 1.0345756853930659 0.083143800962716452 0.38349326467141498 6.0294504447374475 0.20603367709554732 0.2510519733186819 0.21154837193898846 0.63818860030733027 0.41246079606935371 0.12725970498286188 2.9954799311235552 0.047104307333938666 0.044611697667278238 0.16904492245521396 0.039641391835176676 0.21058505866676569 0.093690706882625707
leaf_count=90 32 21 104 11 422 8 18 847 38 62 29 146 59 13 1303 15 7 27 19 8 6
internal_value=-0.00031603 0.0274914 0.0361093 -0.0384173 -0.0128024 0.0126907 0.0446964 0.0506541 -0.0200516 0.0430654 -0.0278038 -0.0465319 -0.0465606 -0.0514186 -0.0643642 -0.060963 -0.063941 -0.0603576 -0.0665327 -0.0675857 -0.0668967
internal_weight=15.3266 8.86016 7.93654 6.46642 3.25403 2.12774 6.99651 6.40698 0.589527 1.40641 0.940028 0.721332 0.92362 0.728479 3.21238 1.12629 1.07919 0.792091 3.12881 0.623046 3.08917
internal_count=3285 1196 1081 2089 750 306 935 879 56 152 146 154 115 117 1339 444 429 94 1328 67 1309
is_linear=0
shrinkage=0.1


Tree=141
num_leaves=25
num_cat=0
split_feature=119 33 162 6 135 7 65 195 107 65 162 87 63 90 123 2 51 72 49 26 86 21 184 134
split_gain=1.26135 0.790861 0.450431 0.450463 0.397683 0.288417 0.304365 0.220404 0.207551 0.162467 0.155083 0.153362 0.154842 0.14115 0.0903391 0.0630544 0.053425 0.0529153 0.0374428 0.0245354 0.0215589 0.0133989 0.00365248 6.88178e-07
threshold=0.4768439997190046 0.083085630968432841 0.76983163209898486 1.0525667373967043 -0.83818050473673622 -0.34180890514393819 1.1476035892255132 -0.7339517810227012 1.0303583576212234 1.3554605641213333 1.0000000180025095e-35 1.1219968831034712 1.414255062059848 1.4490358606078237 3.4153283342064067 0.4173399812932827 -1.3457900634093887 1.0635247852834036 0.95807360693840804 -0.32012005230817686 0.19027443092639992 -0.17850256204771217 0.46820564076909732 0.251342474955561
decision_type=2 2 2 2 2 2 2 2 2 2 2 2 2 2 2 2 2 2 2 2 2 2 2 2
left_child=1 4 11 8 17 21 -7 -3 -4 15 -11 14 23 16 22 -9 -5 19 -10 -1 -15 -6 -2 -13
right_child=2 7 3 13 5 6 -8 9 18 10 -12 12 -14 20 -16 -17 -18 -19 -20 -21 -22 -23 -24 -25
leaf_value=0.00027857977418706118 -0.040617917615828079 -0.046276321291323384 0.059322235036166154 -0.0085742023074884457 -0.067019380757596891 0.048296506111534659 -0.057291531308533622 0.014599557921937505 -0.065129505082059544 -0.067373279896295504 0.063750930011547607 -0.066831973052517146 0.045770762725721198 0.0023121692255628386 0.002120382548133278 0.064866768983525711 0.065058413388148009 0.027839372808044202 0.011878320669841746 -0.066453657772146998 -0.066985184747507392 -0.020244314431465342 -0.067160715567586557 -0.067222818942883567
leaf_weight=0.058065667748451344 0.052691328106450164 0.22089368221350003 0.16879295557737384 0.11044786975253362 0.37451601808425039 1.5642877495847622 0.3307185872690751 0.26666251360438753 0.97989664564374812 0.199296767823398 0.16477101133204997 0.1516727409325539 0.28006328886840492 0.077315685688517877 0.20232568588107813 3.8870913739083335 0.91381273046135891 0.067899275803938397 0.067487699794583023 1.0773742595920339 0.10706169682089239 0.073212535236962473 3.2223086707526818 0.06408332847058773
leaf_count=9 23 24 35 7 108 163 26 51 341 23 26 54 29 14 26 811 151 8 14 329 28 13 961 11
internal_value=-0.00122736 0.0245296 -0.0345803 -0.000616106 -0.0111867 0.0128142 0.0298692 0.0512567 -0.0435836 0.0560255 -0.00802865 -0.0553087 -0.0032789 0.0426194 -0.0627274 0.0616397 0.0571185 -0.057913 -0.0601675 -0.063041 -0.0379265 -0.0593707 -0.0667337 -0.0669481
internal_weight=14.6827 8.28479 6.39796 2.42482 3.54607 2.34273 1.89501 4.73872 1.21618 4.51782 0.364068 3.97315 0.495819 1.20864 3.47733 4.15375 1.02426 1.20334 1.04738 1.13544 0.184377 0.447729 3.275 0.215756
internal_count=3285 1591 1694 590 656 310 189 935 390 911 49 1104 94 200 1010 862 158 346 355 338 42 121 984 65
is_linear=0
shrinkage=0.1


Tree=142
num_leaves=24
num_cat=0
split_feature=162 168 20 35 192 20 145 158 20 114 178 7 65 195 145 39 191 141 199 1 101 37 137
split_gain=1.25039 0.654863 0.551446 0.525195 0.316584 0.259883 0.247228 0.192147 0.263514 0.185398 0.177199 0.157059 0.150664 0.0989017 0.0711185 0.0548628 0.0186194 0.0143794 0.000281142 9.35449e-06 7.59043e-06 5.06288e-06 2.55841e-06
threshold=0.19450231258392425 0.39841840820467839 -0.79736367449433898 -0.64028909914408472 0.5353691937879288 -0.82585457421852493 0.92713742935690402 1.0548419804308167 -0.76889046423593377 -1.7871284688719256 0.2776773441345603 -1.1671135917578999 1.1013895252268819 0.67178855947689264 0.16208765662482075 -1.2333412936785786 1.0401150375350809 -0.18849984572394704 0.22525548159969103 0.34104669899740009 1.1484426088070834 -1.093434802698223 1.0839010318349669
decision_type=2 2 2 2 2 2 2 2 2 2 2 2 2 2 2 2 2 2 2 2 2 2 2
left_child=1 2 6 11 -5 10 13 17 20 -7 14 -4 -8 -1 22 -11 -12 -3 -19 -18 -9 -17 -2
right_child=5 7 3 4 -6 9 12 8 -10 15 16 -13 -14 -15 -16 21 19 18 -20 -21 -22 -23 -24
leaf_value=0.065184108938904306 0.066923751885803628 0.035274580182095415 -0.047167670499682943 0.0031661644921653072 -0.052933840868975318 0.067357023145278819 -0.067674267930030049 0.066920212818559241 -0.048544398668993766 0.067421136816296884 -0.0049669355189780424 0.053189337317841007 0.038264030107890083 -0.011520015228286169 -0.014605468595690252 -0.068030423243852889 -0.06866250047188964 0.061671977331788835 0.06738587510108876 -0.067034183259588487 0.067839898001416515 -0.066839803832215328 0.067481390296972921
leaf_weight=1.7615441463422015 0.1753984221722934 0.14903427637182254 0.18033575965091575 1.596151718171315 2.7202855077339336 0.10891443351283747 0.28986819204874326 0.2566762869246304 0.39158383093308646 0.030745394527912917 0.059046186506748199 1.1529442078899572 0.25005557877011597 0.18583291210234154 0.15675277321133763 0.036157575203107029 0.042333628982305527 0.089094793656840365 2.5715297251008451 0.21177832328248769 0.13798265205696225 2.9184710158733642 0.15496308915317059
leaf_count=273 35 21 7 151 462 8 25 57 32 2 4 151 20 21 39 2 1 20 402 69 8 1465 10
internal_value=0.00143759 0.0177345 0.00202927 -0.0152438 -0.0321889 -0.0476591 0.0412638 0.0532731 0.00957511 -0.0607961 0.00313593 0.0396153 -0.0186109 0.0578644 0.0408651 -0.0654715 -0.0555515 0.0655014 0.0671945 -0.0673055 0.0672418 -0.0668544 0.0671853
internal_weight=15.6275 11.7329 8.13702 5.64972 4.31644 3.89456 2.4873 3.5959 0.786243 3.09429 0.800272 1.33328 0.539924 1.94738 0.487114 2.98537 0.313158 2.80966 2.66062 0.254112 0.394659 2.95463 0.330362
internal_count=3285 1650 1110 771 613 1635 339 540 97 1477 158 158 45 294 84 1469 74 443 422 70 65 1467 45
is_linear=0
shrinkage=0.1


Tree=143
num_leaves=25
num_cat=0
split_feature=44 6 24 7 90 167 20 71 137 185 145 117 48 198 119 162 119 7 165 170 15 30 65 190
split_gain=1.44907 0.481498 0.470468 0.497735 0.4202 0.341604 0.349919 0.209372 0.25712 0.144737 0.0870926 0.0828722 0.107876 0.0563023 0.0498513 0.0483522 0.0457467 0.036941 0.0131857 0.0043668 0.000680613 1.54435e-05 1.67235e-06 7.1117e-09
threshold=1.1370776116198378 0.92036702003273374 -0.57960336347588448 -0.73305870364399939 1.6458578935797232 0.012840222366094918 -0.84176831786887463 0.4430465272381951 1.1601016100542028 0.4600987419043579 -0.23025079714227847 -0.88829052762077942 1.1125113297916385 0.39178983484403607 1.8439517987656744 1.0000000180025095e-35 0.16661278146608785 0.10918251365803748 -0.1557936916707072 4.0244576570668587 -0.13495531269424985 0.58866247400877636 1.7867226021699658 -0.048768455595076601
decision_type=2 2 2 2 2 2 2 2 2 2 2 2 2 2 2 2 2 2 2 2 2 2 2 2
left_child=2 10 9 5 7 6 -4 8 -3 17 -2 12 -5 -9 -13 -7 -12 -1 22 -18 -11 -22 -6 -19
right_child=1 4 3 11 18 15 -8 13 -10 20 16 14 -14 -15 -16 -17 19 23 -20 -21 21 -23 -24 -25
leaf_value=0.050913658614114898 0.002000670202332354 0.049265794620909791 -0.066839160988361526 0.066348342834554166 0.066926892703402338 -0.067161249055105732 0.044399692926792932 0.041621770613908128 -0.040394222005286466 0.05866449227629409 0.0046670292120702776 -0.065990514503356787 -0.066934143614868755 -0.067207594975348672 0.025926741656043729 -0.0070329202808797958 0.066641702822876459 -0.066783053552881666 0.024769574984224194 0.047681995135146323 0.068381133745729877 0.067070999634227843 0.067269689546267317 -0.066731774357161378
leaf_weight=0.033969852840527781 0.24759239819832179 0.64855101576540686 0.35741312452591967 0.11438289389479894 0.59453039290383458 0.70561191020533431 1.3542952962452546 0.050775588257238158 0.63106529391370714 0.10920230997726321 0.12700749922078136 3.7528812539530922 0.12945479550398886 0.74535798712167889 0.059946610825136193 0.16501519957091659 3.0247421135427435 0.039742507506161928 0.081621521152555832 0.12656146008521307 0.11775128799490631 0.38140428205952048 0.18710419069975615 0.084651984507218003
leaf_count=6 20 60 147 6 132 188 112 5 50 20 31 1489 47 169 9 30 556 20 16 23 10 57 22 60
internal_value=-0.000320453 0.0342734 -0.0305196 -0.039085 0.00438171 -0.0047667 0.0211725 -0.0200026 0.00504838 0.043648 0.0591896 -0.0609309 -0.00441208 -0.0602667 -0.0645454 -0.0557648 0.0635087 -0.0415092 0.0630152 0.0658803 0.0658156 0.0673801 0.0670089 -0.0667482
internal_weight=13.8706 6.46491 7.40572 6.639 2.93901 2.58234 1.71171 2.07575 1.27962 0.766722 3.5259 4.05667 0.243838 0.796134 3.81283 0.870627 3.27831 0.158364 0.863256 3.1513 0.608358 0.499156 0.781635 0.124394
internal_count=3285 1084 2201 2028 454 477 259 284 110 173 630 1551 53 174 1498 218 610 86 170 579 87 67 154 80
is_linear=0
shrinkage=0.1


Tree=144
num_leaves=24
num_cat=0
split_feature=92 119 65 194 7 6 31 83 160 7 140 117 119 49 151 167 86 40 19 3 29 134 194
split_gain=1.12936 0.7394 0.567675 0.401953 0.29108 0.241941 0.228825 0.184362 0.161806 0.15929 0.108952 0.0849703 0.0736358 0.0506798 0.0529874 0.0376522 0.0365648 0.0268824 0.0206377 0.0200528 0.00793387 5.40624e-05 5.73085e-07
threshold=-0.75205243603882888 0.4768439997190046 1.3828680700003806 0.43725313758732715 0.092286233010881832 1.003203950086571 -0.89922037144793576 1.035717935052161 -0.46488048361001511 -1.0000000180025095e-35 -0.028901458731373088 -0.3209087778522815 0.7634119165521035 0.66613598813897623 1.0053396619968356 -0.034508559377684815 -0.025905872922984262 1.0242904004056708 0.54832682210927197 0.26691621626096468 0.28636905644026228 0.74113635895881713 -0.21336113032011983
decision_type=2 2 2 2 2 2 2 2 2 2 2 2 2 2 2 2 2 2 2 2 2 2 2
left_child=4 2 6 9 13 12 17 16 -7 18 -8 -4 -5 19 -15 -9 22 -2 -3 -1 -21 -13 -6
right_child=1 3 11 5 7 8 10 15 -10 -11 -12 21 -14 14 -16 -17 -18 -19 -20 20 -22 -23 -24
leaf_value=-0.02059949544651429 -0.0010369237289853631 -0.066593280220768603 0.0061078228346416776 0.014725189553891349 -0.067160883550146655 -0.067142139227919881 0.0082326606306638295 0.0077827262927694808 0.051419381257361688 0.047358479022321126 0.061526407387552787 -0.067377928902347825 -0.064797261622625307 -0.062655033869925922 0.03642247000035833 0.065391765652146008 0.005257608251904306 -0.067182370740019579 -0.032021009927043598 -0.066353490515745392 -0.046120280417802674 -0.069650748192611953 -0.066869043869184921
leaf_weight=0.10631867602933409 0.10327178612351318 1.3633974686963481 0.22839920688420534 0.16775284660980094 0.12769379559904337 0.12830924033187319 0.42060672712977876 0.17428805457893759 1.1188617433654142 0.14499375724699382 4.3603707286529243 0.31888921430800099 0.38068859383929521 0.10774258000310499 0.10817315883468837 0.32502066972665489 0.094541397411376127 0.15169340278953314 0.1977028710534795 2.5972257455578078 0.20942799746990193 0.15578272752463818 0.14223740063607693
leaf_count=25 16 382 35 29 19 30 52 31 190 30 945 59 107 27 14 22 17 28 53 1092 38 3 41
internal_value=-0.00113441 0.0180682 0.0401639 -0.0181449 -0.0455772 0.0148801 0.0519153 0.0058115 0.0392217 -0.0529028 0.0568379 -0.044009 -0.0404736 -0.0597639 -0.0130175 0.0452828 -0.0482622 -0.0403906 -0.0622149 -0.0632289 -0.0648437 -0.0681238 -0.0670071
internal_weight=13.2334 9.24072 5.73901 3.50171 3.99267 1.79561 5.03594 0.863781 1.24717 1.70609 4.78098 0.703071 0.548441 3.12889 0.215916 0.499309 0.364473 0.254965 1.5611 2.91297 2.80665 0.474672 0.269931
internal_count=3285 1959 1138 821 1326 356 1041 130 220 465 997 97 136 1196 41 53 77 44 435 1155 1130 62 60
is_linear=0
shrinkage=0.1


Tree=145
num_leaves=25
num_cat=0
split_feature=39 198 25 20 161 9 156 74 135 6 144 57 162 29 3 86 44 140 60 35 105 117 162 78
split_gain=1.09537 0.749294 0.387223 0.416148 0.325007 0.306208 0.285401 0.232265 0.208513 0.222295 0.20037 0.137182 0.118077 0.112454 0.101654 0.0782309 0.0902015 0.0467995 0.0451557 0.0246244 0.0178428 0.00406326 0.000134118 3.23766e-05
threshold=-0.63417108094669827 0.78455809753775618 -0.580542332504704 -0.59818870176699479 0.3585812058125703 0.69101743923177184 2.1116670580893375 0.97443736201872133 -0.83818050473673622 0.88083911692097361 -0.022362149112503855 1.1455742167829095 1.0000000180025095e-35 -0.80615821649546737 1.6230222017785705 1.2243954934982115 0.66648802012489716 0.19687069843081337 -0.18849785399824506 -0.38614247131654367 1.1021820919765903 -0.035711619255092496 0.19450231258392425 0.48582965772064746
decision_type=2 2 2 2 2 2 2 2 2 2 2 2 2 2 2 2 2 2 2 2 2 2 2 2
left_child=4 2 3 7 8 15 19 -2 14 10 -10 20 -11 -6 18 22 -17 -15 -1 -4 -7 -5 -3 -19
right_child=1 5 6 21 13 11 -8 -9 9 12 -12 -13 -14 17 -16 16 -18 23 -20 -21 -22 -23 -24 -25
leaf_value=0.013859303990563371 0.068328923080456919 0.067512097445637617 -0.049018220897299208 -0.066900548101581928 0.044003478121497727 0.0028149075352035969 0.025839710813037615 -0.049988265265937394 0.026042666150492735 0.064641343902102008 -0.061998606903356762 0.064127777091343485 -0.0031913285914226923 0.012512182690148688 -0.031942495916256787 0.065554642798599017 -0.06740531292563913 -0.068827554509305194 0.064930546815276935 -0.066929324353498312 -0.067145272139878462 -0.029515465071602211 0.064311768586422333 -0.067049468104668566
leaf_weight=0.18446128303185183 0.766346629941836 1.0078678561840204 1.0168197543825948 0.53766274999361485 0.14964576484635472 0.040477154543623217 0.40068749466445286 0.2117631285218522 0.54303436016198248 0.94597611646167912 0.49334627529606245 0.1134812724776566 0.352146111195907 0.087276563863269874 0.12033616297412653 0.10341941076330829 0.10071143676759675 0.16488641081377864 2.8170498065883294 3.1314138125162585 0.36690856085624546 0.030734074767677866 0.15050179208628822 0.27024971880018711
leaf_count=30 42 131 142 265 21 8 32 96 74 143 28 21 56 19 11 20 24 5 532 1382 97 18 16 72
internal_value=0.00139723 -0.0230239 -0.0400581 0.00316902 0.033192 0.0321066 -0.0547542 0.042713 0.0412741 0.0186681 -0.0158675 -0.0331081 0.0462401 -0.0324256 0.0581788 0.0570374 -4.34201e-05 -0.0543188 0.0617919 -0.0625389 -0.0601941 -0.0648791 0.0670963 -0.0677232
internal_weight=14.1072 7.9788 6.09543 1.54651 6.12841 1.88337 4.54892 0.97811 5.45635 2.3345 1.03638 0.520867 1.29812 0.672058 3.12185 1.3625 0.204131 0.522413 3.00151 4.14823 0.407386 0.568397 1.15837 0.435136
internal_count=3285 2294 1977 421 991 317 1556 138 874 301 102 126 199 117 573 191 44 96 562 1524 105 283 147 77
is_linear=0
shrinkage=0.1


Tree=146
num_leaves=21
num_cat=0
split_feature=184 7 11 125 71 73 1 48 24 12 143 71 163 154 136 6 136 70 170 89
split_gain=1.27579 0.575561 0.652662 0.482595 0.340932 0.339991 0.31278 0.24919 0.185456 0.0997256 0.097063 0.0648628 0.056902 0.0472913 0.0271784 0.0193802 0.00944293 1.1852e-07 9.07451e-09 3.29113e-09
threshold=1.3303139683110952 -0.44710255505299407 -0.72218880199875513 0.97884563181252748 0.85684398194528977 2.3430577854852404 1.7208019422244989 1.4769679445412993 -0.59320389527024764 -0.27304907853528632 -0.32385083351039984 0.84669755413098102 1.4570767121210457 2.5051407365170539 1.5728752386314062 0.60836839977443868 1.8194260019772346 -0.60327559822667365 4.5857149891761511 0.34166160588113215
decision_type=2 2 2 2 2 2 2 2 2 2 2 2 2 2 2 2 2 2 2 2
left_child=1 2 12 4 -4 7 -7 10 9 19 -2 -12 16 14 -10 -5 -1 -8 -19 -3
right_child=5 8 3 15 -6 6 17 -9 13 -11 11 -13 -14 -15 -16 -17 -18 18 -20 -21
leaf_value=-0.06691240946438605 -0.027971120095834957 -0.066722253037265603 0.056972258545927523 -0.014759520816665428 -0.067092604108534862 -0.064600427404421373 0.066976422631790156 -0.035771222824183241 -0.06687930695873362 0.067725171458021607 0.064215687036351193 -0.010098961551282386 0.039392240322553944 -0.0050540544428923674 0.0021306281781938354 -0.067140997610334194 -0.019514372166592985 0.066820611352129453 0.066867355451265834 -0.066765370087742318
leaf_weight=1.181974454084411 0.12485587922856245 0.054081090027466416 2.1487548102159062 0.083062626305036136 0.24695472058374424 0.52844077721238125 0.10760839260183275 0.30170340905897308 2.9667931910953493 0.17569485446438227 3.4860406568041076 0.12154316075611848 0.054291335865855106 0.13497751054819662 0.058188313851132878 0.47197540441993624 0.043582432321272679 0.091129082255065441 0.076306067872792482 0.026317934272810817
leaf_count=499 8 45 225 16 74 34 20 38 1374 23 700 28 5 19 10 93 14 28 18 14
internal_value=-0.000376388 -0.025803 -0.00114993 0.0247177 0.0441834 0.0398145 -0.0195879 0.0516458 -0.0563346 0.0255118 0.0587119 0.061712 -0.0607889 -0.0629677 -0.0655518 -0.059302 -0.0652269 0.0668945 0.0668419 -0.0667364
internal_weight=12.4843 7.64665 4.2306 2.95075 2.39571 4.83763 0.803484 4.03414 3.41605 0.256094 3.73244 3.60758 1.27985 3.15996 3.02498 0.555038 1.22556 0.275044 0.167435 0.080399
internal_count=3285 2411 926 408 299 874 100 774 1485 82 736 728 518 1403 1384 109 513 66 46 59
is_linear=0
shrinkage=0.1


Tree=147
num_leaves=26
num_cat=0
split_feature=7 33 160 160 35 119 115 120 12 51 51 185 81 29 125 50 19 32 119 27 55 20 81 185 174
split_gain=0.996027 0.469395 0.449539 0.294823 0.280019 0.237474 0.181946 0.170593 0.158092 0.156747 0.156444 0.13047 0.11712 0.104268 0.103806 0.0950222 0.0901755 0.0676963 0.0588504 0.00649311 0.00262773 0.000911533 2.02773e-05 4.10126e-06 2.79531e-07
threshold=-0.26992054482321959 0.59197561510037799 -0.46488048361001511 -0.46488048361001511 -0.24221978852180739 0.13069385153301591 0.037019748857161409 1.5061572753449133 -1.6259588390654673 1.6103888333561478 -0.95269848624547926 0.34999968983474278 0.15295732946298221 0.56335140450313437 0.56764833944027349 -0.10964360203909207 0.54832682210927197 0.43313382671375544 0.37598166183781206 0.61429304524986927 0.38256429127022767 -0.62885578445578327 2.3210223760787119 1.0345824417266953 0.88518391507375627
decision_type=2 2 2 2 2 2 2 2 2 2 2 2 2 2 2 2 2 2 2 2 2 2 2 2 2
left_child=1 11 6 23 5 12 15 8 -6 10 -5 -1 -4 16 -7 17 -13 -2 -15 -9 -8 -11 -22 -3 -25
right_child=2 3 4 9 7 14 20 19 -10 21 -12 13 -14 18 -16 -17 -18 -19 -20 -21 22 -23 -24 24 -26
leaf_value=0.02436270882266614 0.031579460215130403 -0.067553974711883361 -0.055662909680899278 -0.033788641880158975 -0.067467367689363539 0.033790309595169717 -0.042442076380279484 -0.06692809559213235 0.062930799724430317 -0.050859649983195379 0.060576832290181584 -0.065832083493135268 0.060834081690449182 0.062155161117724428 -0.065576251348983608 0.049077867852007774 -0.023341128242130374 -0.067247301835839463 -0.035558786590935108 -0.023418208279026562 -0.067026035356177849 -0.067011257142808187 -0.068823288301119862 -0.066764644485488342 -0.066983770107059262
leaf_weight=0.22382971679326136 0.11196272086817771 0.11794482590630639 0.10244481777772285 0.21141332562547166 0.095616098376922198 0.13420449977274984 0.046144937630742788 0.092162167187780031 3.3661669889697814 0.052709761657752097 1.0395547627704216 2.9379969575675213 0.54753623134456575 0.11188041069544841 0.48535008612088859 0.32128539728000738 0.60175084474030871 0.18195988424122334 0.13724775379523635 0.054629222606308758 0.49808797403238714 0.10365409334190179 0.071828550542704761 0.16646579385269433 0.089524711831472814
leaf_count=37 14 10 25 44 11 19 16 29 886 15 208 1274 62 19 64 24 156 29 26 19 144 33 6 94 21
internal_value=-0.00115744 -0.0308612 0.0270128 0.0118592 0.0406409 0.000247224 -0.0269798 0.0548519 0.0593291 0.03283 0.0446291 -0.0498251 0.0424728 -0.0542077 -0.044052 0.0114878 -0.0586087 -0.0296016 0.00832335 -0.0507357 -0.0653942 -0.0615666 -0.0672525 -0.0670661 -0.0668413
internal_weight=11.9034 5.79397 6.10938 1.78127 4.87811 1.26954 1.23127 3.60857 3.46178 1.40733 1.25097 4.01271 0.649981 3.78888 0.619555 0.615208 3.53975 0.293923 0.249128 0.146791 0.616061 0.156364 0.569917 0.373935 0.255991
internal_count=3285 1937 1348 425 1115 170 233 945 897 300 252 1512 87 1475 83 67 1430 43 45 48 166 48 150 125 115
is_linear=0
shrinkage=0.1


Tree=148
num_leaves=21
num_cat=0
split_feature=162 24 192 111 167 110 80 20 7 114 131 76 86 39 106 20 42 37 38 109
split_gain=0.98641 0.534532 0.455024 0.396355 0.337042 0.269682 0.268155 0.214167 0.152521 0.148992 0.139932 0.120604 0.0898473 0.0421701 0.0145454 9.09395e-06 7.5351e-06 5.61144e-06 2.06386e-06 3.53059e-07
threshold=0.19450231258392425 -0.5389893846754602 0.56589539787632415 1.2266958938795969 0.53778313588324289 0.40381647529756964 0.017255013440076388 -0.82585457421852493 -1.4120200272801771 -1.7871284688719256 0.57487064025924262 0.17625224921236513 0.62459292665123523 -1.2333412936785786 1.3835280000517653 -0.43367581799113969 0.76262516853026929 -1.1238511705852958 1.26046344855296 1.1466310230550445
decision_type=2 2 2 2 2 2 2 2 2 2 2 2 2 2 2 2 2 2 2 2
left_child=1 11 5 4 -4 6 -3 10 -5 -9 19 -1 -12 -11 -7 -13 -14 -15 -17 -2
right_child=7 2 3 8 -6 14 -8 9 -10 13 12 15 16 17 -16 18 -18 -19 -20 -21
leaf_value=0.038416194485497331 0.066862703439547297 0.049074826450508341 -0.040818553874989859 -0.051082241812452557 0.052898479689455824 0.065981440804997252 -0.0491947610956966 0.067224843928178374 0.046170233248010145 0.067245249995946443 0.027986698492164303 -0.067687908351923579 -0.068098111298011785 -0.068147342415753195 0.031217035705210179 -0.066820882708265569 -0.066827884309141855 -0.066811653169997154 -0.067492081325581377 0.067114119224061838
leaf_weight=0.12459605082403769 0.12905842182226512 0.65531615854706415 2.0405636858195071 0.1777226582635193 0.47263205517083395 2.9054856303846468 0.48186762689147145 0.087686485610903087 1.7409599827369673 0.023694198578596892 0.16167565528303385 0.17122889100573957 0.061294738203287125 0.031883198767901688 0.12555377651005972 0.6162436509039253 0.19614821969298646 2.3315222742967299 0.049490968696773052 0.098472828045487404
leaf_count=15 33 92 267 25 91 564 58 8 232 2 12 13 2 1 20 270 100 1466 3 11
internal_value=0.00140294 0.017337 0.025243 0.00293571 -0.0231941 0.0489613 0.0074343 -0.0474067 0.037162 -0.0607962 0.00383616 -0.0533735 -0.0304388 -0.0654989 0.0645414 -0.067038 -0.0671303 -0.0668297 -0.0668708 0.0669715
internal_weight=12.6831 9.56166 8.6001 4.43188 2.5132 4.16822 1.13718 3.12144 1.91868 2.47479 0.64665 0.96156 0.419119 2.3871 3.03104 0.836964 0.257443 2.36341 0.665735 0.227531
internal_count=3285 1650 1349 615 358 734 150 1635 257 1477 158 301 114 1469 584 286 102 1467 273 44
is_linear=0
shrinkage=0.1


Tree=149
num_leaves=25
num_cat=0
split_feature=44 24 7 6 90 6 1 186 71 137 117 7 68 11 198 106 136 7 165 192 69 121 11 60
split_gain=1.12476 0.390702 0.409824 0.38006 0.332934 0.253117 0.304282 0.17098 0.167631 0.198565 0.0893293 0.0843898 0.0726863 0.0578205 0.0570972 0.0530972 0.0293711 0.0155099 0.0121458 0.00631674 1.16267e-05 9.01216e-07 8.09053e-08 2.35851e-09
threshold=1.1370776116198378 -0.57091220090985872 -0.79502911626206663 0.92036702003273374 1.6458578935797232 0.72671041889483246 1.2934559429649757 0.42100045709852801 0.4430465272381951 1.1601016100542028 -0.88829052762077942 -0.45560041929565737 -1.0933637363761826 -0.78537665412787905 0.37381162418111874 1.6905609041162655 0.23608935983563287 -0.19969483944951696 -0.066281630760415641 0.65937791676851421 -0.95043797672006824 1.4729860364487803 -0.32866634046318272 0.50250716237945048
decision_type=2 2 2 2 2 2 2 2 2 2 2 2 2 2 2 2 2 2 2 2 2 2 2 2
left_child=1 7 5 12 8 13 -7 22 9 -5 11 -4 -2 -3 -10 -12 -14 20 21 -18 -9 -6 -1 -24
right_child=3 2 10 4 18 6 -8 17 14 -11 15 -13 16 -15 -16 -17 19 -19 -20 -21 -22 -23 23 -25
leaf_value=-0.066899201152082644 0.0059623572979392286 -0.0053075238747039254 0.066418473490770416 0.04790653820422025 0.067115880116578708 -0.063406478625860338 0.042824652450761419 0.068290311938127776 0.067533956565074216 -0.038480303710006214 -0.066366286487304402 -0.061866604490886226 0.0046513395929300202 0.063832243522105175 -0.067094440206848557 0.042028136437894804 0.043651402069219733 0.026297358884475677 0.022045977570595971 0.066466526754136404 0.067053273432989266 0.066861563557165479 -0.066715458801428443 -0.066753458452692954
leaf_weight=0.037044520257040858 0.24125634890515391 0.15897181071341038 0.10425752447918057 0.53287435730453603 0.20869955676607788 0.83803883561631642 0.39753758598817512 0.093271139077842236 0.033235205337405094 0.53143388242460787 3.0949498720001438 0.10091211000690226 0.082491458160803055 0.50579657335765649 0.60414782998850569 0.045861279359087237 0.12790014594793353 0.11308821634156629 0.066639458760619052 2.3703178110299632 0.40979191474616528 0.41927908908110112 0.070911341928876825 0.021221539471298456
leaf_count=11 29 28 6 60 31 279 62 5 2 50 1519 47 31 49 172 5 20 38 15 550 71 124 67 14
internal_value=-0.000358278 -0.0299193 -0.0395442 0.0335839 0.00429736 -0.00245761 -0.0292274 0.0378297 -0.0195171 0.00477158 -0.0606074 0.00332182 0.0584529 0.0472983 -0.0600745 -0.0647835 0.0633599 0.0597602 0.0626385 0.0652985 0.0672826 0.0669461 -0.0667744 -0.0667242
internal_weight=11.2099 5.99165 5.24633 5.21828 2.39631 1.90034 1.23558 0.745329 1.70169 1.06431 3.34598 0.20517 2.82197 0.664768 0.637383 3.14081 2.58071 0.616151 0.694618 2.49822 0.503063 0.627979 0.129177 0.0921329
internal_count=3285 2201 1995 1084 454 418 341 206 284 110 1577 53 630 77 174 1524 601 114 170 570 76 155 92 81
is_linear=0
shrinkage=0.1


Tree=150
num_leaves=25
num_cat=0
split_feature=119 29 48 162 123 65 87 186 6 170 162 50 119 114 3 119 170 6 7 37 87 13 154 7
split_gain=0.892916 0.555276 0.323229 0.29907 0.258967 0.217465 0.213473 0.174879 0.155565 0.133686 0.129004 0.105207 0.0927367 0.0855289 0.0763874 0.0720493 0.0635561 0.0593457 0.0570721 0.0183993 0.012839 0.011439 6.16338e-06 1.63047e-08
threshold=0.4768439997190046 -0.34580824636010427 1.1916313052706722 0.76983163209898486 0.12234460210497092 1.3554605641213333 -0.17427381523619415 1.5306056449722785 0.4291277130964129 3.0842403339459241 1.0000000180025095e-35 -1.3486576742935126 0.13069385153301591 -1.4265064578285005 0.061865631746991646 0.89721076729883065 0.81327177999844247 1.4526354187916621 0.43316428807192592 -0.071511512556648546 1.508912614231537 -0.28444171371881327 0.14614284427402477 -0.60988455962312293
decision_type=2 2 2 2 2 2 2 2 2 2 2 2 2 2 2 2 2 2 2 2 2 2 2 2
left_child=1 4 9 17 14 8 16 11 -3 18 22 -5 -8 -10 -1 -11 -6 20 21 -16 -4 -2 -7 -9
right_child=2 5 3 7 6 10 12 23 13 15 -12 -13 -14 -15 19 -17 -18 -19 -20 -21 -22 -23 -24 -25
leaf_value=0.06004083491512692 -0.0059874660548553879 -0.040888129878497513 -0.066931861366394757 -0.067457078232580833 -0.067589523115798231 -0.068128880086628998 0.061781576837315028 -0.066737872836755321 -0.020983903883244864 0.058058406375494365 0.062766129731384304 0.064487296298038954 -0.016574210811475056 0.061990544427392894 -0.066399268819522267 -0.046885056446246687 0.021215352551351235 0.0008716391849767698 0.032658097900439761 -0.0079595634435025066 -0.011259333748824936 -0.06472316934171797 -0.067091407520304791 -0.066818160285116557
leaf_weight=0.053829804062843656 0.033599927206524494 0.16407028061803508 0.53511234605684854 0.065601685782894492 0.30990338092669845 0.089564475929364451 0.6323023064760489 0.10672517993953079 0.12916436512023333 0.15136679832357902 0.10964630672242492 0.76674231910146773 0.19845316174905747 3.2514559439150608 0.83428389305481698 0.11521952686598524 0.10891353257466108 0.19727429072372615 0.062651112559251376 0.057593790581449755 0.044899370055645704 2.5187265417771418 0.15876878472045064 0.033150768140330911
leaf_count=4 13 24 223 7 68 5 55 76 23 20 26 160 46 934 339 33 20 35 9 10 10 1094 37 14
internal_value=-0.00106908 0.0240714 -0.0341728 -0.000267215 -0.0161631 0.0467036 0.0137166 0.0367017 0.0542052 -0.0547581 -0.0275766 0.054088 0.0430637 0.0588203 -0.0556433 0.0127015 -0.0444958 -0.0465075 -0.0616354 -0.0626255 -0.0626222 -0.0639499 -0.0674656 -0.0667569
internal_weight=10.729 6.09795 4.63107 1.74951 2.19528 3.90267 1.24957 0.97222 3.54469 2.88156 0.35798 0.832344 0.830755 3.38062 0.945707 0.266586 0.418817 0.777286 2.61498 0.891878 0.580012 2.55233 0.248333 0.139876
internal_count=3285 1591 1694 525 542 1049 189 257 981 1169 68 167 101 957 353 53 88 268 1116 349 233 1107 42 90
is_linear=0
shrinkage=0.1


Tree=151
num_leaves=21
num_cat=0
split_feature=162 40 20 6 25 185 20 89 195 114 178 24 16 145 37 181 56 82 37 138
split_gain=0.8728 0.475325 0.481227 0.532502 0.269685 0.191547 0.188773 0.180829 0.146287 0.130786 0.126238 0.0896797 0.0627136 0.0381756 0.03694 0.0210033 0.00709578 4.03465e-06 3.74714e-06 9.32354e-07
threshold=0.19450231258392425 0.78330224812818894 -0.59133247851049531 0.81879669389833321 -0.57334217486383088 0.16938516659465946 -0.82585457421852493 1.606174341299683 1.1862174087682651 -1.7871284688719256 0.20268181525028647 -0.5399133374217201 0.41403167091602261 0.16208765662482075 -1.2716876795784644 0.55278461242098442 0.1063189454398917 0.62459646686402703 -1.1238511705852958 0.82943356550802128
decision_type=2 2 2 2 2 2 2 2 2 2 2 2 2 2 2 2 2 2 2 2
left_child=1 2 3 4 -1 -3 10 11 -5 -8 13 -7 -4 19 -11 17 -14 -12 -16 -2
right_child=6 5 12 8 -6 7 9 -9 -10 14 15 -13 16 -15 18 -17 -18 -19 -20 -21
leaf_value=0.048277647174485495 0.066839574344794039 -0.034401463495419803 0.060649339093296117 0.051489400914215992 -0.048029996127808977 -0.0085701807440669037 0.06715641323949359 -0.067924628415390195 -0.046138875990539806 0.067173084781132028 -0.067974196626700165 0.061739698905917809 -0.012957833376928608 -0.006327105274756651 -0.067961536532216538 -0.0021928338996972272 -0.066951009839246886 -0.066969740708763964 -0.066797620401482183 0.067246213510110536
leaf_weight=0.36719942290801544 0.11786051013041321 0.27486682939343188 0.040819194400682046 2.1934554286999632 1.3967712379526336 0.19362375885248262 0.077023229561746898 0.1198080371832474 0.16502805985510338 0.020780556369573655 0.058307365048676729 2.8758844773983583 0.024928934988565632 0.10338988993316889 0.028034979477525979 0.067635669722221792 1.0304399070446377 0.12728877243353054 2.0696497880853704 0.10810036212205887
leaf_count=46 34 18 4 325 153 18 8 18 21 2 3 657 6 30 1 19 384 62 1466 10
internal_value=0.00137032 0.0169798 -0.00208297 0.0135759 -0.027982 0.0456971 -0.047417 0.0526003 0.0446581 -0.060845 0.00318705 0.0573046 -0.0609716 0.0440045 -0.0654989 -0.0498998 -0.0656756 -0.0672853 -0.0668132 0.0670341
internal_weight=11.4609 8.68283 5.21864 4.12245 1.76397 3.46418 2.77807 3.18932 2.35848 2.19549 0.582583 3.06951 1.09619 0.329351 2.11847 0.253232 1.05537 0.185596 2.09768 0.225961
internal_count=3285 1650 939 545 199 711 1635 693 346 1477 158 675 394 74 1469 84 390 65 1467 44
is_linear=0
shrinkage=0.1


Tree=152
num_leaves=22
num_cat=0
split_feature=184 7 11 125 71 72 90 155 24 48 12 163 154 185 136 6 73 136 125 170 90
split_gain=0.996805 0.456851 0.511955 0.385434 0.268772 0.267853 0.289505 0.188307 0.155576 0.0971675 0.080287 0.0475818 0.0417118 0.0240422 0.0224303 0.0162458 0.0113349 0.00827921 9.96856e-08 1.14534e-08 2.50475e-09
threshold=1.3303139683110952 -0.45560041929565737 -0.72218880199875513 0.97884563181252748 0.85684398194528977 1.9935260606803156 1.6333157808067253 2.6202822003122912 -0.59320389527024764 1.4769679445412993 -0.27304907853528632 1.4570767121210457 2.5051407365170539 0.89140418935471388 1.5728752386314062 0.60836839977443868 2.4603216159182537 1.8194260019772346 0.41854288596012751 4.5857149891761511 0.36650314399496936
decision_type=2 2 2 2 2 2 2 2 2 2 2 2 2 2 2 2 2 2 2 2 2
left_child=1 2 11 4 -4 7 16 9 10 13 20 17 14 -2 -10 -5 -7 -1 19 -8 -3
right_child=5 8 3 15 -6 6 18 -9 12 -11 -12 -13 -14 -15 -16 -17 -18 -19 -20 -21 -22
leaf_value=-0.066865320643303416 0.0080793863450924451 -0.066710386694862969 0.055952937559628282 -0.015376318924206774 -0.067012436025711816 -0.037464079983990838 0.066781246767466898 -0.058951566050626986 -0.066796632459908772 -0.016665931876896113 0.067446063810655724 0.038828024497003288 -0.0043602102846787309 0.064042072723548546 -1.1772303688536898e-05 -0.06706351188573105 -0.067794000496868678 -0.01879628612601067 0.066916308192288748 0.066835628846194428 -0.06675271565546817
leaf_weight=0.93835420854156859 0.079011764610187885 0.043379590788390487 1.7524393114726993 0.072336685378104337 0.19781864021206264 0.1977331347297876 0.13304345402866602 0.14432593312812958 2.3766144337132582 0.16439985105535004 0.14710121601820025 0.046201587072573602 0.11743061779998232 2.7027697716257535 0.051376873976550885 0.38162038807058707 0.32697392837144434 0.037253427202813327 0.11195037153083831 0.0546305060852319 0.020626430865377188
leaf_count=496 15 46 220 16 74 27 56 23 1380 26 25 5 19 661 11 92 25 14 25 16 13
internal_value=-0.000419404 -0.0254213 -0.00103821 0.0241629 0.0434803 0.0390652 -0.011582 0.0525743 -0.0557265 0.0580377 0.0267668 -0.0603338 -0.0625682 0.0624525 -0.0653834 -0.0588273 -0.0563643 -0.0650298 0.0668416 0.0667971 -0.066724
internal_weight=10.0974 6.18255 3.42602 2.40422 1.95026 3.91484 0.824331 3.09051 2.75653 2.94618 0.211107 1.02181 2.54542 2.78178 2.42799 0.453957 0.524707 0.975608 0.299624 0.187674 0.064006
internal_count=3285 2411 917 402 294 874 149 725 1494 702 84 515 1410 676 1391 108 52 510 97 72 59
is_linear=0
shrinkage=0.1


Tree=153
num_leaves=27
num_cat=0
split_feature=7 92 122 134 33 194 87 162 7 83 13 185 14 143 89 29 187 125 49 118 185 196 6 168 69 187
split_gain=0.799393 0.527536 0.373516 0.229737 0.205885 0.189856 0.153375 0.124084 0.120969 0.118221 0.110828 0.0922608 0.0458982 0.0388969 0.0501954 0.0203608 0.0455646 0.0143377 0.0130739 0.0082781 0.00599802 0.00394826 2.07468e-06 9.99407e-07 8.83182e-07 2.12838e-07
threshold=-0.59288237339655681 -0.81740472811885201 1.4496182667611579 -0.60579682205013718 0.64275237807829111 1.0000000180025095e-35 0.11750156894004359 0.76983163209898486 0.1438184036353756 1.035717935052161 0.3340983542294314 1.2168954421663731 -0.12403843410781334 0.73505817116332939 0.96926484074998009 0.22010803631230264 0.80591905713849166 0.34888801747037362 0.70323834815025343 -0.50467616394476356 0.89724340107418732 0.71828408293730484 0.16361922875251453 -1.2278973979590673 -0.57773235864124339 1.4091493328330362
decision_type=2 2 2 2 2 2 2 2 2 2 2 2 2 2 2 2 2 2 2 2 2 2 2 2 2 2
left_child=4 8 3 5 15 -3 20 12 13 17 -5 21 -4 18 -15 22 -17 -10 -2 -13 -6 -8 -1 -24 -22 -18
right_child=1 2 7 10 6 -7 11 -9 9 -11 -12 19 -14 14 -16 16 25 -19 -20 -21 24 -23 23 -25 -26 -27
leaf_value=-0.067291175437355119 -0.066256663697072046 -0.040558981708379523 0.010139430578797189 0.060335136780570342 -0.024491291544361686 0.037181238599092462 0.067115269390611201 0.060165644181293325 -0.010222866619773466 0.045306996178420676 -0.0091379477869502658 -0.066830670912687129 -0.067308396862776843 0.067261905499252067 -0.06673334811012796 0.032528739061003495 -0.067058030015047038 -0.066886631490414197 -0.021379988179932502 -0.0093989291809884658 -0.067387841182518851 0.042126819982080441 -0.067453833780529646 -0.066815068661813512 -0.066851909334602486 -0.066808265272839423
leaf_weight=0.10089426976628679 0.81240292545407988 0.52452955750049957 0.090564607642591 3.1649933470762344 0.038982928846962639 0.78323871793691069 0.25287784554529935 0.11071805784013122 0.061834402964450419 0.29623052343958989 0.24758604611270119 0.067612339393235743 0.49344651971478004 0.055635213851928711 0.056194258795585483 0.069125506444834062 0.076030657452065498 0.1607265115599148 0.070555655576754361 0.039912547566927969 0.036636651842854917 0.084312484133988619 0.024858159653377121 1.6721175321144977 0.19133920758031309 0.061891987454146147
leaf_count=24 379 91 14 919 10 225 45 29 13 34 26 34 127 5 43 16 16 54 26 14 6 24 6 993 83 29
internal_value=-0.00105247 0.016974 0.0315622 0.0416379 -0.0470289 0.00600061 -0.000821907 -0.036897 -0.0352177 0.00392978 0.0552948 0.0351462 -0.0552983 -0.0556334 -7.06481e-05 -0.0634308 -0.0337351 -0.0511437 -0.0626706 -0.0455124 -0.0607397 0.0608671 -0.0668506 -0.0668244 -0.066938 -0.0669459
internal_weight=9.64525 6.92866 5.41508 4.72035 2.71659 1.30777 0.711674 0.694729 1.51358 0.518791 3.41258 0.444715 0.584011 0.994788 0.111829 2.00492 0.207048 0.222561 0.882959 0.107525 0.266959 0.33719 1.79787 1.69698 0.227976 0.137923
internal_count=3285 1985 1431 1261 1300 316 216 170 554 101 945 117 141 453 48 1084 61 67 405 48 99 69 1023 999 89 45
is_linear=0
shrinkage=0.1


Tree=154
num_leaves=21
num_cat=0
split_feature=162 167 20 166 192 20 195 114 131 7 86 86 70 40 37 30 37 42 37 109
split_gain=0.770278 0.434602 0.387672 0.379322 0.4317 0.167865 0.162719 0.114881 0.110007 0.0870381 0.0834255 0.0733199 0.0625308 0.0608979 0.0323607 0.000347579 1.31613e-05 4.33867e-06 2.52767e-06 1.77065e-07
threshold=0.19450231258392425 0.81824013061367962 -0.79736367449433898 1.2806612040269758 0.59403611453607719 -0.82585457421852493 0.73091956073679987 -1.7871284688719256 0.57487064025924262 -1.4353858149235128 0.9555025109486005 0.62459292665123523 0.16514897714540797 0.25130847226846326 -1.2716876795784644 -0.017644119526191753 -0.085441495543965421 0.76262516853026929 -1.1238511705852958 1.1466310230550445
decision_type=2 2 2 2 2 2 2 2 2 2 2 2 2 2 2 2 2 2 2 2
left_child=1 2 6 4 -4 8 9 -7 19 -1 -8 -10 -5 -3 -9 -15 -17 -13 -16 -2
right_child=5 13 3 12 -6 7 10 14 11 -11 -12 17 -14 15 18 16 -18 -19 -20 -21
leaf_value=-0.043454080130494177 0.066817895615288822 -0.014657900624199591 0.011067260111475945 0.06564124553024267 -0.058027724275717389 0.067095662255923602 0.034041579520674402 0.067110019217606565 0.027054983778830224 0.062959949994912098 -0.067266911215752026 -0.067857750547728801 -0.011471131281123766 0.059858093638329814 -0.067801926542593594 0.067027627346325433 0.068392300826412775 -0.066798118368529322 -0.066783424239170178 0.067019143843010373
leaf_weight=0.081270038383081444 0.099633158417418932 0.097536257584579178 1.7295483033522043 0.63057244382798661 1.8950051397550849 0.06770421098917756 0.15056762378662814 0.018224352505058161 0.13678775727748871 1.417088477173819 0.17664883972611278 0.051088998094201088 0.12620595470070839 0.069431579438969382 0.02469504438340675 1.4267793556209651 0.074353937292471417 0.15858704003039747 1.8327666044351634 0.077902471413835883
leaf_count=14 33 18 276 95 442 8 19 2 12 321 26 2 28 14 1 394 3 100 1466 11
internal_value=0.00142236 0.0166982 0.00451974 -0.0116124 -0.0250573 -0.0473327 0.0432364 -0.0608767 0.00289872 0.0571881 -0.0206501 -0.0299001 0.0527814 0.0620138 -0.0654959 0.0667753 0.0670952 -0.0670563 -0.066797 0.0669062
internal_weight=10.3424 7.87501 6.20691 4.38133 3.62455 2.46739 1.82557 1.94339 0.523999 1.49836 0.327216 0.346464 0.756778 1.6681 1.87569 1.57056 1.50113 0.209676 1.85746 0.177536
internal_count=3285 1650 1221 841 718 1635 380 1477 158 335 45 114 123 429 1469 411 397 102 1467 44
is_linear=0
shrinkage=0.1


Tree=155
num_leaves=24
num_cat=0
split_feature=184 24 120 73 7 6 71 144 7 122 165 19 87 44 168 88 6 138 150 41 45 14 38
split_gain=0.874413 0.310296 0.272812 0.292986 0.241861 0.286722 0.221591 0.177379 0.146617 0.105726 0.105122 0.0934284 0.0653229 0.0534885 0.0393845 0.0359116 0.0303553 0.00754544 0.00198048 0.000185751 2.3351e-05 3.84496e-06 1.38452e-08
threshold=1.1941606818534909 -0.57091220090985872 1.5061572753449133 1.9085323766684155 -0.60988455962312293 0.72143463722482959 0.44874040032457868 -0.17633831570923583 -0.010155838089201336 0.23687029635009585 -0.78158744732922936 0.50661080096838584 2.2528469097539561 1.806778941548852 -1.1787423784306756 -0.30252734039102647 1.2274840993235989 0.41410369131288899 0.32806260849585683 0.67437893985146535 0.92986963756523588 0.43638290156742271 0.50938780793635885
decision_type=2 2 2 2 2 2 2 2 2 2 2 2 2 2 2 2 2 2 2 2 2 2 2
left_child=1 8 3 6 5 11 7 -2 18 -7 -8 -3 16 14 -6 19 20 22 -1 -5 -4 -20 -10
right_child=2 4 12 15 13 9 10 -9 17 -11 -12 -13 -14 -15 -16 -17 -18 -19 21 -21 -22 -23 -24
leaf_value=0.050837390273323818 -0.067558637200645977 -0.022834569857128298 0.068111063446046602 -0.063617089566664425 0.038535693666425778 0.03740753953548958 0.041260059377988878 0.058786543626563915 -0.066719419162878962 -0.05863982903482419 -0.053086620230187433 0.063706825570494799 -0.043545721661097769 0.028903434439125054 -0.06643474755502414 -0.010499803059929992 0.021776551001291739 -2.1921382637802644e-05 0.066939543829635698 -0.067788321991925346 0.06684212477002649 0.067653365804773116 -0.066810714655559586
leaf_weight=0.093982969643548131 0.12109014298766907 0.17054745543282501 0.16046858392655838 0.17885177675634623 0.036324990564026716 0.13242295943200588 0.16765781759750098 1.3493361003347673 0.090432016237173118 0.85187666659476236 0.39951476408168662 0.46452467446215451 0.059487713035195955 0.062665107427164801 2.2309530649799854 0.15731446776771907 0.16321763733867545 0.020016118360217661 0.2476526937680319 0.26484958664514124 1.5062136411434037 0.10852729831822217 0.020348983292933553
leaf_count=15 9 45 12 29 5 19 37 213 92 428 115 44 6 17 1451 33 39 13 54 19 570 10 10
internal_value=-0.000503334 -0.0315651 0.0305741 0.00980336 -0.0416029 -0.011919 0.0279009 0.048382 0.0366709 -0.0457181 -0.0251975 0.0404663 0.0595813 -0.062234 -0.064753 -0.0515519 0.0629338 -0.0565268 0.0637499 -0.0661069 0.0669643 0.067157 -0.0667362
internal_weight=9.05828 4.53027 4.528 2.63861 3.94931 1.61937 2.0376 1.47043 0.58096 0.9843 0.567173 0.635072 1.88939 2.32994 2.26728 0.601016 1.8299 0.130797 0.450163 0.443701 1.66668 0.35618 0.110781
internal_count=3285 2203 1082 455 2009 536 374 222 194 447 152 89 627 1473 1456 81 621 115 79 48 582 64 102
is_linear=0
shrinkage=0.1


Tree=156
num_leaves=23
num_cat=0
split_feature=110 29 192 90 35 162 3 19 119 6 161 7 19 185 66 170 49 119 56 48 92 189
split_gain=0.720387 0.432169 0.321711 0.185679 0.158971 0.156228 0.147991 0.131856 0.126343 0.11941 0.114346 0.10557 0.0887554 0.0751795 0.0590749 0.036951 0.0294553 0.0238284 0.00501552 5.67102e-06 7.31927e-07 4.88552e-07
threshold=0.55098308101717242 0.089588269460736877 0.14255963176772599 1.1624984350252225 0.64700157985699003 0.19450231258392425 1.4514149613616854 0.57634025678647682 0.4277283667771507 0.78711638153806962 -0.55560655677550297 -0.74081274349540827 0.53802673636591491 1.0252395899055158 -0.4596617919963869 0.37149834780660584 0.59113089589476708 0.55560766300015252 0.12756742937744567 0.81735331511664 -0.69838730475959421 1.154194617823405
decision_type=2 2 2 2 2 2 2 2 2 2 2 2 2 2 2 2 2 2 2 2 2 2
left_child=2 4 12 10 7 8 15 16 -3 17 -4 -12 18 -9 -11 -6 -2 -7 -1 -10 -20 -8
right_child=1 5 3 -5 6 9 21 13 19 14 11 -13 -14 -15 -16 -17 -18 -19 20 -21 -22 -23
leaf_value=-0.026877557097859845 -0.061745467334325357 0.042183725017677032 -0.067337885926686283 -0.06376671376103786 -0.018892205629866432 0.02962901844366081 -0.067154070745141167 0.054140379863348215 -0.067874517801360779 -0.041501173132153069 -0.0215966541329994 0.058615902350378779 0.057252114067223282 -0.06676046247548012 0.060682609899642928 0.063686932346683753 -0.029545960479666084 -0.066867175961128456 -0.066813516735221123 -0.06690298461396442 -0.067112708232306501 -0.066746290072390038
leaf_weight=0.034306719433516597 2.5489732161513543 0.16290887561626721 0.080114857410081508 0.14932514948304731 0.06795987021177996 0.033405694295651989 0.03748054348398 0.17270996398292471 0.08299986831843853 0.060549912799615302 0.17462105862796429 2.7180620391154653 0.072337197721935809 0.073245265055447817 0.86225683242082607 0.26734738354571164 0.31973140907939512 0.10938047390663996 0.22625712858280167 0.21759723103605211 0.12803490710211918 0.13594729581382126
leaf_count=8 1398 35 9 39 26 10 5 35 5 12 33 826 14 48 262 52 101 49 111 78 21 108
internal_value=-0.000905626 -0.0248529 0.0335309 0.0450442 -0.0436668 0.019729 0.00816078 -0.0521321 -0.0287361 0.0408101 0.0505099 0.0537738 -0.044454 0.0181362 0.0539778 0.0469498 -0.0581567 -0.0442913 -0.0633864 -0.0671712 -0.0669216 -0.0668344
internal_weight=8.73555 5.15249 3.58306 3.12212 3.62339 1.5291 0.508735 3.11466 0.463506 1.06559 2.9728 2.89268 0.460936 0.245955 0.922807 0.335307 2.8687 0.142786 0.388599 0.300597 0.354292 0.173428
internal_count=3285 2224 1061 907 1773 451 191 1582 118 333 868 859 154 83 274 78 1499 59 140 83 132 113
is_linear=0
shrinkage=0.1


Tree=157
num_leaves=22
num_cat=0
split_feature=39 198 25 20 86 161 156 24 148 49 56 186 7 29 37 140 66 116 68 187 80
split_gain=0.676681 0.498779 0.246724 0.252386 0.205588 0.205165 0.182348 0.151492 0.134385 0.130598 0.246642 0.14317 0.10853 0.0754235 0.0750987 0.0317712 0.0220078 0.00756813 0.00643153 1.05911e-05 2.39046e-06
threshold=-0.63417108094669827 0.77832730607608702 -0.58085431811619903 -0.59818870176699479 1.2924199995924721 0.3585812058125703 2.1116670580893375 -0.55645603315269077 0.95008463228032558 0.36240427871660214 1.3617865743133708 1.8284228578341546 -1.4667728469523589 -0.80615821649546737 -0.26382914805387087 0.13796182822632116 -1.7175540438902999 -0.31781017690732427 -1.4265554726626044 -0.035872680989000372 0.87616202558466105
decision_type=2 2 2 2 2 2 2 2 2 2 2 2 2 2 2 2 2 2 2 2 2
left_child=5 2 3 8 12 7 16 -1 -2 11 -11 -9 -3 -7 -6 -15 -4 -14 -5 -17 -16
right_child=1 4 6 18 14 13 -8 9 -10 10 -12 -13 17 15 20 19 -18 -19 -20 -21 -22
leaf_value=-0.067118101840402664 0.067357118889576559 -0.062705786497270641 0.037953772941366926 -0.0017543016001827913 0.058772773280802763 0.043057285479170815 0.023748209608191115 0.058324810193669099 -0.046930179241136488 0.050273002320458039 -0.0683920715491345 -0.056934158320177425 0.034184207994298291 0.014247711762558025 -0.066825028673627579 -0.068815730931071406 -0.062729100567247884 0.065096913859139557 -0.066815012604657664 -0.067152960809850337 -0.067469487233299472
leaf_weight=0.12811453937320072 0.47998614696552977 0.07518551155226294 0.021885775728151979 0.015922773571219295 0.059258798602968454 0.10385273490101099 0.27333635045215476 2.6529323042486803 0.13095672574127093 0.47683813702315081 0.27684660430531949 0.11233459005597968 0.087401039607357123 0.05696836597053323 0.13846828893292684 0.045380964875221252 2.707233330525924 0.84383793419692665 0.33204091148218129 0.24573617370333523 0.098498438543174416
leaf_count=26 41 28 5 8 16 21 32 751 85 70 12 15 21 18 88 1 1527 165 265 77 13
internal_value=0.00135567 -0.0223671 -0.0400188 0.0041416 0.0313119 0.0318208 -0.0541225 0.0396964 0.0428594 0.0435852 0.00668446 0.0536426 0.0528648 -0.0317334 -0.041914 -0.0540475 -0.0619217 0.0621956 -0.0638378 -0.0674122 -0.0670929
internal_weight=9.36302 5.26401 3.96136 0.958907 1.30265 4.099 3.00246 3.64707 0.610943 3.51895 0.753685 2.76527 1.00642 0.451938 0.296226 0.348086 2.72912 0.931239 0.347964 0.291117 0.236967
internal_count=3285 2294 1963 399 331 991 1564 874 126 848 82 766 214 117 117 96 1532 186 273 78 101
is_linear=0
shrinkage=0.1


Tree=158
num_leaves=22
num_cat=0
split_feature=3 119 58 145 71 9 7 7 152 11 187 71 7 74 47 185 137 11 37 90 72
split_gain=0.776881 0.298466 0.251896 0.261749 0.230903 0.210637 0.204204 0.193067 0.151258 0.13846 0.0637899 0.0502935 0.0308304 0.0180353 0.00513301 0.00421429 0.00361235 0.00171982 1.37497e-05 7.76361e-06 1.43921e-06
threshold=1.2125974755194091 1.574039241133643 1.9576209506848454 -0.12550479993541475 0.43493008115120074 0.37572264595441651 -0.40169090627582899 -0.38725671176437598 1.5259806211284992 -0.81983585672598946 1.5060943418080275 0.82414818113057442 -1.3626662510518261 -0.15656816571919238 0.86476208833592949 1.1873675368433012 0.97345814442773404 -0.32395636198825184 -1.0504052328829776 1.4408871285382572 2.2961499676845136
decision_type=2 2 2 2 2 2 2 2 2 2 2 2 2 2 2 2 2 2 2 2 2
left_child=4 2 3 8 5 6 9 -5 -2 -1 14 15 -6 -8 -7 -3 -4 20 -17 -18 -14
right_child=1 11 16 7 12 10 13 -9 -10 -11 -12 -13 17 -15 -16 18 19 -19 -20 -21 -22
leaf_value=-0.066766295967939246 -0.056573738907043217 0.038218824227077314 -0.043537966342211076 0.055848352787714974 0.015802255597877769 -0.01870002607249029 0.033701464195303892 -0.012030275190063583 0.065298978603491639 0.060452588812631769 0.027595474990952353 -0.0058027964212844655 -0.066776897992131531 -0.060671969475055043 -0.067027325639094387 0.068315340056103499 -0.067014577990981136 -0.037428360757057161 0.066847005090715325 -0.067980139816441562 -0.067326432790902904
leaf_weight=0.098311323556117713 0.56219695182517204 0.053090213332325109 0.077436034509446361 1.4889821087126627 0.046944393659941741 0.022814463998656609 0.021851262543350347 0.58313016861211497 0.12436438095755875 0.65909257816383604 0.083977662026882172 0.10486266342923034 1.5247739218757486 0.2763292330782865 0.59939345519524068 0.066937077790498622 0.22093642933759838 0.020199435704853275 1.3494988405145703 0.13364472659304738 0.049195350962690898
leaf_count=79 105 9 26 305 11 16 5 96 10 88 12 29 1303 222 328 2 50 19 557 7 6
internal_value=-0.000585458 0.0254766 0.00789632 0.0190154 -0.0370803 -0.0119391 0.0163426 0.0367461 -0.0344976 0.0439395 -0.0542137 0.0611052 -0.0640699 -0.0537561 -0.0652553 0.0658796 -0.0631053 -0.066422 0.0669164 -0.0673785 -0.0667941
internal_weight=8.16796 4.76508 3.19069 2.75867 3.40288 1.76177 1.05558 2.07211 0.686561 0.757404 0.706186 1.57439 1.64111 0.29818 0.622208 1.46953 0.432017 1.59417 1.41644 0.354581 1.57397
internal_count=3285 1196 599 516 2089 750 394 401 115 167 356 597 1339 227 344 568 83 1328 559 57 1309
is_linear=0
shrinkage=0.1


Tree=159
num_leaves=21
num_cat=0
split_feature=185 33 119 170 192 161 87 17 7 161 35 0 12 13 32 162 48 135 165 120
split_gain=0.641777 0.484393 0.247707 0.237265 0.184679 0.14204 0.130563 0.120596 0.11239 0.120906 0.104516 0.0961775 0.0861173 0.0656355 0.0642914 0.0289154 0.025524 0.0074832 0.00358949 5.82048e-07
threshold=0.95152853928733383 0.083085630968432841 0.13069385153301591 1.9038422897183127 0.1550714982363057 0.58712812874720099 1.0899911230466353 -0.81475552152730357 -0.73305870364399939 0.58712812874720099 1.4211023261345941 1.1962352072322382 -1.6259588390654673 0.46246008468094629 0.42463692137148318 0.48216698276929837 1.4909169745043929 1.3114913465952258 -0.64867881380853676 1.0106480140549097
decision_type=2 2 2 2 2 2 2 2 2 2 2 2 2 2 2 2 2 2 2 2
left_child=1 2 4 10 14 15 11 -6 9 18 16 -5 -10 -14 -1 -4 17 -2 -3 -13
right_child=3 8 5 6 7 -7 -8 -9 12 -11 -12 19 13 -15 -16 -17 -18 -19 -20 -21
leaf_value=0.048132797841313822 -0.066436252117026404 -0.036891584787442276 -0.065186922956118096 0.044948532685619644 -0.062686820553494366 0.04550885734331335 0.063068789063668904 0.0525292818442483 -0.067281300867172253 0.06697345201533049 0.049056463368020095 -0.067197413904600253 0.059872792945843183 -0.042886535435435871 -0.066913962931063511 -0.00015265000809084987 -0.013319345086464396 -0.019491532358248201 -0.067003133281552538 -0.066772293230701316
leaf_weight=0.058934524538927002 1.7851788348634734 0.055567694013006985 0.93472825345816068 0.1166057153022847 0.10204496036749333 0.14472217601723958 0.28149688022676855 0.82778152823448181 0.056851887376979326 0.12797651416622102 0.087241934961639234 0.038888125563971698 2.3969926157151353 0.06381261022761453 0.27630672528175637 0.07376162864966318 0.098659439536277094 0.034614163974765577 0.13766600622329894 0.18742410186678171
leaf_count=10 1117 12 438 26 40 29 38 144 8 33 20 6 984 10 115 38 29 25 41 122
internal_value=-0.000902225 0.019274 -0.0136144 -0.0412312 0.0169428 -0.0471355 0.012599 0.0398847 0.0472899 -0.00841507 -0.0579897 -0.028831 0.054397 0.0572081 -0.046689 -0.0604303 -0.0628576 -0.0655433 -0.058344 -0.0668453
internal_weight=7.88726 5.25715 2.41828 2.63011 1.26507 1.15321 0.624415 0.929826 2.83887 0.32121 2.00569 0.342918 2.51766 2.46081 0.335241 1.00849 1.91845 1.81979 0.193234 0.226312
internal_count=3285 1902 814 1383 309 505 192 184 1088 86 1191 154 1002 994 125 476 1171 1142 53 128
is_linear=0
shrinkage=0.1


Tree=160
num_leaves=21
num_cat=0
split_feature=162 135 122 20 6 168 24 89 24 114 195 87 27 37 47 40 92 16 154 0
split_gain=0.614248 0.34994 0.333322 0.196129 0.159816 0.155401 0.135315 0.125471 0.123402 0.100499 0.0975947 0.0519335 0.0529781 0.0265005 0.0257503 0.0196723 0.00251618 0.00216252 0.000351227 2.82293e-06
threshold=0.19450231258392425 -0.97253499544498367 1.0054106033307864 -0.57408369410784788 0.74171954437778609 0.7523669683526284 -0.27431637864621111 1.606174341299683 -0.21756438752309096 -1.7871284688719256 0.53972148075600967 1.2651764429463734 -0.62154806192174439 -1.2716876795784644 1.0294493985715378 0.52720912092927741 -0.4988543100321674 0.6067845600912195 0.40500937216151983 0.34508834893618556
decision_type=2 2 2 2 2 2 2 2 2 2 2 2 2 2 2 2 2 2 2 2
left_child=1 7 5 4 -4 8 9 11 -3 -2 14 12 -1 -11 -8 -7 -12 -15 -5 -18
right_child=6 2 3 18 -6 15 10 -9 -10 13 16 -13 -14 17 -16 -17 19 -19 -20 -21
leaf_value=-0.020586109174716101 0.067001818675926472 -0.043729395531115184 -0.0070099105648630785 -0.054352831834288511 0.057008950567117835 0.0054078101450342683 -0.0081414722346402416 -0.067493865835302688 0.045261636217980655 0.067032362362398679 -0.025333281690042092 -0.0027337812156112019 0.06286370469248817 -0.066785075213662601 0.062041094251143264 0.067003314727027877 -0.067902572362145294 -0.035192504139763152 -0.06701334667551484 -0.066741921821844505
leaf_weight=0.07943606330081876 0.059902291279286035 1.8130657204892484 0.54729616839904371 0.025043656933121272 1.3563202329678459 0.074458462302572914 0.073246890329755732 0.08740883006248612 0.17047418665606562 0.015047560445964225 0.016436267353128642 0.1452370878541841 1.7983255559811369 1.5005305552622301 0.18262035906082019 0.17077191569842398 0.026804845780134201 0.021984027058351674 0.17523777583846822 0.096028262167237699
leaf_count=17 9 476 81 15 269 13 24 21 35 2 14 25 584 1429 39 42 1 23 72 94
internal_value=0.00141057 0.0164169 0.00015188 0.0286998 0.0386033 -0.0267966 -0.0471125 0.0498091 -0.0360811 -0.060073 0.00528429 0.0548775 0.0593335 -0.0650237 0.04195 0.0483013 -0.0620784 -0.0663289 -0.0654302 -0.0669952
internal_weight=8.43568 6.44308 4.33267 2.1039 1.90362 2.22877 1.9926 2.11041 1.98354 1.59746 0.395137 2.023 1.87776 1.53756 0.255867 0.24523 0.139269 1.52251 0.200281 0.122833
internal_count=3285 1650 1003 437 350 566 1635 647 511 1463 172 626 601 1454 63 55 109 1452 87 95
is_linear=0
shrinkage=0.1


Tree=161
num_leaves=26
num_cat=0
split_feature=44 24 7 6 20 67 185 90 186 108 170 0 39 165 117 3 160 6 7 2 14 185 144 198 13
split_gain=0.694943 0.254461 0.26738 0.253786 0.156808 0.156622 0.147687 0.108713 0.106691 0.0950495 0.0846182 0.0920599 0.0705082 0.0604002 0.059955 0.115656 0.0281249 0.0267362 0.0114041 0.00208045 3.74636e-06 2.32987e-06 8.86699e-08 2.48383e-08 2.75215e-09
threshold=1.1370776116198378 -0.57091220090985872 -0.8894994128545185 1.1934763764090139 -0.83202439751613089 -0.18544294702328865 0.95152853928733383 1.6458578935797232 0.42100045709852801 0.66219688598275306 2.6849921211516459 1.5866372807037521 -1.2333412936785786 -0.92071314735403043 -0.72627513271870414 1.2640435344114482 -0.46488048361001511 0.10923403838068112 -0.18041549393952322 1.5661624968704895 0.88884882928044651 1.314682713205207 1.7799268735353364 0.34955189251306557 -0.097511120137438262
decision_type=2 2 2 2 2 2 2 2 2 2 2 2 2 2 2 2 2 2 2 2 2 2 2 2 2
left_child=1 8 4 6 22 -6 9 13 23 -2 12 -12 -8 -5 15 -4 -11 -16 20 -9 -10 -15 -3 24 -1
right_child=3 2 14 7 5 -7 10 19 18 16 11 -13 -14 21 17 -17 -18 -19 -20 -21 -22 -23 -24 -25 -26
leaf_value=-0.066697016230423539 0.063010075608141175 -0.066737333889757208 -0.057876839705645111 0.006129141369262037 0.054152141996332663 -0.057668260176047918 -0.067273479477126349 0.066867500313539371 0.066878192762057656 0.0076930309034184494 -0.044637579569423172 0.066783185762988515 0.064104183824450725 -0.066851153042288322 0.023741146647181407 0.058353796907352221 -0.067071413014766296 -0.06445448297529574 0.023536886452627224 0.042008995387855436 0.067645573319514374 -0.067369839129722706 -0.066939687669923739 -0.066841911023030706 -0.066747759443554572
leaf_weight=0.04927593853790313 0.11292665312066752 0.19987959373975173 0.26517096516909155 0.16398434253642336 0.5575605621561408 0.16155376943061162 0.041674280189910262 0.076549495104700327 0.24582660035230219 0.068688392755575478 0.1671899523353203 0.13326019304804504 2.0663824190851297 0.21680128830485035 0.034955601324327179 0.12642813147976995 0.18810608953936026 2.0589716287504416 0.073486397974193096 0.060099630150943995 0.085832298267632723 0.14420266635715961 0.024285878636874259 0.017768611549399793 0.013649105851073151
leaf_count=75 8 178 237 27 86 40 9 26 71 8 12 59 692 113 6 10 105 1432 36 15 7 10 6 6 11
internal_value=-0.000650352 -0.0294656 -0.0390627 0.032142 0.00626691 0.029031 0.0453973 -0.0235172 0.0382657 -0.0134496 0.0544307 0.00478144 0.061507 -0.0441976 -0.0562657 -0.0203517 -0.0470731 -0.0629822 0.0591794 0.0559345 0.0670768 -0.0670583 -0.0667593 -0.0667375 -0.066708
internal_weight=7.35451 3.91465 3.42881 3.43987 0.94328 0.719114 2.77823 0.661637 0.485839 0.369721 2.40851 0.30045 2.10806 0.524988 2.48553 0.391599 0.256794 2.09393 0.405145 0.136649 0.331659 0.361004 0.224165 0.0806937 0.062925
internal_count=3285 2201 1995 1084 310 126 893 191 206 121 772 71 701 150 1685 247 113 1438 114 41 78 123 184 92 86
is_linear=0
shrinkage=0.1


Tree=162
num_leaves=24
num_cat=0
split_feature=160 134 7 65 119 92 164 39 194 48 164 7 106 162 161 49 115 153 187 77 86 14 134
split_gain=0.571799 0.413629 0.224523 0.207172 0.170801 0.165349 0.139665 0.134676 0.0982325 0.113938 0.0823313 0.0767017 0.0638029 0.0609627 0.0553469 0.0471221 0.00447881 0.00263025 1.0141e-05 3.87263e-06 1.12231e-06 8.35255e-07 2.74802e-07
threshold=-0.46488048361001511 -0.48334835104932322 -0.11105157344577153 1.5402017124666274 0.11007642924810405 -0.78393374116828707 -0.18771828221342321 -0.75525005922067179 0.43725313758732715 1.1916313052706722 -0.87117768259562522 -0.35099694908730356 1.6905609041162655 1.0000000180025095e-35 0.3585812058125703 0.66613598813897623 0.06824628259510547 0.17407729540239295 0.26061520488785594 -3.7902861348959505 -0.63804471448656297 -0.02913331148096375 0.37379094595637502
decision_type=2 2 2 2 2 2 2 2 2 2 2 2 2 2 2 2 2 2 2 2 2 2 2
left_child=4 2 8 5 6 11 -1 16 15 -10 -9 -3 -7 18 17 -2 -4 -8 -5 -6 21 -21 -22
right_child=1 3 7 13 19 12 14 10 9 -11 -12 -13 -14 -15 -16 -17 -18 -19 -20 20 22 -23 -24
leaf_value=0.061216975963608422 -0.064234452578638565 -0.064256595545565995 -0.031378373894622967 -0.068407312572659529 -0.067729875614130977 0.063883018647706236 -0.040635164007748942 -0.033332047933960128 -0.047099760973243338 0.041686396133504139 0.06077752565927487 0.035892353028391111 -0.021978170130775916 0.041345290828399661 0.037098082853592215 0.017123318003723888 -0.066979053854119161 -0.066989532799540022 -0.066933717366444337 -0.067145124260802477 -0.066748674168434968 -0.066831527658502976 -0.066906402724077829
leaf_weight=0.21873499732464552 0.86210147466044895 0.16471351840300485 0.052073211700189859 0.071346865966915973 0.049033532210159936 2.154998207814061 0.045773104648105689 0.11064170475583524 0.30612221924820915 0.27382551983464509 0.58169848198303942 0.14275034872116554 0.090167059970553853 0.06862703658407554 0.07077757571823895 0.07759937149239704 0.10996051412075758 0.21932261629262939 0.13519055099459365 0.1619690892403014 0.83672034702613018 0.1785723394132217 0.12725833855802193
leaf_count=22 478 74 16 2 11 940 16 36 185 101 165 30 32 25 10 20 38 77 52 40 767 97 51
internal_value=-0.000883512 0.0162923 -0.0144835 0.0421296 -0.0477063 0.0510163 -0.000967006 0.0265308 -0.0375425 -0.00517889 0.045738 -0.0177591 0.0604348 -0.0403106 -0.0414639 -0.057516 -0.055538 -0.062439 -0.0674428 -0.0668574 -0.0668246 -0.0669807 -0.0667695
internal_weight=7.10998 5.20182 2.37402 2.82779 1.90816 2.55263 0.554608 0.854374 1.51965 0.579948 0.69234 0.307464 2.24517 0.275164 0.335873 0.939701 0.162034 0.265096 0.206537 1.35355 1.30452 0.340541 0.963979
internal_count=3285 2194 1039 1155 1091 1076 125 255 784 286 201 104 972 79 103 498 54 93 54 966 955 137 818
is_linear=0
shrinkage=0.1


Tree=163
num_leaves=21
num_cat=0
split_feature=162 167 20 166 192 20 195 186 178 114 40 128 127 37 176 5 187 37 42 37
split_gain=0.539346 0.316952 0.276978 0.26884 0.309448 0.122111 0.120169 0.0951665 0.0857971 0.0804744 0.0479901 0.047989 0.0330999 0.0236104 0.008364 0.00032081 1.51041e-05 4.34513e-06 2.1042e-06 7.70143e-07
threshold=0.19450231258392425 0.81824013061367962 -0.79736367449433898 1.2806612040269758 0.59403611453607719 -0.82585457421852493 0.97532995180645266 1.6392399141072069 0.2776773441345603 -1.7871284688719256 0.25130847226846326 0.11230744322975535 0.24163943859439552 -1.2716876795784644 0.15231500956552571 0.16041069256767368 0.80591905713849166 -0.092494420030916041 0.79671820775979685 -1.1238511705852958
decision_type=2 2 2 2 2 2 2 2 2 2 2 2 2 2 2 2 2 2 2 2
left_child=1 2 6 4 -4 8 7 -1 12 -7 -3 -5 16 -11 -10 -12 -2 -17 -16 -15
right_child=5 10 3 11 -6 9 -8 -9 14 13 15 -13 -14 19 18 17 -18 -19 -20 -21
leaf_value=0.060982831715839791 0.064934751924211817 -0.014406950153068305 0.010169394551844064 -0.013310577272766733 -0.056953347887601827 0.066967705180535603 -0.033226357928245367 -0.063188751397259102 -0.011041933248815725 0.066988095016866131 0.058639659408830647 0.065529127306805213 -0.013887241917201407 -0.067434547904954498 -0.067691862077796663 0.066939092330693992 0.066967037269205928 0.067842792548850978 -0.066831158825122819 -0.066754848535677577
leaf_weight=1.1044942717999213 0.056605657853651681 0.078072324977256247 1.3396313167759228 0.092832309310324379 1.4094571332680059 0.047548479167744406 0.18238160863984365 0.065375308389775344 0.033906295022461563 0.013331191614270099 0.048085518879815825 0.45866577129345387 0.076058748352807015 0.016886066645383502 0.04456145316362381 1.0365268368041141 0.10331910464446992 0.056083948002196737 0.078337498940527439 1.3032620597514324
leaf_count=335 22 18 276 19 442 8 29 16 8 2 17 104 37 1 2 390 25 4 64 1466
internal_value=0.00144795 0.0160465 0.00415544 -0.0114615 -0.0242444 -0.0468754 0.0422735 0.0540438 0.00232231 -0.0608681 0.0614423 0.0522582 0.0404198 -0.0654264 -0.0550123 0.0666337 0.0662477 0.0669855 -0.0671432 -0.0667635
internal_weight=7.64542 5.87161 4.65284 3.30059 2.74909 1.77382 1.35225 1.16987 0.392789 1.38103 1.21877 0.551498 0.235984 1.33348 0.156805 1.1407 0.159925 1.09261 0.122899 1.32015
internal_count=3285 1650 1221 841 718 1635 380 351 158 1477 429 123 84 1469 74 411 47 394 66 1467
is_linear=0
shrinkage=0.1


Tree=164
num_leaves=24
num_cat=0
split_feature=44 6 90 24 145 71 136 137 7 128 8 68 160 24 7 35 129 22 146 165 20 126 11
split_gain=0.618563 0.390741 0.309681 0.221913 0.194155 0.0995397 0.0985084 0.0895848 0.0865149 0.0648072 0.0627195 0.0520449 0.0409377 0.0211802 0.0132315 0.0109547 0.00651688 0.00332511 5.25955e-06 2.33764e-06 4.15823e-07 3.66735e-08 9.94706e-09
threshold=0.71773846693429899 0.97445532179975569 1.6458578935797232 -0.57230827285767483 -0.220903056974318 0.4430465272381951 0.22737986388130058 1.02476021854275 -0.237270769652389 0.12835655648942218 -1.3464629155044647 -1.0315383576392645 -0.46488048361001511 -0.55891090655046816 -1.3820278535898896 -0.57873629177064889 0.84262688497876581 -1.29405943092333 -0.22590825321075378 -0.13763174210453408 -0.28227625285779162 -0.29967674710523456 -0.32866634046318272
decision_type=2 2 2 2 2 2 2 2 2 2 2 2 2 2 2 2 2 2 2 2 2 2 2
left_child=3 4 5 8 9 7 12 -3 20 -2 -5 -8 -6 -7 -12 -4 22 -16 -17 -11 -1 -22 -10
right_child=1 2 15 10 6 13 11 -9 16 19 14 -13 -14 -15 17 18 -18 -19 -20 -21 21 -23 -24
leaf_value=0.067157216139273557 0.023116729331369237 0.022476947415695562 0.010770302404817451 0.067360234094308982 0.064876392655966258 0.013829657136121996 0.010855887451660115 -0.044829792520203478 -0.066791982396554733 -0.067552131283417388 -0.0053423365122235583 0.062756664570417064 -0.066766533311655621 -0.066910187865670989 -0.031325038932074549 0.068180651473761789 0.0030186793650779447 -0.066818229184815697 0.066850177315111212 -0.066841196797070998 0.066915553268875258 0.066810849789608523 -0.066706934887064959
leaf_weight=0.074825305724516511 0.13767359880148422 0.38856093777576439 0.038262323359958827 0.03668457781895984 0.031658965745009482 0.034097962110536062 0.21308354006032493 0.4026927538216114 0.019169484381563962 0.081608179723843932 0.036519160377792903 2.0716519554262049 0.09306070322054516 0.68911326903617021 0.026846721593755896 0.032568525522947311 0.016691632801666856 1.5675769425870385 0.33879089320544142 0.10675032349536195 0.066469274344854057 0.067347095347940922 0.048663003399269544
leaf_count=10 34 116 8 4 6 18 46 79 12 5 19 719 98 371 10 1 10 1423 140 47 15 25 69
internal_value=-0.000723295 0.0191054 -0.015423 -0.0478436 0.043392 -0.0362875 0.053192 -0.0117775 0.0323921 -0.0290326 -0.0619489 0.0579162 -0.0333502 -0.0631035 -0.0648574 0.0617176 -0.052957 -0.0662206 0.0669669 -0.0671492 0.0669684 0.0668629 -0.066731
internal_weight=6.62037 4.65957 1.92409 1.96079 2.73549 1.51446 2.40946 0.791254 0.293166 0.326032 1.66763 2.28474 0.12472 0.723211 1.63094 0.409622 0.0845241 1.59442 0.371359 0.188359 0.208642 0.133816 0.0678325
internal_count=3285 1688 733 1597 955 584 869 195 141 86 1456 765 104 389 1452 149 91 1433 141 52 50 40 81
is_linear=0
shrinkage=0.1


Tree=165
num_leaves=26
num_cat=0
split_feature=119 130 3 162 71 65 49 75 160 119 6 87 63 19 20 123 119 167 187 35 133 90 35 13 190
split_gain=0.514767 0.316225 0.219926 0.194981 0.183053 0.16811 0.140691 0.14629 0.0972547 0.0940345 0.0931972 0.0687908 0.0679637 0.0539382 0.0423376 0.0381122 0.0224021 0.0173693 0.0150613 0.00470255 0.00384193 0.00203626 0.000376358 0.000108449 8.10066e-08
threshold=0.4768439997190046 0.60092953780903791 0.19945065850566354 0.76983163209898486 0.64273116474097225 1.7053556301903441 0.29965055049558015 0.43442316216669302 -0.46488048361001511 0.11007642924810405 1.0662120250534912 1.1219968831034712 1.414255062059848 0.51373613885154523 -1.0504580728612545 3.4153283342064067 0.72158811928308098 -0.50651203026035296 -0.01964182122008053 -0.67819318369460746 0.76683151745261158 0.52103475285590151 -0.19220321473815707 -0.27729193310582695 0.55451680727412955
decision_type=2 2 2 2 2 2 2 2 2 2 2 2 2 2 2 2 2 2 2 2 2 2 2 2 2
left_child=1 2 19 11 10 8 18 -8 9 -3 16 15 24 -12 -10 21 -5 -6 -4 -1 -7 -2 -19 -21 -13
right_child=3 5 6 4 17 20 7 -9 14 -11 13 12 -14 -15 -16 -17 -18 22 -20 23 -22 -23 -24 -25 -26
leaf_value=0.031242372581232858 -0.035169571974457678 0.039994567647738261 0.026430651324625062 0.0088892047700669836 -0.0051634256062605749 -0.028816335688111535 -0.065210277405587935 0.066446980773450848 -0.043722021487619292 -0.066974208488857753 -0.056832739719466813 -0.06673921330160508 0.045428429347591809 0.047769150797334396 0.063752550524304355 0.00063856166344508864 -0.066414633891821936 0.055876060689697638 -0.066801130029084957 0.062425352641918258 -0.067125111948648217 -0.066888213046409309 0.066846129237678686 0.067605367473477548 -0.066936530165757263
leaf_weight=0.044645808637142181 0.020543937076581975 0.2584487216081478 0.01779806165723119 0.044068963557947205 0.038815399166196585 0.034074605704517924 0.14077696204185486 0.2107302884105593 0.037408979434986445 0.1204968158272095 0.06824525399133563 0.063046006398508214 0.12647355516673997 0.1775460930657573 1.8148967168526713 0.090272804314736166 0.38147395456326194 0.03510206553619355 0.65534381478209969 0.051037585479207337 0.11297842988278717 1.3666105099255217 0.28676286671543494 0.19422630895860526 0.031054690829478204
leaf_count=13 21 33 5 18 19 27 43 68 18 44 33 55 29 45 874 26 335 8 363 26 35 963 132 42 10
internal_value=-0.000783276 0.0235579 -0.0158026 -0.0337093 0.000570611 0.0453136 -0.0375592 0.0137189 0.0521389 0.00598072 -0.0302994 -0.054544 -0.00245196 0.0187259 0.061582 -0.0623212 -0.0586162 0.058029 -0.0643361 0.0610936 -0.0582483 -0.0664185 0.0656498 0.0665274 -0.0668043
internal_weight=6.42288 3.69286 1.31456 2.73002 1.03201 2.3783 1.02465 0.351507 2.23125 0.378946 0.671334 1.698 0.220574 0.245791 1.85231 1.47743 0.425543 0.36068 0.673142 0.28991 0.147053 1.38715 0.321865 0.245264 0.0941007
internal_count=3285 1591 560 1694 590 1031 479 111 969 77 431 1104 94 78 892 1010 353 159 368 81 62 984 140 68 65
is_linear=0
shrinkage=0.1


Tree=166
num_leaves=23
num_cat=0
split_feature=39 198 35 69 9 161 197 35 169 186 166 57 104 11 25 156 86 44 114 175 75 162
split_gain=0.481613 0.354452 0.190151 0.226603 0.156797 0.146009 0.116754 0.110525 0.104131 0.0854192 0.0774785 0.0690398 0.0609634 0.054621 0.0428704 0.0422311 0.0364992 0.0415574 0.0316958 0.00966603 0.00598174 6.98714e-05
threshold=-0.63417108094669827 0.78455809753775618 -0.26037992908558927 0.03435300335692415 0.68556710494007811 0.3585812058125703 -0.71917663493942496 0.18301686565136685 0.26465858854215513 1.8284228578341546 1.7798294029681527 1.1455742167829095 1.0691213430133899 -0.85007907366318836 -0.580542332504704 2.2949028035940766 1.2243954934982115 0.66648802012489716 -1.2518151574166423 0.0049253462626934951 0.41925310626460027 0.19450231258392425
decision_type=2 2 2 2 2 2 2 2 2 2 2 2 2 2 2 2 2 2 2 2 2 2
left_child=5 2 3 14 16 6 -1 9 -9 -8 15 19 -5 -7 -2 -4 21 -18 -15 -6 -20 -3
right_child=1 4 10 12 11 13 7 8 -10 -11 -12 -13 -14 18 -16 -17 17 -19 20 -21 -22 -23
leaf_value=-0.047808080565005913 0.01706704816031869 0.067079000194927157 -0.065562771075547754 0.058346172259974599 0.0057733269804758182 0.066962567462251141 0.056149035914351934 -0.051657169680129726 0.054833842614354561 -0.054550283007322967 0.043871559564721448 0.063338414955052144 -0.025234938882313648 0.039105029814944153 -0.061352016220839536 0.023147064101213158 0.065370780323512123 -0.067023685441167477 -0.024924214945195432 -0.066966528726536675 -0.067232805548695151 0.063839021369819074
leaf_weight=0.14682920838822688 0.081432779115857556 0.50151472009019915 1.7150692791328763 0.41931773920077831 0.020217163924826309 0.04856234323233366 2.1129631609073849 0.21529785997699935 0.16010874911444262 0.072083283448591717 0.070831431658007094 0.057968508510384709 0.11020271902089007 0.036644947715103626 0.48439502398832768 0.055398097028955706 0.047811384487431496 0.047030047717271373 0.039749559306073823 0.18953544783289544 0.20976713675190695 0.076745865168049932
leaf_count=25 35 130 1668 59 13 13 784 26 26 13 7 22 57 10 141 10 20 23 13 93 81 16
internal_value=0.00142326 -0.0219446 -0.0390578 -0.0060658 0.0314721 0.0312089 0.0389124 0.0438854 -0.00623937 0.0524971 -0.0586841 -0.0332592 0.0409514 -0.0310976 -0.0500661 -0.062787 0.0572184 -0.000281097 -0.0477386 -0.0599554 -0.0604928 0.066649
internal_weight=6.91948 3.87747 2.93665 1.09535 0.940823 3.04201 2.70728 2.56045 0.375407 2.18505 1.8413 0.267721 0.52952 0.334724 0.565828 1.77047 0.673102 0.0948414 0.286162 0.209753 0.249517 0.578261
internal_count=3285 2294 1977 292 317 991 874 849 52 797 1685 128 116 117 176 1678 189 43 104 106 94 146
is_linear=0
shrinkage=0.1


Tree=167
num_leaves=22
num_cat=0
split_feature=184 7 20 125 71 72 90 48 24 186 71 163 101 59 6 72 136 27 185 198 125
split_gain=0.552629 0.266151 0.287955 0.223175 0.168853 0.158857 0.163006 0.115366 0.0916631 0.0699708 0.04743 0.0330694 0.0214277 0.0153278 0.0109728 0.00776802 0.00478652 0.0045661 2.64515e-08 1.14741e-08 7.538e-09
threshold=1.3303139683110952 -0.45560041929565737 -0.72367179438218943 0.97884563181252748 0.85684398194528977 1.9935260606803156 1.6333157808067253 1.4769679445412993 -0.57091220090985872 0.52692395220924226 0.82414818113057442 1.4570767121210457 0.96596909081339088 -2.4053977016648282 0.60836839977443868 2.4846827434733831 1.5728752386314062 1.0000000180025095e-35 1.7077488940688792 0.34955189251306557 0.51120794685098048
decision_type=2 2 2 2 2 2 2 2 2 2 2 2 2 2 2 2 2 2 2 2 2
left_child=1 2 11 4 -4 7 15 10 9 19 12 17 -2 -10 -5 -7 -15 -1 -8 -3 -20
right_child=5 8 3 14 -6 6 18 -9 13 -11 -12 -13 -14 16 -16 -17 -18 -19 20 -21 -22
leaf_value=-0.0205322754006141 -0.0051292714230859885 -0.066700097406890591 0.054872250683635493 -0.011542892910052706 -0.066892381373649154 -0.034647760083777707 0.066841362958192138 -0.032544944005194455 -0.010017366353613456 0.055725599188718382 -0.020108094662804613 0.040984173818435089 0.064444483196885158 -0.066849555914146305 -0.0669207847647771 -0.067299684073235042 -0.02231412031377986 -0.06679009195079387 0.06673127472429928 -0.066796555202549929 0.066784171277949597
leaf_weight=0.022210162162082603 0.04557345365174148 0.060275893280050119 1.0577073811145967 0.042313793848734238 0.12762685661436979 0.11399383819662023 0.039143200556281954 0.15066531588672649 0.050621333299204818 0.12148749682819471 0.072771127510350087 0.031069834425579756 1.5446864581899715 1.3459866625198618 0.2317360405868385 0.2019211879814975 0.024573411676101498 0.54408262568176724 0.088569539191666991 0.015504441835219041 0.038716697425115854
leaf_count=18 11 99 224 14 81 26 14 35 9 38 31 5 648 1332 90 26 8 485 66 8 17
internal_value=-0.000806759 -0.0248523 -0.000980599 0.0229584 0.0417617 0.0376821 -0.0133234 0.0512468 -0.0551887 0.00868825 0.058838 -0.0594647 0.0624506 -0.0640552 -0.0583703 -0.0555177 -0.0660511 -0.0649758 0.0667695 -0.0667198 0.0667474
internal_weight=5.97124 3.6752 2.05675 1.45938 1.18533 2.29604 0.482344 1.8137 1.61845 0.197268 1.66303 0.597363 1.59026 1.42118 0.27405 0.315915 1.37056 0.566293 0.166429 0.0757803 0.127286
internal_count=3285 2411 917 409 305 874 149 725 1494 145 690 508 659 1349 104 52 1340 503 97 107 83
is_linear=0
shrinkage=0.1


Tree=168
num_leaves=24
num_cat=0
split_feature=7 29 160 27 162 3 123 119 80 120 6 119 160 79 187 187 47 49 177 88 90 77 196
split_gain=0.460753 0.216981 0.208443 0.131278 0.102366 0.159114 0.0940709 0.091943 0.0900356 0.0721722 0.0617557 0.0590724 0.0590112 0.0588162 0.0525046 0.023735 0.0205603 0.0188098 0.00717782 0.00151715 0.000331675 2.56728e-06 1.67153e-07
threshold=-0.27598615383933883 0.56335140450313437 -0.46488048361001511 0.88903231851265574 0.48216698276929837 1.2125974755194091 0.044611398601556225 0.11007642924810405 -0.086440565017926616 1.5061572753449133 0.36299201619228744 0.15605901318337825 -0.46488048361001511 0.58733952517376931 -0.079800131694231002 1.2041034066625742 1.3736576588440632 0.64529299218796032 -0.1040277996140989 -1.9602220847912968 0.38996857268262192 -3.3270241806070655 -1.5668184567682439
decision_type=2 2 2 2 2 2 2 2 2 2 2 2 2 2 2 2 2 2 2 2 2 2 2
left_child=1 4 7 9 14 13 20 8 18 10 -4 -8 -3 -6 -1 19 -16 -7 -2 -14 -5 -9 -23
right_child=2 12 3 6 5 17 11 21 -10 -11 -12 -13 15 -15 16 -17 -18 -19 -20 -21 -22 22 -24
leaf_value=0.068182380123137099 -0.019317690826223043 -0.066841052664472725 -0.047934326430062561 -0.057294909595714996 -0.046125232319497306 -0.060179890469287727 0.063280732535538939 -0.067818139857610121 0.051221740971305399 -0.059986620572536634 0.059775156025829071 -0.014073085064637062 0.041843429252076896 0.053755539075404979 -0.06275885112843814 0.00051840511853117825 -0.0086274134267118 0.031915531541032958 -0.066909552938656469 0.066981042194803955 -0.067098815129523703 -0.067005595409163954 -0.066801110984690118
leaf_weight=0.032604213804007132 0.04701199708506465 0.047876802505925298 0.054946892079897558 0.048027157317846902 0.073266048071673029 0.40184204425895587 0.19701930944574997 0.030078510288149118 0.20990651147440109 0.05493067533825513 1.7051865290268322 0.19787708565127105 0.026506990077905357 0.3018676217761822 1.4239508673781527 0.072710003762040287 0.073803320759907476 0.023472696775570512 0.097236947854980826 0.25480966904433433 0.12258511665277183 0.049697707698214799 0.20434731140267104
leaf_count=1 10 23 8 25 50 371 41 2 23 36 913 64 13 102 1174 20 46 9 38 115 35 18 148
internal_value=-0.000752754 -0.0305013 0.026176 0.0397823 -0.0422022 -0.0132251 -0.00228863 -0.0245707 0.00942392 0.0528901 0.0564127 0.0245198 0.0373575 0.0342482 -0.0573586 0.0514488 -0.0600915 -0.0550972 -0.0513989 0.0646125 -0.064339 -0.0669445 -0.0668411
internal_weight=5.75156 2.73271 3.01885 2.38057 2.33081 0.800448 0.565509 0.638279 0.354155 1.81506 1.76013 0.394896 0.401903 0.375134 1.53036 0.354027 1.49775 0.425315 0.144249 0.281317 0.170612 0.284124 0.254045
internal_count=3285 1924 1361 1122 1753 532 165 239 71 957 921 105 171 152 1221 148 1220 380 48 128 60 168 166
is_linear=0
shrinkage=0.1


Tree=169
num_leaves=20
num_cat=0
split_feature=162 167 20 144 6 161 24 37 76 195 40 47 79 127 171 16 26 37 0
split_gain=0.424967 0.253307 0.221343 0.216876 0.272111 0.140604 0.0973834 0.0723766 0.0717915 0.0678751 0.0390998 0.0196154 0.0151709 0.0149219 0.00202619 0.00171985 0.000318712 2.27183e-06 9.26107e-07
threshold=0.19450231258392425 0.81824013061367962 -0.53454167931076302 -0.15451566283399046 0.98106366775287734 0.3585812058125703 -0.27431637864621111 -1.2716876795784644 0.049902550585231721 0.53972148075600967 0.25130847226846326 1.0294493985715378 -0.21561498447529956 -0.37978082548333186 0.06228079783741191 0.6067845600912195 -0.30346125141957264 -0.085441495543965421 0.34508834893618556
decision_type=2 2 2 2 2 2 2 2 2 2 2 2 2 2 2 2 2 2 2
left_child=1 2 3 5 -5 -1 7 -2 -4 11 -3 -8 -10 -9 -11 -15 -12 -18 -16
right_child=6 10 8 4 -6 -7 9 13 12 14 16 -13 -14 15 18 -17 17 -19 -20
leaf_value=0.057917922311940519 0.066915273465351796 -0.013233356187405846 0.051218169604892276 -0.038387029870602864 0.03795181362532063 -0.045440314994917672 -0.0088406392454656764 0.041011735492092027 0.028202478548887341 -0.023620486921535885 0.057334621202649177 0.061407679491318416 -0.06689224600623779 -0.066753832211692912 -0.067516649424863504 -0.033755145683488801 0.066881474878715069 0.067626734702638816 -0.066722301460501648
leaf_weight=1.1448102924041452 0.04327103798277665 0.065901488356757798 0.06041759054642204 1.1320845586014909 0.79472018516389642 0.1487127209547906 0.056792304094415047 0.013125750818289705 0.017340303747914732 0.012346816976787522 0.036138030467554927 0.13245320905116387 0.51582820829935372 1.0574263453891033 0.018646113574504852 0.016033698746468761 0.82957737951073796 0.043024839949794114 0.068951284920331091
leaf_count=378 9 18 13 247 202 48 24 4 3 12 12 39 330 1427 1 23 396 3 96
internal_value=0.00140286 0.0156462 0.00401944 0.0143623 -0.00690069 0.0460351 -0.0466611 -0.0599144 -0.0520925 0.00511918 0.0611433 0.0403263 -0.0637995 -0.0649651 -0.0615458 -0.0662609 0.0665371 0.0669182 -0.0668914
internal_weight=6.2076 4.78856 3.81391 3.22033 1.9268 1.29352 1.41905 1.12986 0.593586 0.28919 0.974642 0.189246 0.533169 1.08659 0.0999442 1.07346 0.90874 0.872602 0.0875974
internal_count=3285 1650 1221 875 449 426 1635 1463 346 172 429 63 333 1454 109 1450 411 399 97
is_linear=0
shrinkage=0.1


Tree=170
num_leaves=25
num_cat=0
split_feature=44 24 7 6 90 71 137 44 111 186 132 145 198 185 7 103 20 8 136 51 14 121 198 13
split_gain=0.488962 0.188181 0.187574 0.181498 0.147591 0.0839039 0.0917494 0.0789768 0.104297 0.0738682 0.0608508 0.0402446 0.0285877 0.0202513 0.0106314 0.0097442 0.00726225 0.00400444 0.0036453 0.00109352 1.32418e-06 8.96783e-08 8.60687e-09 8.29819e-10
threshold=1.1370776116198378 -0.57091220090985872 -1.1885902904357046 0.92036702003273374 1.6458578935797232 0.4430465272381951 1.1601016100542028 0.71773846693429899 0.54782084898960981 0.42100045709852801 0.64990837984139294 -0.23025079714227847 0.37381162418111874 0.74490883483936343 -0.12406597364982926 1.0996378699247324 -0.76251869972805475 -1.1501102961399929 0.24062890600847212 -0.23684075968674434 0.88884882928044651 1.5253757891675077 0.34955189251306557 -0.10173208577046518
decision_type=2 2 2 2 2 2 2 2 2 2 2 2 2 2 2 2 2 2 2 2 2 2 2 2
left_child=1 9 10 11 5 6 -5 17 -9 22 19 -2 -7 -13 20 -6 -12 -4 -15 -3 -11 -17 23 -1
right_child=3 2 7 4 15 12 -8 8 -10 14 16 13 -14 18 -16 21 -18 -19 -20 -21 -22 -23 -24 -25
leaf_value=-0.066687752613004969 -0.00079452896506861386 -0.037503460119868215 -0.033507503418915063 0.046411436948407568 0.008678801989642871 0.06710508458703128 -0.035522205914508581 0.022240411407191248 -0.04942452103958006 0.066822874030402421 0.030407776291231967 -0.010846230351935771 -0.066880081385301993 0.035219644287269661 0.017529174068546542 0.066872728205939827 0.067163542889187078 -0.066784204967545141 0.065765801614542291 -0.066878559852030603 0.067353591980153879 0.066757577104795685 -0.066789476985766635 -0.06672071002354317
leaf_weight=0.033665830444078892 0.10995464399456967 0.018548633262980729 0.037289521365892919 0.27153538970742352 0.032047010841779411 0.016826601698994637 0.27517564987647347 0.29264410099131044 0.66351445263717324 0.18626621761359274 0.078197928902227432 0.036590713803889563 0.297037157259183 0.040471974672982358 0.052724858309375122 0.10815317474771291 0.17197511997073889 1.1967294975474936 1.126093045400921 0.040003263042308723 0.062885183491744101 0.18051230633864179 0.012463260587537661 0.0098822836298498862
leaf_count=74 20 22 19 60 13 2 50 111 393 74 17 24 172 16 33 35 36 1367 570 30 7 122 6 12
internal_value=-0.0008183 -0.0290642 -0.0387771 0.0315313 0.00309152 -0.0184867 0.00517184 -0.0490634 -0.0274906 0.0387545 0.0341964 0.057116 -0.059697 0.0624083 0.0583239 0.0609929 0.0556746 -0.0657787 0.0647061 -0.0575728 0.0669568 0.0668007 -0.0667162 -0.0666952
internal_weight=5.35119 2.85679 2.4989 2.4944 1.18129 0.860575 0.546711 2.19018 0.956159 0.357888 0.308725 1.31311 0.313864 1.20316 0.301876 0.320712 0.250173 1.23402 1.16657 0.0585519 0.249151 0.288665 0.0560114 0.0435481
internal_count=3285 2201 1995 1084 454 284 110 1890 504 206 105 630 174 610 114 170 53 1386 586 52 81 157 92 86
is_linear=0
shrinkage=0.1


Tree=171
num_leaves=23
num_cat=0
split_feature=110 162 185 192 156 186 30 114 65 49 14 178 19 7 90 88 142 89 71 162 56 92
split_gain=0.41705 0.243925 0.219139 0.181458 0.123451 0.113909 0.0835321 0.0732181 0.0769057 0.0731239 0.0646893 0.0577846 0.0518872 0.0497526 0.042097 0.0305871 0.0202172 0.0196862 0.0144836 0.00738886 0.00343818 1.37083e-07
threshold=0.55098308101717242 0.19450231258392425 1.1474746404886973 0.14255963176772599 0.39584455666425766 0.99597459154831169 -0.92454968334474108 -1.7110222634697814 1.3828680700003806 0.66613598813897623 -0.12798102386006968 1.3346859622235347 0.53802673636591491 -0.37122873569968068 1.3253393877062478 1.9391323319440672 0.21064189839129213 0.29851012105517666 0.5828998647452529 1.0000000180025095e-35 0.12756742937744567 -0.69838730475959421
decision_type=2 2 2 2 2 2 2 2 2 2 2 2 2 2 2 2 2 2 2 2 2 2
left_child=3 9 4 12 13 7 -4 -5 -9 15 -7 16 20 -3 -6 17 -11 -2 -8 -12 -1 -22
right_child=1 2 6 5 14 10 18 8 -10 11 19 -13 -14 -15 -16 -17 -18 -19 -20 -21 21 -23
leaf_value=-0.024392094507261455 0.021995815938136987 -0.066930733045336033 0.057848875001027145 -0.066951457004170475 0.059837769924156452 0.066949853553097793 -0.066733560544309484 0.061792476733528848 -0.040911099005646212 0.015618964567908723 -0.066917782610496981 0.063219696162993999 0.055042820727392798 0.032938015917426199 -0.027913717711980465 0.037773822299323155 -0.066830972634108338 -0.065916249644302219 -0.015900157148716974 -0.024729846061995756 -0.066754047240746295 -0.066924135350702962
leaf_weight=0.021055195888039058 0.02600234383135136 0.14479879752616398 0.068400200456380844 0.049206593161215895 0.67516920884372666 0.062607708212453872 0.42827993771061301 1.52695535949897 0.076565955823752918 0.043597225681878515 0.11176477532717388 0.08794173039495945 0.044640772568527609 0.076100032369140314 0.059485745267011225 0.030155164626194053 0.093566497089341283 1.2491971110866869 0.064490262564504519 0.066047796863131225 0.13237215322442353 0.073803333274554461
leaf_count=8 17 61 7 13 351 18 543 790 26 14 41 17 14 25 11 10 44 1079 45 19 111 21
internal_value=-0.000683626 -0.0245269 0.00389396 0.0328748 0.033023 0.0438458 -0.0457066 0.0532014 0.0568885 -0.0526926 -0.0204676 -5.57384e-05 -0.0435207 -0.0325258 0.0527324 -0.0617697 -0.0406244 -0.0641237 -0.0600808 -0.0512472 -0.062884 -0.0668149
internal_weight=5.2122 3.04718 1.51672 2.16502 0.955554 1.89315 0.56117 1.65273 1.60352 1.53046 0.24042 0.225105 0.271871 0.220899 0.734655 1.30535 0.137164 1.2752 0.49277 0.177813 0.227231 0.206175
internal_count=3285 2224 1043 1061 448 907 595 829 816 1181 78 75 154 86 362 1106 58 1096 588 60 140 132
is_linear=0
shrinkage=0.1


Tree=172
num_leaves=21
num_cat=0
split_feature=162 167 20 35 69 195 24 37 186 195 7 86 40 162 127 128 13 13 37 0
split_gain=0.374574 0.226228 0.200351 0.195639 0.155458 0.0898059 0.089321 0.0644838 0.0615581 0.0598067 0.0478872 0.0356299 0.0355401 0.0174443 0.0132402 0.00216105 0.00180271 0.000405518 1.50291e-06 6.43262e-07
threshold=0.19450231258392425 0.81824013061367962 -0.79736367449433898 -0.68601238846558965 -0.12244851407211375 0.7844737667647671 -0.27431637864621111 -1.2716876795784644 1.6392399141072069 0.53972148075600967 -1.1671135917578999 1.1060388638694476 0.25130847226846326 0.76983163209898486 -0.37978082548333186 0.28455785449602156 1.1968088023191863 -0.297147177994043 -0.085441495543965421 0.34508834893618556
decision_type=2 2 2 2 2 2 2 2 2 2 2 2 2 2 2 2 2 2 2 2
left_child=1 2 5 10 -5 8 7 -2 -1 13 -4 -7 -3 -8 -9 -11 -16 -14 -19 -17
right_child=6 12 3 4 -6 11 9 14 -10 15 -12 -13 17 -15 16 19 -18 18 -20 -21
leaf_value=0.061617811628845734 0.066887915471430567 -0.011970028528186955 -0.034426078998953037 -0.052333278927040552 0.0040101072181348519 0.022937448056080802 -0.0039718269709442663 0.03928973974128562 -0.061942262575036537 -0.0193468005896353 0.054843416474988686 -0.067047083695784826 0.054709948003001191 0.062627565163106677 -0.066746255948560776 -0.067419650915591128 -0.031299727193346588 0.066861717866804768 0.067507811954789498 -0.066717772574063444
leaf_weight=0.79018685047049053 0.038608861155807861 0.062192155804950633 0.069240070413798094 1.0367138461151624 0.92808134024380762 0.085670248372480273 0.060017426905687787 0.01204612455330778 0.04248887428548187 0.010904207709245384 0.45480089227203291 0.090471243427600712 0.028308983077295125 0.1140941702760756 0.94281814750866033 0.016565850004553795 0.014569248480256647 0.74537321517709643 0.037830504355952144 0.061658354650717229
leaf_count=325 9 18 7 365 308 18 24 4 15 16 161 22 8 39 1431 1 19 400 3 92
internal_value=0.00147343 0.0153678 0.00399788 -0.0112397 -0.0257192 0.0415902 -0.0463031 -0.0598485 0.0553129 0.00556727 0.0430485 -0.0232811 0.0608846 0.0396703 -0.0648959 -0.0610527 -0.0662068 0.0664679 0.0668929 -0.0668664
internal_weight=5.64264 4.37136 3.49765 2.48884 1.9648 1.00882 1.27128 1.00804 0.832676 0.26324 0.524041 0.176141 0.873705 0.174112 0.969434 0.0891284 0.957387 0.811513 0.783204 0.0782242
internal_count=3285 1650 1221 841 673 380 1635 1463 340 172 168 40 429 63 1454 109 1450 411 403 93
is_linear=0
shrinkage=0.1


Tree=173
num_leaves=22
num_cat=0
split_feature=3 119 44 111 38 24 7 7 6 47 7 69 71 132 63 185 71 37 20 20 52
split_gain=0.428913 0.203138 0.15779 0.162424 0.156828 0.111716 0.0816982 0.0630029 0.0588218 0.0519237 0.0491618 0.0318387 0.0313605 0.0291249 0.0102179 0.00292759 0.000892914 3.28353e-06 2.21409e-07 4.4278e-09 6.89485e-10
threshold=1.1417265045350342 1.574039241133643 1.7684504264707359 1.1670444906112876 0.7700252468544746 -0.57230827285767483 -0.237270769652389 -0.8894994128545185 0.72143463722482959 1.2930759352824681 -1.2222791698717359 1.3094220853777896 0.82414818113057442 2.2187759995791381 2.3547276208717629 1.1618422275668217 0.52554679359102041 -1.0504052328829776 -0.29816702860314498 -0.32272832169660465 -0.26935233130958852
decision_type=2 2 2 2 2 2 2 2 2 2 2 2 2 2 2 2 2 2 2 2 2
left_child=5 2 3 4 -2 6 18 8 -7 16 -5 -10 15 14 -9 -3 -4 -17 -1 -8 -21
right_child=1 12 9 10 -6 7 19 13 11 -11 -12 -13 -14 -15 -16 17 -18 -19 -20 20 -22
leaf_value=0.06705934788008025 0.030841589204079561 0.035435248610826559 0.067002103071565386 0.045420302425049068 -0.064183349186678687 0.032355045114352415 -0.066765340602764386 -0.066605513588037221 -0.066796889378197888 -0.033778245945548513 -0.060032468290044466 0.030143804878123542 -0.005438970561685812 0.067267784929234339 0.00061425324599130452 0.067690840406709141 0.053452335090988082 0.066780077035703253 0.066808885893090489 -0.066719615459920653 -0.066692399909453845
leaf_weight=0.05741073761601001 0.90839297979255273 0.030827815760858246 0.39203105971682806 0.048030315083451569 0.21473528046044521 0.15144162467913669 0.012114697747165337 1.071107430179836 0.17968329359428026 0.059954426193144172 0.55568432749714691 0.041752653050934896 0.066867453686427325 0.016856714384630433 0.023101157654309534 0.041709232144057751 0.055522727430798113 0.77722266688942909 0.091622161562554538 0.011962542397668585 0.041960934497183078
leaf_count=10 239 8 141 17 80 29 8 1604 175 15 177 20 32 2 7 2 19 559 38 17 86
internal_value=-0.000979551 0.0208573 0.00459457 -0.00981195 0.0126734 -0.041478 0.0258782 -0.0512401 -0.0156722 0.053614 -0.0516429 -0.0485183 0.060499 -0.0631768 -0.0651864 0.0656876 0.0653211 0.0668265 0.0669054 -0.0667107 -0.0666984
internal_weight=4.84999 3.15098 2.23435 1.72684 1.12313 1.69901 0.215071 1.48394 0.372878 0.507508 0.603715 0.221436 0.916627 1.11107 1.09421 0.84976 0.447554 0.818932 0.149033 0.0660382 0.0539235
internal_count=3285 1289 688 513 319 1996 159 1837 224 175 194 195 601 1613 1611 569 160 561 48 111 103
is_linear=0
shrinkage=0.1


Tree=174
num_leaves=25
num_cat=0
split_feature=119 29 162 71 83 65 49 6 161 185 162 87 168 187 63 7 29 170 33 88 48 170 187 123
split_gain=0.373098 0.229703 0.140978 0.129118 0.114515 0.0889643 0.076181 0.0709929 0.0601973 0.0549005 0.0545969 0.0533834 0.0525793 0.0507285 0.0487582 0.0396358 0.0347845 0.0344907 0.0288073 0.0102282 0.00494487 0.00307539 3.18496e-07 2.47655e-08
threshold=0.4768439997190046 -0.34580824636010427 0.76983163209898486 0.4430465272381951 1.035717935052161 1.3554605641213333 -0.12595491705263501 0.4291277130964129 0.58712812874720099 0.91815163389031251 1.0000000180025095e-35 1.1219968831034712 -0.84856014088708298 0.1645554366650567 1.414255062059848 -0.7639252334674399 1.2015909336020674 0.73434853101208464 1.4386238141835166 0.90116595033659841 1.1217407109419517 3.3617245485704634 0.40168996327925927 0.49724864083105852
decision_type=2 2 2 2 2 2 2 2 2 2 2 2 2 2 2 2 2 2 2 2 2 2 2 2
left_child=1 4 11 9 8 7 13 -3 17 -4 22 18 -5 -6 23 -9 -11 -1 21 -8 -14 -2 -7 -13
right_child=2 5 3 12 6 10 19 15 -10 16 -12 14 20 -15 -16 -17 -18 -19 -20 -21 -22 -23 -24 -25
leaf_value=-0.065752333313339559 -0.066349718640418123 -0.040329034470913405 0.053272924196715234 -0.05224801804353179 0.057823171232211958 -0.067173593803310547 0.027834812365687345 0.0050649952244206384 0.054097893722304696 -0.06252270764902379 0.062309270286441759 -0.066713412423808252 0.028563591152891827 -0.063512273159836152 0.044555806084912657 0.06301176981564309 0.047146421219793073 0.022928915550477099 0.022412641012010709 0.067268179857022256 0.066071237159969376 -0.0364394186537529 -0.066825418741748591 -0.066838793276351713
leaf_weight=0.43758621835149847 1.0069754061114506 0.077400933427270391 0.05710099620046083 0.047521714266622439 0.047422498580999672 0.049553287331946083 0.10113883926533163 0.12940028816228721 0.054355195024982095 0.31672874334617518 0.047303569037467241 0.040680948615772539 0.040673108713235706 0.12602839281316847 0.096597879368346184 1.3445327331428414 0.031827480299398303 0.048742176062660292 0.038812175713246577 0.18812869244720787 0.25880722876172513 0.035591242252848931 0.055923154635820538 0.025710118614370003
leaf_count=345 971 24 20 25 16 8 37 56 14 368 26 52 28 92 29 901 5 20 14 18 144 25 34 13
internal_value=-0.000684202 0.0235015 -0.0334746 0.00068865 -0.014457 0.045852 0.022061 0.0530223 -0.0457092 -0.0376186 -0.0269558 -0.0541383 0.0454711 -0.0303384 -0.000787795 0.0579245 -0.0525086 -0.0568643 -0.0621795 0.0534808 0.0609772 -0.0653286 -0.066989 -0.066762
internal_weight=4.70454 2.70752 1.99703 0.752659 1.0034 1.70411 0.462718 1.55133 0.540684 0.405657 0.15278 1.24437 0.347002 0.173451 0.162989 1.47393 0.348556 0.486328 1.08138 0.289268 0.29948 1.04257 0.105476 0.0663911
internal_count=3285 1591 1694 590 542 1049 163 981 379 393 68 1104 197 108 94 957 373 365 1010 55 172 996 42 65
is_linear=0
shrinkage=0.1


Tree=175
num_leaves=26
num_cat=0
split_feature=39 198 25 20 9 135 89 156 20 20 65 74 57 117 86 44 60 14 11 174 148 41 162 31 2
split_gain=0.337857 0.25543 0.144235 0.137125 0.116542 0.105943 0.111349 0.0985189 0.0891991 0.0781885 0.084938 0.0742548 0.0510643 0.0319393 0.0258029 0.0292397 0.0211134 0.0171388 0.0155118 0.00799079 0.0054964 0.00339591 5.91774e-05 1.25986e-06 3.06374e-08
threshold=-0.63417108094669827 0.78455809753775618 -0.580542332504704 -0.59818870176699479 0.68556710494007811 -0.97253499544498367 1.606174341299683 2.1116670580893375 -0.7813841227855115 -0.72173463559052842 0.98273809578425575 0.97443736201872133 1.1455742167829095 -0.66435427404215708 1.2243954934982115 0.66648802012489716 -0.22429515594102559 1.5362038398385061 -0.32866634046318272 -0.11259766050511985 0.089286557640592359 -1.1540240723581914 0.19450231258392425 -1.1924703057443502 1.6044102482750382
decision_type=2 2 2 2 2 2 2 2 2 2 2 2 2 2 2 2 2 2 2 2 2 2 2 2 2
left_child=5 2 3 11 14 6 16 17 13 -10 -11 -2 19 -7 22 -16 -1 -4 -18 -6 -5 -15 -3 -8 -25
right_child=1 4 7 20 12 8 23 -9 9 10 -12 -13 -14 21 15 -17 18 -19 -20 -21 -22 -23 -24 24 -26
leaf_value=-0.0035434637910787496 0.066941064504282374 0.066978183959951323 -0.062109051006360598 0.029110116600862414 0.0092642690840674027 -0.024972588536396261 -0.067719853271504385 0.022085537392983884 -0.063953726877491707 -0.019699397654397148 0.061951974637978961 -0.046945210358479789 0.062899316208130537 0.024151748440719063 0.065189582707657096 -0.066925943560216861 0.065610449134508558 0.036784564003710656 0.0031366424471162679 -0.06690867825857709 -0.066747017090048141 0.065640710988458181 0.063497466941346004 -0.066750578927907436 -0.066905995483542605
leaf_weight=0.049905295250937232 0.2785915115091484 0.3715257784933782 1.4631612726370802 0.0061927097849553405 0.015255172678735107 0.048280262621119618 0.022965369746088982 0.15825274691451352 0.20232557275448926 0.36862436187220715 0.1946886719961185 0.072058990568621084 0.043544725805986673 0.021238708111923188 0.033838797360658646 0.033175522083183751 0.97841111751040422 0.01773691177368153 0.041426150477491763 0.1416215512144845 0.1756101991632022 0.27742837835103273 0.056238489341922104 0.025733691960340255 0.025012674799654633
leaf_count=23 42 130 1512 7 7 11 1 32 25 130 45 96 22 9 20 23 534 12 16 99 276 154 16 31 12
internal_value=0.00144865 -0.021333 -0.0382219 0.0069963 0.0314231 0.0303978 0.0517735 -0.0529103 0.00842907 -0.0106314 0.00852043 0.0435373 -0.0329079 0.0504914 0.0574818 -0.000214373 0.059965 -0.0609246 0.0630727 -0.0595014 -0.0634819 0.0626904 0.0665206 -0.0671053 -0.0668272
internal_weight=5.12284 2.8668 2.1716 0.532453 0.6952 2.25604 1.14345 1.63915 1.11259 0.765639 0.563313 0.350651 0.200421 0.346947 0.494779 0.0670143 1.06974 1.4809 1.01984 0.156877 0.181803 0.298667 0.427764 0.0737117 0.0507464
internal_count=3285 2294 1977 421 317 991 617 1556 374 200 175 138 128 174 189 43 573 1524 550 106 283 163 146 44 43
is_linear=0
shrinkage=0.1


Tree=176
num_leaves=26
num_cat=0
split_feature=44 24 7 6 20 67 185 22 108 185 170 0 167 117 3 109 165 6 89 8 17 20 185 144 20
split_gain=0.380675 0.147344 0.157287 0.146852 0.0928608 0.0920961 0.0852069 0.0698593 0.0580957 0.0576155 0.0572653 0.0545033 0.0474597 0.0419067 0.0701686 0.041328 0.0177677 0.015472 0.0151861 0.0130848 0.00159129 5.70207e-07 3.36506e-07 5.70888e-08 3.46337e-09
threshold=1.1370776116198378 -0.57091220090985872 -0.8894994128545185 1.1934763764090139 -0.83202439751613089 -0.18544294702328865 0.95152853928733383 -0.57274824411292913 0.66219688598275306 0.4600987419043579 2.6849921211516459 1.5866372807037521 0.73668002378408726 -0.72627513271870414 1.2640435344114482 1.3155253722784941 -1.3059877387885244 0.10923403838068112 1.606174341299683 1.1517983871306761 -0.27061175426388434 -0.33318389547877098 1.314682713205207 1.9511491160623475 -0.32614617803288065
decision_type=2 2 2 2 2 2 2 2 2 2 2 2 2 2 2 2 2 2 2 2 2 2 2 2 2
left_child=1 9 4 6 23 -6 8 15 -2 19 12 -12 -8 14 -4 -5 -10 -15 22 24 -11 -22 -9 -3 -1
right_child=3 2 13 7 5 -7 10 18 16 20 11 -13 -14 17 -16 -17 -18 -19 -20 -21 21 -23 -24 -25 -26
leaf_value=-0.066760256624592187 0.062913544438361987 -0.066710241444678312 -0.056193469996196926 -0.045519056375603537 0.052184628828598568 -0.056909325168832028 0.065332816047815406 -0.066789508613722529 0.067240263992284943 0.045435038342012318 -0.045152775460357668 0.066732049237459901 -0.022856411897263763 0.021756252253648661 0.057171241045005462 0.066993830803485907 -0.056139489975909368 -0.063916217814734499 -0.0055517343735533567 0.051639192592750287 0.067186697290787287 0.066785126561626454 -0.067056916395956775 -0.066906571242856219 -0.066693846969488407
leaf_weight=0.0096488617127761245 0.070346420863643622 0.11724304896779358 0.15739570095320288 0.048014008934842423 0.3499637873028405 0.099349653261015747 1.1690953602083025 0.13422101968899358 0.012686677277088165 0.0427714804536663 0.10692809958709393 0.073444487701635808 0.064383686520159134 0.02145031001418729 0.083599095931276679 0.10200252971844748 0.14592597429873422 1.2201321844768243 0.050171652517747134 0.011396206537028775 0.048341462388634682 0.13167251035338268 0.072466671466827393 0.016952316160313785 0.042193373839836901
leaf_count=6 8 180 237 29 86 40 683 104 1 22 12 59 18 6 10 34 112 1432 15 7 7 68 9 4 96
internal_value=-0.000954688 -0.0284069 -0.0377194 0.030548 0.00626087 0.0280624 0.0438689 -0.0232368 -0.0127246 0.0388614 0.0530337 0.000404722 0.0607296 -0.055029 -0.0168682 0.0309832 -0.0462709 -0.0624361 -0.0549035 -0.0453792 0.0627734 0.066893 -0.0668833 -0.066735 -0.0667062
internal_weight=4.4018 2.35211 2.06609 2.04969 0.583509 0.449313 1.64281 0.406876 0.228959 0.286024 1.41385 0.180373 1.23348 1.48258 0.240995 0.150017 0.158613 1.24158 0.256859 0.0632384 0.222785 0.180014 0.206688 0.134195 0.0518422
internal_count=3285 2201 1995 1084 310 126 893 191 121 206 772 71 701 1685 247 63 113 1438 128 109 97 75 113 184 102
is_linear=0
shrinkage=0.1


Tree=177
num_leaves=27
num_cat=0
split_feature=7 29 160 27 161 186 115 123 92 6 119 172 86 87 162 110 19 27 7 187 19 185 112 90 85 77
split_gain=0.329236 0.15898 0.14723 0.094859 0.0752219 0.132699 0.0689073 0.0672789 0.0525591 0.0453298 0.0425098 0.0408548 0.0379894 0.0360442 0.0325217 0.0537231 0.0297743 0.0229194 0.0166171 0.0134077 0.00513527 0.00507908 0.00267461 0.000282331 5.87623e-05 8.09068e-07
threshold=-0.27598615383933883 0.56335140450313437 -0.46488048361001511 0.88903231851265574 0.58712812874720099 1.0645902329271515 0.030258664713300656 0.044611398601556225 -0.95021775147024468 0.36299201619228744 0.15605901318337825 0.76310066865966786 0.28819651033585181 0.93409198717709307 0.48216698276929837 0.5075288067387268 0.48556218205533958 0.94733150740921834 -0.36625096004523655 1.245807099252771 0.58764659178581491 1.1618422275668217 -0.2466222452022242 0.38996857268262192 -0.95423133262061233 -3.0544185646630191
decision_type=2 2 2 2 2 2 2 2 2 2 2 2 2 2 2 2 2 2 2 2 2 2 2 2 2 2
left_child=1 4 6 8 14 16 12 23 13 -10 -9 19 17 -4 20 -16 -6 -2 -7 -3 -1 24 -8 -5 -13 -24
right_child=2 11 3 7 5 18 22 10 9 -11 -12 21 -14 -15 15 -17 -18 -19 -20 -21 -22 -23 25 -25 -26 -27
leaf_value=-0.066109981217868402 0.019991328407514584 0.019066190007674125 -0.053910121530008841 -0.056460618419774414 -0.026923737553870109 -0.062301583237056549 -0.019132142722381559 0.062544899141077845 -0.044260521126570612 0.062502917763928148 -0.013215824894238665 0.060621392255025358 0.050067341396977494 0.053429412737466819 0.065222696675894976 -0.047202578622630748 0.062676264418545499 -0.066902453013205035 0.03143882362185383 -0.066843744121770118 -0.010739310382231677 0.027198148244063882 -0.067428597636199586 -0.066970754893832529 0.066910043900784866 -0.066813173087547237
leaf_weight=0.88509905297541969 0.055345789704006498 0.03381958627142001 0.073994978039991 0.035974088765215018 0.046064683905569725 0.2696872076485306 0.012424345011822879 0.14456683897878975 0.041182414977811166 1.1582523618708362 0.1518648287456017 0.016335629101376981 0.12908121640793979 0.05419677754980512 0.05247114080702886 0.22376688060467131 0.19030357676092535 0.067223924328573048 0.020336402754765004 0.039249098801519722 0.017072665563318878 0.040596569189801812 0.024140261579304934 0.088280280178878456 0.16435589079628699 0.18559012821060605
leaf_count=1020 16 22 50 25 29 360 7 41 8 886 64 17 27 13 16 230 75 26 9 20 14 13 5 35 99 158
internal_value=-0.000668947 -0.0301126 0.0258204 0.0392204 -0.0418304 -0.0104016 -0.0236248 -0.00215937 0.0523325 0.0588372 0.0237319 0.0377527 0.0122064 -0.00852922 -0.0558696 -0.0258475 0.0452145 -0.027666 -0.0557285 -0.0270806 -0.0650621 0.0591604 -0.0642134 -0.0639279 0.0663415 -0.066884
internal_weight=4.22128 1.99916 2.22212 1.74831 1.7048 0.526392 0.473806 0.420686 1.32763 1.19943 0.296432 0.294357 0.251651 0.128192 1.17841 0.276238 0.236368 0.12257 0.290024 0.0730687 0.902172 0.221288 0.222155 0.124254 0.180692 0.20973
internal_count=3285 1924 1361 1122 1753 473 239 165 957 894 105 171 69 63 1280 246 104 42 369 42 1034 129 170 60 116 163
is_linear=0
shrinkage=0.1


Tree=178
num_leaves=23
num_cat=0
split_feature=35 11 161 40 69 135 17 86 72 24 8 104 85 79 118 114 24 50 116 158 163 60
split_gain=0.296448 0.195552 0.143775 0.131827 0.124107 0.117241 0.0857238 0.0831038 0.0511622 0.0437726 0.0423876 0.0413823 0.04023 0.0377759 0.0389227 0.0295597 0.020035 0.00770544 0.00232454 0.000917554 0.000152393 4.55812e-07
threshold=-0.1649213226004109 -0.83675867712304408 0.3585812058125703 1.0458489291981257 -0.091269165667718574 -0.83818050473673622 -0.76706165932722403 1.2924199995924721 1.2409741042410278 -0.25340415471751138 -0.76123600339399144 1.1327635220938859 0.15106307823239271 -0.24135302889084567 1.6824242246209906 -1.2001025199117095 -0.48106392608265225 -1.7346891201938752 -0.28616915399910486 -0.19347222607190143 -0.15627703022872311 0.59935777322637585
decision_type=2 2 2 2 2 2 2 2 2 2 2 2 2 2 2 2 2 2 2 2 2 2
left_child=2 7 4 13 5 10 -7 18 -9 15 -1 17 -13 -3 -15 -4 -5 -6 -2 -17 -20 -10
right_child=1 3 9 16 11 6 -8 8 21 -11 -12 12 -14 14 -16 19 -18 -19 20 -21 -22 -23
leaf_value=-0.037123789973159467 0.038617910300099006 0.028613673819223136 0.058898162525702291 -0.011787002073592966 0.016301553461405462 0.045427241420486986 -0.034025916018230407 0.064204699146095986 -0.066748156297870759 0.025474775030591618 0.06071750285163216 -0.039312139117145296 0.056816316643478137 -0.06150527742078063 0.062707621461178073 -0.040231025571478826 0.064667430635714174 0.066145662841744099 0.060629680844800374 -0.066979562760622099 0.066991820826775614 -0.067164100409458249
leaf_weight=0.049766939249821007 0.03597082756459713 0.051138776063453073 0.020685179159045219 0.049994498200248927 0.032108345767483115 0.17927045316901091 0.5599231512460392 0.041344231751281768 0.049324430074193515 0.087449863407527917 0.4015103220008317 0.082427270244807005 0.092270289489533752 1.2624072809558127 0.025741636112798116 0.013564637920353562 0.1090145404159556 0.91069467598572351 0.046222655568271875 0.23494733257393818 0.20298433228163038 0.05655345565173775
leaf_count=13 17 29 8 14 10 124 191 17 77 38 285 49 24 1648 4 13 39 415 27 169 64 10
internal_value=0.00147924 -0.0283593 0.0230993 -0.0454562 0.0322305 0.00976339 -0.0147568 0.0308827 -0.0301326 -0.0359916 0.0499275 0.0561646 0.0114602 -0.0556768 -0.0590231 -0.0559592 0.0406292 0.0644482 0.0623817 -0.0655195 0.0658118 -0.0669703
internal_weight=4.59532 1.9307 2.66462 1.4983 2.30797 1.19047 0.739194 0.4324 0.147222 0.356647 0.451277 1.1175 0.174698 1.33929 1.28815 0.269197 0.159009 0.942803 0.285178 0.248512 0.249207 0.105878
internal_count=3285 1946 1339 1734 1111 613 315 212 104 228 298 498 73 1681 1652 190 53 425 108 182 91 87
is_linear=0
shrinkage=0.1


Tree=179
num_leaves=19
num_cat=0
split_feature=89 7 125 71 119 58 145 111 198 8 6 165 21 6 178 89 37 82
split_gain=0.337062 0.170315 0.169782 0.140852 0.0950905 0.113276 0.146366 0.0937149 0.0632215 0.0281163 0.0236976 0.0270323 0.0212786 0.0209005 0.0111021 0.000842478 1.57573e-06 1.52654e-07
threshold=1.2754395768919409 -0.41536479469823745 0.50383285993991622 0.84669755413098102 1.574039241133643 1.9186259529338268 -0.047014552431493828 0.9506478618213513 0.81867780010460978 -1.442929422884528 0.34934670934273604 -1.3608732995160306 0.65918540393553959 0.25408142590833421 1.3210942714344442 1.3205729206008316 -1.0504052328829776 0.020678188775159426
decision_type=2 2 2 2 2 2 2 2 2 2 2 2 2 2 2 2 2 2
left_child=1 2 3 7 5 6 -2 -1 -8 -4 -3 -12 -13 -11 15 -6 -17 -5
right_child=4 10 9 17 14 -7 8 -9 -10 13 11 12 -14 -15 -16 16 -18 -19
leaf_value=0.059536068805225939 -0.060396667288512111 0.0050315280032487732 0.034672590723465818 -0.067134430946618071 0.046860400907119931 -0.06709062537140191 0.061695757772025656 -0.021058762170055353 -0.044832251128154414 0.054548470044572119 0.039744793428434871 -0.066267539316884325 0.066829941226332734 -0.061397756002044106 0.0085108735839567601 0.067470062695762209 0.066757248325354832 -0.066763078780011573
leaf_weight=0.58206648053601406 0.1470379235688597 0.057041637133807277 0.035908397985622287 0.012047768686898053 0.021951358183287084 0.14608708073501475 0.5449089844478292 0.19182307322626002 0.062054852096480317 0.016121897439006716 0.025650544441305434 0.86084967030910742 0.012181628029793501 0.43589183015865274 0.035300327755976468 0.032741393893957138 0.58713872137013823 0.13636206110822968
leaf_count=160 33 28 12 3 8 37 257 116 30 3 6 1382 4 477 16 2 542 169
internal_value=-0.00100776 -0.0248791 -0.00279154 0.0224457 0.0348009 0.013504 0.0291192 0.0395591 0.0508045 -0.0504964 -0.0574704 -0.0614376 -0.0644104 -0.0572623 0.0631102 0.0661131 0.0667949 -0.0667932
internal_weight=3.94317 2.36594 1.41022 0.922299 1.57722 0.900089 0.754002 0.77389 0.606964 0.487922 0.955723 0.898682 0.873031 0.452014 0.677132 0.641831 0.61988 0.14841
internal_count=3285 2360 940 448 925 357 320 276 287 492 1420 1392 1386 480 568 552 544 172
is_linear=0
shrinkage=0.1


Tree=180
num_leaves=24
num_cat=0
split_feature=119 130 3 48 162 65 75 29 49 186 170 50 160 70 6 7 162 73 7 133 92 35 69
split_gain=0.292326 0.185676 0.135976 0.112952 0.100371 0.0940718 0.0804572 0.0566585 0.0551489 0.0535035 0.0425311 0.0410435 0.0388573 0.0270836 0.0230601 0.0190007 0.0143561 0.00547748 0.00517799 0.00263523 0.00229542 3.0761e-05 1.02747e-09
threshold=0.4768439997190046 0.60092953780903791 0.19945065850566354 1.1916313052706722 0.76983163209898486 1.7053556301903441 0.69788727324817634 -0.80615821649546737 0.29965055049558015 1.5306056449722785 3.0842403339459241 -1.3486576742935126 -0.46488048361001511 -0.60914174089744455 1.4526354187916621 0.6434431267886106 1.0000000180025095e-35 2.5067542595286381 -0.02145044128623478 0.76683151745261158 -0.80818637710447161 -0.67819318369460746 0.93019606621940321
decision_type=2 2 2 2 2 2 2 2 2 2 2 2 2 2 2 2 2 2 2 2 2 2 2
left_child=1 2 20 10 14 7 16 -3 -8 11 15 -6 -9 -12 17 18 -4 -5 -2 -7 -1 -22 -11
right_child=3 5 6 4 9 19 8 12 -10 22 13 -13 -14 -15 -16 -17 -18 -19 -20 -21 21 -23 -24
leaf_value=0.037709747333313039 -0.065180312081842301 -0.062321615948833231 -0.066809910379152626 -0.066782244300283081 -0.066967890479660619 -0.025695910123555505 -0.065800211122630889 0.016060833285940098 0.06618833734646086 -0.066689467218801618 -0.066781174070120228 0.063879798052765321 0.062880490778139037 0.045785230358856011 0.003101867634879935 0.04495989752479216 -0.019103144890881496 -0.0079926507047134894 -0.035959855580434921 -0.066924340660104942 0.062982440752772831 0.06700143688614614 -0.066726147300297828
leaf_weight=0.034667640109546483 0.81002778520633023 0.042468136874958762 0.38564839618629776 0.18501674759318121 0.026320568693336099 0.020370757061755174 0.045716568332863972 0.21265900312573638 0.10293266267399304 0.033521588600706309 0.031839971925364807 0.26871101229335181 1.0649594422720836 0.065025838295696303 0.075219985097646713 0.016613679967122152 0.075412305071949959 0.017332893912680447 0.065551567822694334 0.064882929320447147 0.022585792583413422 0.12145516808959733 0.0098898391152033582
leaf_count=9 1053 34 326 220 7 27 36 58 42 77 23 160 877 30 35 6 75 13 57 35 6 66 13
internal_value=-0.000783491 0.0229445 -0.015897 -0.0332142 0.000399468 0.0447353 -0.0383805 0.0513102 0.0255957 0.0369549 -0.0541497 0.0522065 0.0550874 0.00878444 -0.0441729 -0.0609825 -0.0590069 -0.0617464 -0.0629927 -0.0570731 0.0608112 0.0663713 -0.0666978
internal_weight=3.79883 2.19376 0.788419 1.60507 0.616013 1.40534 0.60971 1.32009 0.148649 0.338443 0.989059 0.295032 1.27762 0.0968658 0.27757 0.892193 0.461061 0.20235 0.875579 0.0852537 0.178709 0.144041 0.0434114
internal_count=3285 1591 560 1694 525 1031 479 969 78 257 1169 167 935 53 268 1116 401 233 1110 62 81 72 90
is_linear=0
shrinkage=0.1


Tree=181
num_leaves=24
num_cat=0
split_feature=39 198 25 142 86 24 156 93 5 3 185 7 140 198 191 162 14 36 116 37 52 191 130
split_gain=0.26865 0.199023 0.109231 0.107179 0.0938399 0.0869711 0.0817181 0.0807077 0.0898386 0.0600942 0.0503058 0.0490217 0.0424402 0.031898 0.0299904 0.0200944 0.0136987 0.0121341 0.00477867 0.000255492 1.32685e-07 6.65236e-09 1.40603e-09
threshold=-0.63417108094669827 0.77832730607608702 -0.58085431811619903 0.08904223288159728 1.2924199995924721 -0.55645603315269077 2.1116670580893375 0.58503150751768496 0.44642452916824404 1.6274037686988796 1.5694738652894089 -1.4667728469523589 -0.007628482992506601 0.56829161589462907 0.99137269107732495 0.76983163209898486 1.5362038398385061 0.68265243548984333 -0.49241909621532498 -0.12975472218112585 -1.6016662561851653 0.46596747884610418 0.74753000184135487
decision_type=2 2 2 2 2 2 2 2 2 2 2 2 2 2 2 2 2 2 2 2 2 2 2
left_child=5 2 3 13 11 20 16 8 12 15 -10 -3 -7 -2 -6 -9 -4 -5 -13 -16 -1 -22 -23
right_child=1 4 6 17 14 7 -8 9 10 -11 -12 18 -14 -15 19 -17 -18 -19 -20 -21 21 22 -24
leaf_value=-0.067012595171037678 -0.049946289691533127 -0.061988388061214816 -0.061786051484062826 -0.066734636569463893 0.066758065115403012 0.023008280282236684 0.021291437323515225 0.064713796846620528 0.05052748378691066 -0.026648579920252314 -0.064505359111120458 0.013228564529955425 -0.056855728052549563 0.059775511427856635 -0.050263081888264928 0.0052098151655336836 0.035466858102960429 0.03090418043917258 0.063659077151504942 -0.066905855005311307 -0.066796574083338528 -0.066748266925773944 -0.066707960078616527
leaf_weight=0.03054503386374563 0.030033520204597042 0.035040108836255968 1.1705792808061235 0.14351241211988963 0.020343986456282437 0.097475500544533134 0.13588161696679879 0.86133251574938163 0.38867433823179454 0.085918360695359297 0.042138317425269634 0.019738527334993705 0.20965146392700251 0.22493627735821065 0.010159274679608643 0.060755254089599475 0.014664961621747241 0.013966739847091958 0.39088898172485631 0.10021274002792779 0.022943068586755433 0.016534537397092208 0.018159176863264292
leaf_count=5 64 28 1520 268 14 22 32 566 221 38 25 12 30 55 6 32 12 12 174 97 10 12 30
internal_value=0.00147659 -0.0212112 -0.0381364 0.00678872 0.0296943 0.0300503 -0.0521617 0.0349441 0.00981577 0.05334 0.039276 0.0515466 -0.0315086 0.0468511 -0.0448096 0.0607932 -0.0605827 -0.0580751 0.0612349 -0.065374 -0.0668441 -0.0667548 -0.0667272
internal_weight=4.14409 2.30996 1.73357 0.412449 0.576384 1.83413 1.32113 1.74595 0.73794 1.00801 0.430813 0.445668 0.307127 0.25497 0.130716 0.922088 1.18524 0.157479 0.410628 0.110372 0.0881818 0.0576368 0.0346937
internal_count=3285 2294 1963 399 331 991 1564 934 298 636 246 214 52 119 117 598 1532 280 186 103 57 52 42
is_linear=0
shrinkage=0.1


Tree=182
num_leaves=26
num_cat=0
split_feature=44 24 7 47 167 20 185 192 71 137 167 186 117 93 7 106 6 106 7 66 140 51 20 198 13
split_gain=0.305058 0.120858 0.125327 0.119845 0.0862531 0.083812 0.065243 0.0647448 0.0636714 0.0485763 0.0461771 0.0448666 0.0341153 0.0268311 0.0265619 0.020265 0.017735 0.0122046 0.00759143 0.00740027 0.000828109 4.86892e-07 4.10285e-07 1.89461e-09 1.78902e-10
threshold=1.1370776116198378 -0.57091220090985872 -0.79502911626206663 1.2407516031592347 0.012840222366094918 -0.84176831786887463 0.92352974054423387 0.65937791676851421 -0.1334598757048982 0.63415729602964566 -0.19620507931644957 0.42100045709852801 -0.88829052762077942 2.1507180868499924 -0.45560041929565737 1.6905609041162655 0.63825311175189403 1.7790575500657244 -0.12406597364982926 1.0298628037255566 0.4751744498646473 -1.3457900634093887 -0.33318389547877098 0.34955189251306557 -0.10173208577046518
decision_type=2 2 2 2 2 2 2 2 2 2 2 2 2 2 2 2 2 2 2 2 2 2 2 2 2
left_child=1 11 4 6 5 -3 9 10 -5 19 -8 23 14 -9 -4 -14 -6 20 22 -2 -10 -11 -13 24 -1
right_child=3 2 12 8 16 -7 7 13 17 21 -12 18 15 -15 -16 -17 -18 -19 -20 -21 -22 -23 -24 -25 -26
leaf_value=-0.066679518903120946 0.0082071953168314365 -0.06672985435697186 0.065867824255609261 0.053750986008929705 0.03104528972274731 0.045722659101205834 0.051786644807231767 0.062454629820741285 -0.041377666680124207 -0.067287011288384616 -0.065938540011584612 0.067135340501968413 -0.065929563154271648 -0.032180844685141007 -0.05982952152525868 0.043011955629193702 -0.062890988956092492 0.0075886572041694968 0.016170891885387402 0.065477819330972312 -0.066883058208996884 -0.066772620353212853 0.066769520355117129 -0.06674077882658655 -0.066699143326294272
leaf_weight=0.020440581036382355 0.043790058509330154 0.082406423476641066 0.03739512202446349 0.070445869845570996 0.022357396752340719 0.33863391284830857 0.059752678411314264 1.0225316840223966 0.013745902571827062 0.026392205618321896 0.075315230555133783 0.0410379798267968 0.945391278030002 0.030863531923387089 0.030542250853613728 0.017389011802151799 0.19892364632687531 0.026459699147380888 0.036120134027441964 0.046543138392735273 0.17221907638304401 0.060774251163820736 0.12121529038995504 0.00754823995521292 0.0060116016538812591
leaf_count=74 35 133 6 35 10 96 29 725 12 2 23 6 1519 12 47 5 179 14 33 7 129 61 75 6 12
internal_value=-0.000884232 -0.028137 -0.0375231 0.0306095 -0.00285237 0.0237133 0.0428781 0.0513241 -0.0286349 -0.0136731 -0.0138581 0.0394406 -0.0591292 0.0596819 0.00935872 -0.0639619 -0.0534 -0.0559564 0.0576321 0.0377152 -0.0649978 -0.0669284 0.066862 -0.0666966 -0.066684
internal_weight=3.55425 1.90541 1.67304 1.64883 0.642321 0.42104 1.36596 1.18846 0.282871 0.1775 0.135068 0.232374 1.03072 1.0534 0.0679374 0.96278 0.221281 0.212425 0.198373 0.0903332 0.185965 0.0871665 0.162253 0.0340004 0.0264522
internal_count=3285 2201 1995 1084 418 229 894 789 190 105 52 206 1577 737 53 1524 189 155 114 42 141 63 81 92 86
is_linear=0
shrinkage=0.1


Tree=183
num_leaves=24
num_cat=0
split_feature=92 119 162 65 7 160 192 83 87 27 27 130 49 49 74 110 8 33 110 32 118 147 185
split_gain=0.259895 0.168991 0.150359 0.115235 0.081347 0.0633193 0.0518332 0.0517696 0.0512082 0.045031 0.0379667 0.0237694 0.0224806 0.0125587 0.015018 0.0114123 0.00895795 0.00518043 0.0219963 0.00354991 0.000156887 2.50985e-08 1.87165e-08
threshold=-0.75205243603882888 0.32071548656930698 0.76983163209898486 1.3828680700003806 0.092286233010881832 -0.46488048361001511 0.22086676833880561 1.035717935052161 1.5518814703192716 1.0732666536774909 0.21617512690320848 0.11566178230946973 0.82334481739990284 0.66613598813897623 0.61188211295147654 0.48685364674071036 -0.068068637546265479 0.41337815146924034 0.41823715443722537 0.47454725757724359 -1.1453769345331481 0.67722398986590304 1.2555306827280996
decision_type=2 2 2 2 2 2 2 2 2 2 2 2 2 2 2 2 2 2 2 2 2 2 2
left_child=4 3 8 6 13 22 10 16 12 -7 -2 -8 -3 17 -15 -9 21 20 -19 -5 -1 -6 -4
right_child=1 2 5 19 7 9 11 15 -10 -11 -12 -13 -14 14 -16 -17 -18 18 -20 -21 -22 -23 -24
leaf_value=-0.054491102111211831 0.062395432377547869 -0.059936963524868429 -0.066808629257210927 -0.027802286068184558 -0.066734823568591964 0.055257631402617996 -0.031275702607165189 0.067223748958745944 0.051072834108137559 -0.023932970988198833 -0.064667189356139063 0.061827971566378551 -0.00056232760830549793 -0.066801040677386056 0.033591879919060603 0.011129434662858463 0.00052471706193114279 0.066810777098902235 -0.060607855464194053 -0.067144675724515865 -0.066753303760985011 -0.066854382081911606 -0.06669713164945823
leaf_weight=0.010623748850775883 0.037989806005498727 0.49638114603294503 0.025877929700072855 0.032877721008844563 0.045212083030492067 0.39173226553248242 0.028196847328217478 0.087365754268830642 0.052313286563730799 0.087923516475711949 0.061724377941573039 0.99666219638311304 0.07316811109194532 0.02887469221604988 0.030789555763476528 0.06201322129345499 0.026996105967555195 0.015655313618481159 0.10066502880363259 0.075837776908883825 0.58404473219707165 0.028707077421131544 0.03599967056652531
leaf_count=23 24 482 13 17 44 291 10 20 20 64 26 862 38 21 20 33 20 6 181 33 945 13 79
internal_value=-0.000723052 0.0172753 -0.0100645 0.0430657 -0.0429744 0.0284599 0.0525698 0.00655619 -0.0436124 0.0407416 -0.016258 0.0592664 -0.0523093 -0.059061 -0.0149936 0.0439367 -0.0487761 -0.062759 -0.0434588 -0.0552468 -0.0665342 -0.0667813 -0.0667438
internal_weight=3.41763 2.39668 1.1634 1.23329 1.02095 0.541533 1.12457 0.250294 0.621863 0.479656 0.0997142 1.02486 0.569549 0.770653 0.0596642 0.149379 0.100915 0.710989 0.11632 0.108715 0.594668 0.0739192 0.0618776
internal_count=3285 1959 987 972 1326 447 922 130 540 355 50 872 520 1196 41 53 77 1155 187 50 968 57 92
is_linear=0
shrinkage=0.1


Tree=184
num_leaves=25
num_cat=0
split_feature=162 167 20 166 175 34 49 44 86 20 178 114 162 125 20 145 174 141 37 192 52 184 37 138
split_gain=0.23713 0.150361 0.129492 0.130082 0.114695 0.092085 0.0854023 0.0637877 0.0629836 0.0594774 0.0412764 0.0399767 0.0266544 0.0226227 0.0213542 0.011383 0.00735005 0.00694293 0.00114019 0.00111222 0.00108119 1.5652e-07 7.86639e-08 2.47431e-08
threshold=0.19450231258392425 0.29906494728151506 -0.82585457421852493 1.2806612040269758 1.4248945865652674 0.72395288438231187 -0.11417314102393976 1.0372887853921957 0.90302469820483211 -0.82585457421852493 0.20268181525028647 -1.7871284688719256 1.0000000180025095e-35 0.34888801747037362 -0.63264706433276507 0.16208765662482075 3.143277555039993 0.23257424585758021 -0.61421379102099039 1.1130869597211002 -2.2252938438427381 1.3807921522558031 -0.48726044627320758 0.82943356550802128
decision_type=2 2 2 2 2 2 2 2 2 2 2 2 2 2 2 2 2 2 2 2 2 2 2 2
left_child=1 2 7 5 12 -4 14 21 -9 10 15 -11 19 -5 -6 23 22 -12 -8 -3 -19 -1 -13 -2
right_child=9 4 3 13 6 -7 18 8 -10 11 17 16 -14 -15 -16 -17 -18 20 -20 -21 -22 -23 -24 -25
leaf_value=0.066769625337987276 0.066724991997951608 0.066893071015525593 -0.048700207939124274 -0.013428278629586305 0.066785095851020895 0.036408237544115728 -0.050118919041527349 0.048430375789845867 -0.066932245420867481 0.066821019417305547 0.018086705010166695 -0.066789493529986463 0.0046859428844631982 0.066860577116816741 -0.040366875236325303 -0.0019532674800470614 0.029095777236489574 -0.029704589982029905 -0.067137236829541855 0.049374265315607235 -0.066924228286564746 0.067026370472197769 -0.066699351344591193 0.066842451848835166
leaf_weight=0.28569371969206292 0.038198645750526339 0.7621082749974446 0.86673006009368714 0.044428196328226366 0.10863460239488631 0.14898058777907863 0.067192602902650833 0.098913988855201751 0.090741145599167794 0.023735644179396331 0.012716377561446279 0.12105679325759411 0.077626768150366843 0.16704059010953642 0.022440661501605064 0.036212533246725798 0.0081139365793205798 0.0089396398398093879 0.095068443304626271 0.038048832764616236 0.061477379713323899 0.025897005340084434 0.48333739995723579 0.033805044600740075
leaf_count=227 34 465 526 19 83 59 14 24 29 8 11 113 34 80 21 30 7 4 28 37 69 4 1349 10
internal_value=0.00140105 0.0148767 -0.00386803 -0.0213612 0.0425415 -0.0362168 -0.011594 0.0389597 -0.00676526 -0.045812 0.0030719 -0.0605137 0.0606324 0.0499924 0.0484402 0.0437798 -0.0654482 -0.0499183 -0.0600899 0.06606 -0.0621991 0.066791 -0.0667174 0.0667801
internal_weight=3.72714 2.89955 1.72843 1.22718 1.17112 1.01571 0.293336 0.501246 0.189655 0.827593 0.19135 0.636244 0.877784 0.211469 0.131075 0.108216 0.612508 0.0831334 0.162261 0.800157 0.070417 0.311591 0.604394 0.0720037
internal_count=3285 1650 968 684 682 585 146 284 53 1635 158 1477 536 99 104 74 1469 84 42 502 73 231 1462 44
is_linear=0
shrinkage=0.1


Tree=185
num_leaves=22
num_cat=0
split_feature=44 71 6 90 24 119 68 153 190 17 8 136 120 44 7 68 22 45 111 52 115
split_gain=0.27048 0.187465 0.111808 0.109119 0.10664 0.0569629 0.0520075 0.039319 0.0386907 0.0363605 0.0315117 0.02668 0.0210158 0.00776332 0.00620359 0.00518362 0.0032361 0.00043936 0.00022357 7.72061e-07 6.96792e-10
threshold=0.71773846693429899 0.71470248831613647 0.97445532179975569 1.6458578935797232 -0.57230827285767483 1.574039241133643 -1.0007007691177188 0.69225739254132457 -0.33682914691342236 -0.46507735503384828 -1.3464629155044647 0.14262234144023792 1.9350023845686759 1.3583815656539364 -1.3820278535898896 0.77336509711420642 -1.3112743456569855 0.92986963756523588 0.54782084898960981 -2.9265174545037103 0.11457306556338152
decision_type=2 2 2 2 2 2 2 2 2 2 2 2 2 2 2 2 2 2 2 2 2
left_child=4 2 6 5 8 -4 7 -2 18 12 -6 -8 15 -11 -12 -3 -16 20 -1 -5 -10
right_child=1 9 3 19 10 -7 11 -9 17 13 14 -13 -14 -15 16 -17 -18 -19 -20 -21 -22
leaf_value=0.066794495691553699 0.05828459737194968 -0.066779044433904242 -0.036613332142171794 0.067466113959917362 0.067010640842931915 0.060646781693496958 -0.035383691787125159 -0.038506643990348817 -0.06671398520732312 -0.010895119860600594 -0.0064838826677221031 0.061181999793544307 0.044391505506718394 0.064811020972271025 -0.0074564374646470854 -0.020333908711847513 -0.066745040942539496 -0.037135228750956539 0.056965877405087476 0.066767750153248012 -0.066681432870664248
leaf_weight=0.07084409351227805 0.069012575855595393 0.29712423574528657 0.45592100745125197 0.01756376214325428 0.018648957367986441 0.06938132073264569 0.029477998119545878 0.10710186288633849 0.012362477209535427 0.024595324444817268 0.017944342776900157 0.97327785204106476 0.019302293716464192 0.030148794292472303 0.0093243227311177179 0.026144340823520906 0.72654622947447967 0.0062098680355120442 0.034372334601357579 0.1603917678585276 0.014047637130715884
leaf_count=39 25 352 259 1 4 30 49 46 19 28 19 708 11 20 9 21 1424 14 18 138 51
internal_value=-0.00086239 0.0175397 0.0307159 -0.000840484 -0.0469423 -0.0237673 0.0495409 -0.000577824 0.0340837 -0.0448773 -0.0614004 0.0583433 -0.0569705 0.0307979 -0.0645772 -0.0630228 -0.0659938 -0.0610691 0.0635837 0.0668367 -0.0666967
internal_weight=3.18974 2.27944 1.88213 0.703258 0.9103 0.525302 1.17887 0.176114 0.137836 0.397315 0.772464 1.00276 0.342571 0.0547441 0.753815 0.323269 0.735871 0.03262 0.105216 0.177956 0.0264101
internal_count=3285 1688 1256 428 1597 289 828 71 141 432 1456 757 384 48 1452 373 1433 84 57 139 70
is_linear=0
shrinkage=0.1


Tree=186
num_leaves=25
num_cat=0
split_feature=7 92 72 194 19 119 119 47 66 153 162 185 10 31 7 13 133 84 197 14 9 162 47 15
split_gain=0.232253 0.117033 0.11147 0.0997736 0.0825445 0.0775151 0.057227 0.053061 0.0475855 0.0368722 0.0278847 0.0250422 0.0200511 0.0158256 0.0157198 0.0147314 0.0132857 0.0111691 0.0106322 0.00820046 0.00677913 0.00410857 0.00306132 0.000711146
threshold=-0.37122873569968068 -0.95021775147024468 1.1483307959950817 1.0000000180025095e-35 0.47462508037032985 0.63792717917537545 0.51779265596165691 1.2699703167752643 -0.10220117799025148 1.3228321764415882 0.19450231258392425 1.3416420123528614 0.58510904560958454 0.74017486043664715 0.28539419800910476 -0.19012330644907705 1.6625126555132193 -2.2032655111049833 -0.15702018972531329 -0.27298618057281837 0.26855578205366093 -0.38082700693113597 1.30934105644704 -0.2260083579182868
decision_type=2 2 2 2 2 2 2 2 2 2 2 2 2 2 2 2 2 2 2 2 2 2 2 2
left_child=2 9 13 4 21 16 -6 19 18 12 -9 -10 23 17 15 -11 20 -1 -5 -7 -4 -3 -19 -2
right_child=1 3 5 8 6 7 -8 10 11 14 -12 -13 -14 -15 -16 -17 -18 22 -20 -21 -22 -23 -24 -25
leaf_value=0.045020398787899263 -0.043078281783036319 -0.066865661563550838 0.016552835504549768 0.014269628829529922 0.054124840408577235 0.016894063364733997 -0.038519356883596499 -0.066709015349262976 0.059072675242758589 0.053932266863373261 0.052987349461009407 -0.045720650973447546 0.043808593528045253 0.030309856749316428 0.067336899399019962 -0.066712314506512715 -0.01148324554343568 -0.065316582676155324 -0.06723310020001462 -0.065825772235291458 0.065595885026584311 -0.030011890374611223 -0.033532806964189497 -0.066790627128119076
leaf_weight=0.0095562684000469744 0.013556055055232719 0.13685016866656952 0.034617672383319587 0.02832906597177498 0.22457893961109221 0.012765688748913817 0.094828993751434609 0.02533416633377783 0.94221376634959597 0.01651992870029062 0.083978057722561061 0.023369310016278177 0.018408927018754184 0.018938112625619397 0.039910197956487536 0.026129930774914101 0.03401143554947339 0.65284808736760191 0.036795233841985242 0.19583477560081519 0.15168063866440207 0.038834191058413015 0.031779008786543272 0.18873732096108131
leaf_count=4 19 73 21 31 104 13 56 37 948 4 50 18 12 19 5 42 21 1108 13 311 104 22 54 196
internal_value=-0.000755539 0.0219562 -0.0339528 0.0332334 -0.00366299 0.000402308 0.0266197 -0.0311895 0.0509563 -0.0347824 0.0252466 0.0565364 -0.056109 -0.0598821 0.0222286 -0.019982 0.0459902 -0.0623426 -0.0317794 -0.0607636 0.0564828 -0.0587193 -0.0638412 -0.0652016
internal_weight=3.08041 1.82906 1.25134 1.5258 0.495092 0.538222 0.319408 0.317913 1.03071 0.303262 0.109312 0.965583 0.220702 0.713121 0.0825601 0.0426499 0.22031 0.694183 0.0651243 0.2086 0.186298 0.175684 0.684627 0.202293
internal_count=3285 1543 1742 1265 255 557 160 411 1010 278 87 966 227 1185 51 46 146 1166 44 324 125 95 1162 215
is_linear=0
shrinkage=0.1


Tree=187
num_leaves=26
num_cat=0
split_feature=39 198 35 69 135 86 89 20 192 18 166 90 6 136 41 33 37 49 24 62 168 193 29 80 6
split_gain=0.210926 0.15533 0.100232 0.0944342 0.0767226 0.0766797 0.0699352 0.0640774 0.0580226 0.0442677 0.0429072 0.0410071 0.0377833 0.0329549 0.0225272 0.0186638 0.0157308 0.0152029 0.00322783 0.00109171 0.000832892 0.000706093 3.74442e-07 1.52675e-07 8.14485e-09
threshold=-0.57961834945015245 0.78455809753775618 -0.26037992908558927 -0.049635022589453313 -0.97253499544498367 1.2924199995924721 1.606174341299683 -0.79736367449433898 0.38548426581236733 -0.17535474167438195 1.7798294029681527 1.5886737015550514 1.0821160025060106 0.78727881163292668 1.143521839021503 0.2081900632576576 -0.26382914805387087 -1.302009258764244 -0.53106682310795483 0.38810312339379338 1.6489292671122613 1.0570318773432292 -0.85115076685342572 0.87616202558466105 1.0492902020006343
decision_type=2 2 2 2 2 2 2 2 2 2 2 2 2 2 2 2 2 2 2 2 2 2 2 2 2
left_child=4 2 3 17 6 11 15 14 9 -9 20 19 -10 -5 21 18 -7 -2 -1 -3 -4 -6 -8 -18 -24
right_child=1 5 10 13 7 16 22 8 12 -11 -12 -13 -14 -15 -16 -17 23 -19 -20 -21 -22 -23 24 -25 -26
leaf_value=0.035111082756695368 0.012927617206004141 0.051116642214491338 -0.066470218542409018 0.056195692969678628 0.06654740817063963 0.049309917226713879 -0.067363591439937517 0.059340647307284694 -0.05289107958275794 -0.026736736384594006 0.044871393659831886 -0.048905002229990002 0.027601285514454166 -0.03146136641652704 -0.030581825053375446 0.015725981678251098 -0.066728056059295368 -0.059715326717546736 0.065788310308017184 0.066876338241243047 -0.036809490691060112 0.047364622039897941 -0.066712045388397631 -0.067004049386067951 -0.06681234694604675
leaf_weight=0.036388094595167786 0.033504902006825432 0.053525456751230993 0.77451435476541508 0.20344797959842242 0.17333340042387135 0.013623505306895822 0.015358057804405689 0.15575736601022072 0.28316257130063605 0.096924728190060927 0.036457381211221218 0.035999783300212584 0.073441357992123812 0.054345687574823387 0.028623018995858729 0.091557753999950364 0.043901007287786342 0.2055837579537183 0.59735798853216693 0.2458357056020759 0.0095844317984301597 0.021577026403974742 0.015563858178211376 0.036882454456645064 0.016872774169314653
leaf_count=15 25 37 1622 59 155 10 1 61 104 30 7 27 41 62 11 28 83 126 551 127 32 13 36 12 10
internal_value=0.00136214 -0.0226832 -0.0397129 -0.00426711 0.0275229 0.0295209 0.0502089 0.00646374 -0.0103374 0.0263228 -0.0611769 0.0519323 -0.036314 0.0377166 0.0522585 0.0579297 -0.0500909 -0.0495354 0.0640269 0.0640585 -0.0661077 0.0644238 -0.0669568 -0.0668541 -0.0667642
internal_weight=3.35312 1.74721 1.31744 0.496882 1.60592 0.429768 0.773099 0.832819 0.609286 0.252682 0.820556 0.335361 0.356604 0.257794 0.223533 0.725304 0.094407 0.239089 0.633746 0.299361 0.784099 0.19491 0.0477947 0.0807835 0.0324366
internal_count=3285 2229 1933 272 1056 296 641 415 236 91 1661 191 145 121 179 594 105 151 566 164 1654 168 47 95 46
is_linear=0
shrinkage=0.1


Tree=188
num_leaves=26
num_cat=0
split_feature=44 47 24 7 167 20 185 192 71 137 167 185 117 93 7 106 162 106 8 66 93 140 51 37 198
split_gain=0.239771 0.095951 0.0949879 0.102456 0.0673519 0.0651355 0.05141 0.0521265 0.0511299 0.0398541 0.0368384 0.035884 0.0283397 0.0213859 0.0209617 0.0162751 0.015094 0.0101032 0.00895126 0.00641461 0.00154017 0.000782139 2.59089e-07 6.4359e-08 8.07902e-10
threshold=1.1370776116198378 1.2407516031592347 -0.57091220090985872 -0.79502911626206663 0.012840222366094918 -0.84176831786887463 0.92352974054423387 0.65937791676851421 -0.1334598757048982 0.63415729602964566 -0.19620507931644957 0.4600987419043579 -0.88829052762077942 2.1507180868499924 -0.45560041929565737 1.6905609041162655 1.0000000180025095e-35 1.7790575500657244 1.2027740475550208 1.0298628037255566 0.47594240098859225 0.4751744498646473 -1.3457900634093887 -1.0033218900153293 0.34955189251306557
decision_type=2 2 2 2 2 2 2 2 2 2 2 2 2 2 2 2 2 2 2 2 2 2 2 2 2
left_child=2 6 11 4 5 -4 9 10 -3 19 -8 18 14 -9 -5 -14 -6 21 24 -2 -13 -10 -11 -22 -1
right_child=1 8 3 12 16 -7 7 13 17 22 -12 20 15 -15 -16 -17 -18 -19 -20 -21 23 -23 -24 -25 -26
leaf_value=-0.066684858669874114 0.0077168838443927778 0.052235878060097676 -0.066717731139916664 0.065704481563967118 -0.066802533551491211 0.044087125327509774 0.050588488934371401 0.061879437324930633 -0.039508609198671475 -0.067167924759687622 -0.065790275429984058 0.040224587459425316 -0.065822167515581273 -0.030880270323462262 -0.05837083245420939 0.041845045809602931 0.0062245073927259253 0.0068631913176105883 0.055547992624945954 0.065213637896770829 0.066923334994549472 -0.066844270766326652 -0.066751971184808023 0.066746302003617669 -0.066724478531132989
leaf_weight=0.026639684379915596 0.038185081852134095 0.058959054236765951 0.065351943791029043 0.030545080604497343 0.14314182996167801 0.28187045201775607 0.049002729181665927 0.82781875468208455 0.0113111933460458 0.021552329882979393 0.061128348723286763 0.026673845073673874 0.75801691648666791 0.025624082802096382 0.024567989123170153 0.014304614451248199 0.035279016345157288 0.022604093624977395 0.0073180341278202823 0.039450154101359658 0.026274677366018295 0.14025586434581783 0.049066493331338279 0.094009865744737908 0.0063791934662731356
leaf_count=96 35 35 133 6 162 96 29 725 12 2 23 18 1519 12 47 5 27 14 6 7 5 129 61 74 7
internal_value=-0.000776359 0.0300739 -0.0277129 -0.0369519 -0.00242735 0.0232322 0.0423046 0.0507392 -0.0282558 -0.012516 -0.0140076 0.0390321 -0.0588842 0.0590944 0.0103949 -0.063828 -0.052363 -0.0555032 -0.0445153 0.0369337 0.0619641 -0.0648043 -0.0668789 0.066785 -0.0666925
internal_weight=2.88533 1.34496 1.54037 1.35308 0.525643 0.347222 1.11183 0.963574 0.23313 0.148254 0.110131 0.187295 0.827435 0.853443 0.0551131 0.772322 0.178421 0.174171 0.0403369 0.0776352 0.146958 0.151567 0.0706188 0.120285 0.0330189
internal_count=3285 1084 2201 1995 418 229 894 789 190 105 52 206 1577 737 53 1524 189 155 109 42 97 141 63 79 103
is_linear=0
shrinkage=0.1


Tree=189
num_leaves=24
num_cat=0
split_feature=119 29 162 6 83 65 160 49 6 161 162 69 187 71 7 170 36 7 49 192 77 90 166
split_gain=0.206611 0.13208 0.0820431 0.10498 0.0674539 0.0516873 0.0507165 0.0432396 0.0424081 0.0351401 0.0323039 0.0313932 0.0286375 0.0276305 0.0232398 0.0216488 0.0155932 0.0154237 0.0085179 0.00585192 3.61941e-07 7.33134e-08 2.19538e-08
threshold=0.4768439997190046 -0.34580824636010427 0.19450231258392425 1.0414624970854092 1.035717935052161 1.3554605641213333 -0.46488048361001511 -0.12595491705263501 0.4291277130964129 0.58712812874720099 1.0000000180025095e-35 0.59112816538359436 0.1645554366650567 0.80617221210945911 -0.7639252334674399 0.73434853101208464 -1.612937848603754 1.0083459606442648 1.4197577696840373 0.51683975294952256 -3.7902861348959505 0.61875539320808592 -1.0630006434383694
decision_type=2 2 2 2 2 2 2 2 2 2 2 2 2 2 2 2 2 2 2 2 2 2 2
left_child=1 4 16 13 9 8 22 12 -3 15 21 -8 -6 18 -10 -1 -2 20 -4 -9 -18 -7 -5
right_child=2 5 3 6 7 10 11 19 14 -11 -12 -13 -14 -15 -16 -17 17 -19 -20 -21 -22 -23 -24
leaf_value=-0.065588442138364858 0.052570605256792524 -0.03897348440277057 -0.063675047182655417 -0.066873844119493056 0.056814646371057223 -0.066982110710790008 0.05912843239792677 0.029383384094218219 0.0069542878130351218 0.052830796567759089 0.061979959031634974 -0.048495057526554426 -0.063004480865863841 0.033706074248855349 0.062518977870893097 0.024586589870947889 -0.067246750545179951 0.045460985043925824 0.019256219698922748 0.067234454160602544 -0.066755204760198777 -0.066765616309123352 -0.0667281570419756
leaf_weight=0.26164930121740315 0.011719488276867196 0.048461900034453942 0.26845832554681692 0.016038630099501461 0.027501082106027752 0.029347651492571458 0.24919493931520265 0.066705683653708547 0.083305806649150216 0.032756034372141585 0.028186150913825259 0.030410867722821422 0.072621803526999429 0.035556711081881076 0.78053680682205606 0.02963911386905238 0.015449230209924281 0.012547153601190075 0.012984001659788191 0.10535855160560459 0.49315029865829252 0.033493585608084686 0.029129274509614334
leaf_count=345 4 24 541 5 16 12 186 33 56 14 26 29 92 39 901 20 2 7 5 22 832 30 44
internal_value=-0.000653219 0.0227329 -0.0324993 -0.00841758 -0.0145433 0.0448844 0.0315402 0.0221566 0.0520539 -0.0453701 -0.02697 0.0474229 -0.0300934 -0.0493553 0.0571605 -0.056413 -0.0615028 -0.0640681 -0.0598491 0.0525604 -0.0667701 -0.0668667 -0.0667799
internal_weight=2.7742 1.59956 1.17464 0.641773 0.596232 1.00333 0.324774 0.272187 0.912305 0.324044 0.0910274 0.279606 0.100123 0.316999 0.863843 0.291288 0.532866 0.521147 0.281442 0.172064 0.5086 0.0628412 0.0451679
internal_count=3285 1591 1694 849 542 1049 264 163 981 379 68 215 108 585 957 365 845 841 546 55 834 42 49
is_linear=0
shrinkage=0.1


Tree=190
num_leaves=21
num_cat=0
split_feature=162 167 20 25 65 20 114 76 178 114 40 127 79 174 181 13 190 71 82 37
split_gain=0.188606 0.118437 0.10704 0.106032 0.101362 0.0487646 0.0466514 0.0363373 0.03251 0.0319248 0.0193596 0.0102405 0.0064073 0.00593234 0.00567353 0.00047194 4.53966e-06 2.1515e-07 1.43912e-07 4.07263e-08
threshold=0.19450231258392425 0.81824013061367962 -0.53454167931076302 -0.57163747171855162 1.2204047762349977 -0.82585457421852493 0.71213245652056689 0.049902550585231721 0.20268181525028647 -1.7871284688719256 0.25130847226846326 0.24163943859439552 -0.2119199835074787 3.2493261321150584 0.55278461242098442 -0.29921195216719376 -0.26240429204846405 0.7509437369123676 0.62459646686402703 -0.48726044627320758
decision_type=2 2 2 2 2 2 2 2 2 2 2 2 2 2 2 2 2 2 2 2
left_child=1 2 3 6 -5 8 -1 -4 11 -7 -3 16 -9 19 18 -12 -2 -17 -10 -11
right_child=5 10 7 4 -6 9 -8 12 14 13 15 -13 -14 -15 -16 17 -18 -19 -20 -21
leaf_value=0.062558971704736274 0.066779319867154338 -0.01079783191795238 0.050330506258807264 -0.019183965529441609 0.052978406453218163 0.066792864336790395 -0.052969048918917287 0.014543567288556859 -0.067094325682633779 -0.066766175355708293 0.043123969176545464 -0.0066262395951283892 -0.066790240290174316 0.030033064059343424 -0.0013244502287067437 0.066869272014914924 0.065002708060904787 0.066724911630061431 -0.066744045789629558 -0.066694182653020101
leaf_weight=0.43885596323525566 0.037264365935698152 0.035282371420180314 0.031253443681635296 0.86624936520820461 0.2510638385429047 0.018960134941153228 0.037978295760694891 0.010069280804600567 0.019385897874599323 0.098611399938818067 0.0085975821712054312 0.028439849673304707 0.25429000580334105 0.0064225306559819719 0.018057488210615702 0.20220076682744548 0.023423059174092487 0.21094179258216172 0.029696683996007778 0.3867745697061763
leaf_count=246 26 18 13 497 115 8 17 4 3 113 7 28 329 6 19 106 20 298 62 1350
internal_value=0.00134132 0.0146783 0.00363058 0.0138792 -0.00296885 -0.0455812 0.0533575 -0.0516373 0.00330155 -0.0605367 0.06036 0.0428893 -0.0636923 -0.0654455 -0.0492504 0.066313 0.0660936 0.0667956 -0.0668824 -0.0667088
internal_weight=3.01382 2.34678 1.88976 1.59415 1.11731 0.667036 0.476834 0.295613 0.156267 0.510769 0.457023 0.0891273 0.264359 0.491809 0.0671401 0.42174 0.0606874 0.413143 0.0490826 0.485386
internal_count=3285 1650 1221 875 612 1635 263 346 158 1477 429 74 333 1469 84 411 46 404 65 1463
is_linear=0
shrinkage=0.1


Tree=191
num_leaves=23
num_cat=0
split_feature=44 6 90 24 145 71 119 119 190 8 128 170 24 2 18 7 22 133 110 52 165 115
split_gain=0.211376 0.151372 0.113876 0.0855213 0.082612 0.0413541 0.0361125 0.0353518 0.0307671 0.0262666 0.0239965 0.0181693 0.0112278 0.0109641 0.00771715 0.00543112 0.00307439 0.000401699 0.000217753 3.94307e-07 1.54995e-07 5.64015e-10
threshold=0.71773846693429899 0.97445532179975569 1.6458578935797232 -0.57230827285767483 -0.220903056974318 0.4430465272381951 0.11560181283934716 1.574039241133643 -0.33682914691342236 -1.3464629155044647 0.12835655648942218 2.8190422309789498 -0.56589156376674954 0.52763851039709808 -1.4898533859194545 -1.3820278535898896 -1.3273483534848427 0.58839569613306064 0.7697833993413089 -2.9265174545037103 -0.13763174210453408 0.11457306556338152
decision_type=2 2 2 2 2 2 2 2 2 2 2 2 2 2 2 2 2 2 2 2 2 2
left_child=3 4 5 8 10 7 13 -3 18 -5 -2 -8 -7 -6 -4 -11 -17 21 -1 -16 -12 -10
right_child=1 2 14 9 6 12 11 -9 17 15 20 -13 -14 -15 19 16 -18 -19 -20 -21 -22 -23
leaf_value=0.056030867376675154 0.017876203282498723 -0.025697909012902472 -0.0099465524550062783 0.066966857359954154 0.066842882200782966 0.037354687499059951 0.059993766756391204 0.061294263089659955 -0.066711152634965507 -0.0049544977207046639 -0.067028391181093744 0.0018118186636676293 -0.066772856397067912 -0.066737486192133363 0.067303161359111338 -0.003010375567463646 -0.066732641191673464 -0.035249617196884776 0.066799156813684687 0.066745463706776753 -0.066745357885567 -0.066678235165494038
leaf_weight=0.027941184307564981 0.057885808681021444 0.28966673008108035 0.014416385616641492 0.015619798447005451 0.0075980836991218484 0.01075466642214451 0.83769659890094772 0.055696663825074211 0.0092341398558346555 0.014995528355939314 0.033809863380156457 0.057348118425579742 0.27886509094969369 0.032117992785060778 0.01405150443315506 0.007671662882785312 0.57937347715778775 0.0050284004682907826 0.057268128031864762 0.12965923402225599 0.045234852746943943 0.0119300726801157
leaf_count=23 34 166 6 4 2 9 738 29 14 19 5 54 380 75 1 8 1425 15 34 142 47 55
internal_value=-0.000859851 0.0169894 -0.0161293 -0.0465148 0.0414991 -0.0350384 0.0521255 -0.0116687 0.0341312 -0.0610603 -0.0310424 0.0562659 -0.0629062 -0.0411822 0.059803 -0.0643819 -0.0658999 -0.0606562 0.0632681 0.0668 -0.0668664 -0.0666926
internal_weight=2.59386 1.8648 0.79311 0.729062 1.07169 0.634983 0.934761 0.345363 0.111402 0.61766 0.136931 0.895045 0.28962 0.0397161 0.158127 0.602041 0.587045 0.0261926 0.0852093 0.143711 0.0790447 0.0211642
internal_count=3285 1688 733 1597 955 584 869 195 141 1456 86 792 389 77 149 1452 1433 84 57 143 52 69
is_linear=0
shrinkage=0.1


Tree=192
num_leaves=26
num_cat=0
split_feature=7 29 160 69 162 30 161 186 119 192 125 160 185 162 110 19 77 158 140 7 19 97 77 196 167
split_gain=0.184563 0.0938434 0.087861 0.0574902 0.0648506 0.0461707 0.0453334 0.0783893 0.043144 0.0389161 0.0266977 0.0252312 0.0215746 0.0190836 0.0299015 0.0175658 0.0127146 0.0119669 0.00986772 0.00961447 0.0039556 0.00247223 2.10111e-07 2.90594e-08 3.75838e-09
threshold=-0.27598615383933883 0.56335140450313437 -0.46488048361001511 0.18839759787719582 0.48216698276929837 1.0713867940062676 0.58712812874720099 1.0645902329271515 0.11007642924810405 0.3993860285146888 0.23841191697380837 -0.46488048361001511 1.1474746404886973 0.48216698276929837 0.5075288067387268 0.48556218205533958 -0.14915755345966741 -0.11767218237274814 0.76166400261909717 -0.36625096004523655 0.58826212810042267 1.7164297298816804 -3.3270241806070655 -1.5668184567682439 -0.20569722827655285
decision_type=2 2 2 2 2 2 2 2 2 2 2 2 2 2 2 2 2 2 2 2 2 2 2 2 2
left_child=1 6 8 5 10 16 13 15 9 17 -5 -3 -6 20 -15 -8 -4 -2 -13 -9 -1 -20 -10 -24 -7
right_child=2 11 3 4 12 24 7 19 22 -11 -12 18 -14 14 -16 -17 -18 -19 21 -21 -22 -23 23 -25 -26
leaf_value=-0.065963785676068754 0.020380996051914697 -0.066739050362870186 0.061759397267805105 0.046307950742913342 0.066718700278942361 -0.066765619705686424 -0.026424279135749663 -0.061462327607815143 -0.067176721323037356 0.056434797350215365 -0.057837356380649886 -0.014532139947055817 -0.053730420382114265 0.064854034759991824 -0.04578846299334665 0.062556615771676011 -0.018839178565521725 -0.066788001794882396 0.06681292361464726 0.02876505818321223 -0.0027136032745598286 0.029484887889714609 -0.066855446045721897 -0.066734367806020919 -0.066694909615147652
leaf_weight=0.51702526326698739 0.0222096549696289 0.020394683378981426 0.67213172803167243 0.029938607302028686 0.12524136118008755 0.013853782147634774 0.027511566804605536 0.16078226621903013 0.013608588371425867 0.086850119841983542 0.13841861132823396 0.019756335212150478 0.016874479013495147 0.029822341864928603 0.13498185263597406 0.1146044219203759 0.020159657797193975 0.054141470653121249 0.11556446072063409 0.012746213236823678 0.010080340187414549 0.02096076391171664 0.025461306504439563 0.089502215720131062 0.016433480413979851
leaf_count=1021 11 23 674 36 246 8 29 360 2 18 73 19 20 16 230 75 30 42 119 9 13 10 18 148 35
internal_value=-0.00066663 -0.0293532 0.0249756 0.0386617 0.00267301 0.0541251 -0.0411411 -0.009736 -0.0234814 0.0106496 -0.0393174 0.0378715 0.0524169 -0.0554679 -0.025767 0.0453312 0.0594124 -0.0414316 0.0515232 -0.0548348 -0.0647542 0.0610819 -0.0668052 -0.0667612 -0.0667273
internal_weight=2.50906 1.18423 1.32483 1.03305 0.310473 0.722579 1.00755 0.315644 0.291773 0.163201 0.168357 0.176676 0.142116 0.69191 0.164804 0.142116 0.692291 0.0763511 0.156282 0.173528 0.527106 0.136525 0.128572 0.114964 0.0302873
internal_count=3285 1924 1361 1122 375 747 1753 473 239 71 109 171 266 1280 246 104 704 53 148 369 1034 129 168 166 43
is_linear=0
shrinkage=0.1


Tree=193
num_leaves=23
num_cat=0
split_feature=39 198 25 146 9 161 156 197 49 56 186 57 34 155 86 44 35 49 174 71 145 42
split_gain=0.16711 0.131951 0.0711884 0.071562 0.0622274 0.0571933 0.0521859 0.047651 0.0423228 0.0703879 0.0409284 0.0255588 0.0221334 0.0219726 0.0147278 0.0153211 0.0129789 0.00920443 0.00431746 0.00257358 4.82485e-05 3.06199e-07
threshold=-0.63417108094669827 0.78455809753775618 -0.580542332504704 0.022907650330845689 0.68556710494007811 0.3585812058125703 2.1116670580893375 -0.71917663493942496 0.36240427871660214 1.3617865743133708 1.8284228578341546 1.1455742167829095 -0.34317299290695075 0.12739214257413209 1.2243954934982115 0.66648802012489716 -0.65952997178283623 -1.6362792469242107 -0.094884593298951367 0.41686979110566069 0.92713742935690402 0.52551731933884882
decision_type=2 2 2 2 2 2 2 2 2 2 2 2 2 2 2 2 2 2 2 2 2 2
left_child=5 2 3 12 14 7 17 -1 10 -10 -9 18 -2 -7 20 -16 -5 -4 -6 21 -3 -15
right_child=1 4 6 16 11 13 -8 8 9 -11 -12 -13 -14 19 15 -17 -18 -19 -20 -21 -22 -23
leaf_value=-0.047798093098689737 -0.066696432294059582 0.066851923713494674 -0.014329072347608296 0.058284388469804153 0.0027930911277082053 0.03125831754917275 0.019639888595325134 0.057771264481660395 0.046809497754493203 -0.06723916439076115 -0.053798755405918275 0.061587730490188335 0.05926222868614605 -0.067242517473490401 0.065059318189786025 -0.066817359493110906 -0.066721826357529268 -0.062566213286328151 -0.066790095783975087 -0.029234718017445996 0.062598863198418092 -0.066804160323199496
leaf_weight=0.062918686744524055 0.015358322823885828 0.19877795290085476 0.041802928200922795 0.0090574589848984033 0.010129463495104574 0.03901647422753729 0.092067760589998215 0.75411430030362703 0.14507036909344606 0.086311452381778508 0.034378753407509066 0.022436478990130126 0.15220061095897097 0.02349840197712183 0.017040638573234901 0.018238236982142553 0.10006152343703434 0.73659060269710608 0.074498278569080867 0.024061953532509506 0.030807564995484427 0.049506294424645603
leaf_count=25 66 130 58 8 11 28 32 752 71 11 15 22 65 2 20 23 282 1466 95 30 16 57
internal_value=0.00140153 -0.0207284 -0.0375102 0.00667572 0.0310317 0.0289818 -0.0515548 0.0366611 0.0418716 0.00426637 0.0529067 -0.0333038 0.047717 -0.0321213 0.0570376 -0.0031174 -0.0563456 -0.0599757 -0.0584614 -0.0575972 0.0662812 -0.0669453
internal_weight=2.73794 1.51907 1.14714 0.276678 0.371929 1.21888 0.870461 1.08279 1.01987 0.231382 0.788493 0.107064 0.167559 0.136083 0.264864 0.0352789 0.109119 0.778394 0.0846277 0.0970666 0.229586 0.0730047
internal_count=3285 2294 1977 421 317 991 1556 874 849 82 767 128 131 117 189 43 290 1524 106 89 146 59
is_linear=0
shrinkage=0.1


Tree=194
num_leaves=25
num_cat=0
split_feature=44 6 24 7 90 165 30 44 122 20 134 48 135 143 119 109 195 8 1 190 37 136 166 159
split_gain=0.192783 0.0774067 0.0755465 0.0830219 0.0588692 0.0390593 0.0422537 0.0357969 0.0485477 0.0339016 0.0289679 0.0237084 0.0207772 0.0111805 0.01142 0.0110309 0.00869806 0.00468736 0.00209813 0.000886791 3.30191e-08 1.02705e-08 5.96755e-09 3.21207e-10
threshold=1.1370776116198378 0.92036702003273374 -0.57091220090985872 -1.1885902904357046 1.6458578935797232 -0.90949186448644215 -0.28830579852707411 0.71773846693429899 0.51694870500861423 -0.83202439751613089 -0.48334835104932322 0.82206395250745967 -1.7786619396944692 -0.30939576527340462 0.11560181283934716 1.2762844998579916 -0.77565054520224996 -1.1720040350207379 0.93030084076354358 -0.33682914691342236 -1.0033218900153293 0.73959851284919698 -0.63032516364146141 1.0994708121023338
decision_type=2 2 2 2 2 2 2 2 2 2 2 2 2 2 2 2 2 2 2 2 2 2 2 2
left_child=2 12 10 9 5 6 -3 17 -9 22 19 -7 -2 -14 -15 -6 -12 -5 -11 20 -1 -17 -4 -18
right_child=1 4 3 7 15 11 -8 8 -10 18 16 -13 13 14 -16 21 23 -19 -20 -21 -22 -23 -24 -25
leaf_value=0.066870571019458938 -0.051100873878396472 -0.0668293537740699 -0.066792799684212242 0.011140133291524501 -0.048480454906435766 0.045420135354177778 0.050989581015103605 0.017780241560166925 -0.051220137229058542 0.038041830570322906 0.066770442536193825 -0.053943143520610019 -0.017494878187242935 -0.016065235622991485 0.064371058019505462 0.066800856943693962 -0.066682029464964626 -0.066726752096741546 0.066949698345075664 0.04550070541475551 0.06672777433556068 0.06671703035835938 -0.066687141852756801 -0.066707278045405147
leaf_weight=0.020986720453947783 0.017724367789924145 0.040781014758977108 0.0073466050962451837 0.0078512737673007704 0.0088921313872560859 0.0270901463663904 0.12003253295551986 0.15795737753796857 0.28767631146183703 0.036796258063986786 0.0059299428248777977 0.21142011437041219 0.018503825878724456 0.018283590936334582 0.50991954578785226 0.016849107225425541 0.021048851805971824 0.50370508530613778 0.079036912909941748 0.024947853802586906 0.070893082040129229 0.11027498502517119 0.019625492786872201 0.0066243245819350696
leaf_count=5 11 37 4 16 3 12 46 171 333 8 3 189 4 28 587 8 92 1370 35 24 72 159 58 10
internal_value=-0.000921077 0.0296183 -0.027781 -0.0368707 0.00237694 -0.0169767 0.0211117 -0.0474821 -0.0267626 0.0342552 0.0386859 -0.0426574 0.0554556 0.0589102 0.0615868 0.0591963 -0.0431366 -0.0655317 0.0577667 0.0622205 0.0667604 0.0667281 -0.0667159 -0.0666881
internal_weight=2.3502 1.09977 1.25043 1.1 0.53534 0.399324 0.160814 0.95719 0.445634 0.142805 0.150431 0.23851 0.564431 0.546707 0.528203 0.136016 0.0336031 0.511556 0.115833 0.116828 0.0918798 0.127124 0.0269721 0.0276732
internal_count=3285 1084 2201 1995 454 284 83 1890 504 105 206 201 630 619 615 170 105 1386 43 101 77 167 62 102
is_linear=0
shrinkage=0.1


Tree=195
num_leaves=26
num_cat=0
split_feature=119 130 3 48 19 65 75 160 164 160 49 170 36 167 20 7 194 90 71 7 27 35 8 7 107
split_gain=0.165486 0.107534 0.080711 0.0667211 0.0592792 0.0532604 0.0483556 0.0353082 0.0373515 0.0315524 0.0305024 0.0260707 0.0256491 0.0162136 0.0158459 0.0122785 0.0093865 0.00766906 0.00491473 0.00331333 0.00253901 0.00151232 6.51335e-05 5.09538e-08 1.15307e-08
threshold=0.4768439997190046 0.60092953780903791 0.19945065850566354 1.1916313052706722 0.49591338636191573 1.7053556301903441 0.70573856321810224 -0.46488048361001511 -0.20442774841397643 -0.46488048361001511 0.29965055049558015 3.0842403339459241 -1.0877262205289979 -0.85176779766876143 -1.0504580728612545 0.92114162809572464 1.413174523589775 1.4905996845556755 0.99080788712437784 -0.02145044128623478 0.77814049312572275 -0.67819318369460746 -0.27447689928181007 -0.02145044128623478 1.1728829488840031
decision_type=2 2 2 2 2 2 2 2 2 2 2 2 2 2 2 2 2 2 2 2 2 2 2 2 2
left_child=1 2 21 11 12 7 16 8 -3 24 -8 15 -5 -13 -9 19 -4 -11 -14 -2 -7 -1 -23 -22 -6
right_child=3 5 6 4 9 20 10 14 -10 17 -12 13 18 -15 -16 -17 -18 -19 -20 -21 23 22 -24 -25 -26
leaf_value=0.034170507672695673 -0.064946205908323104 0.054479391458834139 -0.062905959687853896 0.052189079690521167 -0.066834792346294192 -0.00828441249809919 -0.065313206010619712 -0.041843896479720311 -0.045749919981264646 0.065738595148502055 0.066074235947397017 -0.066742239510749091 -0.062867623665916625 0.045778766864921626 0.062902514568225903 0.053855343887680963 0.020372717886248962 0.0024979250100814377 -0.017585780387317392 -0.035524276416976336 -0.066720498449143587 0.059396125630967536 0.066962779823270133 -0.06695131953818903 -0.066688168748699386
leaf_weight=0.018182907137088478 0.47240722936112445 0.077556207979796454 0.26295500631385949 0.026341201853938401 0.0082192722184117883 0.0090547513536876068 0.025009697419591248 0.014783920822083019 0.071419626969145611 0.1382707106822636 0.060204734589206055 0.018846030012355186 0.12829845141095575 0.039956656444701366 0.62516570942534599 0.009222123451763764 0.014268724175053649 0.022263100807322189 0.029475822986569256 0.041650239305454084 0.02565078271436505 0.013394491514191031 0.075498268910451083 0.015249282005243003 0.015436677116667852
leaf_count=13 1053 18 381 20 4 8 35 18 59 138 41 22 227 31 874 4 22 23 62 59 50 8 60 4 51
internal_value=-0.00058131 0.0224875 -0.0158329 -0.03234 0.000969592 0.043935 -0.0383685 0.0502755 0.00642905 0.0410802 0.0275132 -0.0534162 -0.0391572 0.00971623 0.0604827 -0.0605107 -0.0586196 0.0569683 -0.0544079 -0.0625624 -0.0561989 0.0604477 0.0658226 -0.0668066 -0.0667391
internal_weight=2.25878 1.30839 0.469514 0.950388 0.368305 0.83888 0.362438 0.788925 0.148976 0.18419 0.0852144 0.582082 0.184115 0.0588027 0.63995 0.52328 0.277224 0.160534 0.157774 0.514057 0.0499548 0.107076 0.0888928 0.0409001 0.0236559
internal_count=3285 1591 560 1694 525 1031 479 969 77 216 76 1169 309 53 892 1116 403 161 289 1112 62 81 68 54 55
is_linear=0
shrinkage=0.1


Tree=196
num_leaves=24
num_cat=0
split_feature=162 168 20 34 126 81 25 20 158 20 20 114 178 127 128 174 141 53 7 180 60 2 37
split_gain=0.150584 0.0954211 0.0815061 0.0790563 0.0442427 0.0489292 0.0431003 0.0401407 0.0393749 0.0451044 0.0390681 0.0269999 0.0265004 0.0084042 0.00476885 0.00466362 0.00247883 0.000790049 0.000147107 5.94735e-05 4.17659e-06 3.42914e-08 2.75029e-08
threshold=0.19450231258392425 0.39841840820467839 -0.79736367449433898 0.44526885099361624 0.28892683905801864 1.5699814907908094 -0.58203259142231756 -0.49586148500822996 1.0548419804308167 -0.76889046423593377 -0.82585457421852493 -1.7871284688719256 0.20268181525028647 0.24163943859439552 0.33542446245183261 3.2493261321150584 -0.18849984572394704 -1.6294991520405715 -1.3336758258655819 -0.049932394407656698 0.58007821546634031 1.8840541047196333 -0.57276849715378497
decision_type=2 2 2 2 2 2 2 2 2 2 2 2 2 2 2 2 2 2 2 2 2 2 2
left_child=1 2 4 6 18 -6 -4 -5 16 21 12 -12 13 20 -14 22 -3 -16 -1 -18 -2 -10 -13
right_child=10 8 3 7 5 -7 -8 -9 9 -11 11 15 14 -15 17 -17 19 -19 -20 -21 -22 -23 -24
leaf_value=0.053968670289443355 0.064892100965881147 0.03232558058346998 0.022063909423478016 0.037699607310883267 -0.046323309147884364 0.063994038063658859 -0.048818907359586758 -0.049326022191032888 0.066712722646692493 -0.051710637503387558 0.066775624080621959 -0.066759728024118309 0.01818185121346861 -0.0062885288200779021 -0.028587622573375732 0.027010938174888963 0.058202841527649207 -0.066843776228557236 0.066762852775154174 0.066786813238271056 0.06677316121288035 0.066870757018677271 -0.066690661804659684
leaf_weight=0.0093594584614038467 0.019638016412500292 0.022283848578808829 0.1030161931848852 0.29485907815978862 0.098178578511578962 0.06808742493740283 0.51277019942062929 0.064616944844601676 0.036479194794083014 0.071282218515989371 0.016073801671154797 0.070289332994434517 0.008866960764862597 0.023864474380388856 0.0062224135035648933 0.0053833362908335394 0.0082436813972890377 0.040755568152235355 0.22573411272605881 0.38613097951747466 0.029587608383735642 0.022017482493538409 0.32079636451817339
leaf_count=10 28 21 59 170 58 29 507 35 55 32 8 79 5 28 3 6 15 76 242 407 18 10 1384
internal_value=0.00132012 0.0144365 0.000402316 -0.0152074 0.0383322 -0.00114736 -0.0369608 0.0220565 0.0497925 0.00169444 -0.0452629 -0.0602795 0.00278447 0.0424126 -0.0490809 -0.0654306 0.0647739 -0.0617766 0.0662535 0.0666074 0.0660227 0.0667722 -0.0667031
internal_weight=2.46454 1.92306 1.37662 0.975262 0.40136 0.166266 0.615786 0.359476 0.546437 0.129779 0.541478 0.412543 0.128935 0.0730901 0.0558449 0.396469 0.416659 0.046978 0.235094 0.394375 0.0492256 0.0584967 0.391086
internal_count=3285 1650 1110 771 339 87 566 205 540 97 1635 1477 158 74 84 1469 443 79 252 422 46 65 1463
is_linear=0
shrinkage=0.1


Tree=197
num_leaves=22
num_cat=0
split_feature=3 119 44 108 24 117 7 7 6 47 69 71 132 145 63 185 71 37 20 159 40
split_gain=0.17043 0.0871995 0.0685354 0.0711707 0.0465916 0.0406117 0.0337015 0.0290039 0.026834 0.0224257 0.0142326 0.0140004 0.0121487 0.00714556 0.00349017 0.00161323 0.000190388 2.52682e-07 1.54746e-08 2.07752e-10 1.12541e-10
threshold=1.1417265045350342 1.574039241133643 1.7894057427799492 0.61858347484853082 -0.57230827285767483 -0.64511809236170581 -0.237270769652389 -0.8894994128545185 0.72143463722482959 1.2930759352824681 1.3094220853777896 0.82414818113057442 2.2187759995791381 0.069934592464593617 2.3547276208717629 1.1618422275668217 0.52554679359102041 -1.0504052328829776 -0.29816702860314498 1.0994708121023338 0.70371209705875348
decision_type=2 2 2 2 2 2 2 2 2 2 2 2 2 2 2 2 2 2 2 2 2
left_child=4 2 3 13 6 -5 18 8 -6 16 -10 15 14 -2 -9 -3 -4 -17 -1 20 -8
right_child=1 11 9 5 7 -7 19 12 10 -11 -12 -13 -14 -15 -16 17 -18 -19 -20 -21 -22
leaf_value=0.066830324578485076 0.017328649423424314 0.03401678771424417 0.066820040911986942 0.018465178081888956 0.033057760460677814 -0.038623965741706921 -0.066676833680540018 -0.066549391015261902 -0.066730524534343055 -0.030794872359734674 0.031512289476600272 -0.0053198782714397892 0.06692018741603295 0.066902291780475784 -0.0072466296246881806 0.067102685437674656 0.057110652330729254 0.066718219330872117 0.066728707679417618 -0.066700995278414887 -0.066695810714861817
leaf_weight=0.024569819564931095 0.040025189256993832 0.015763435454573371 0.16841912147356197 0.16808592174493231 0.06930253136670228 0.48172602265549369 0.016825184720801301 0.44295031970978027 0.079008713910297956 0.027580983383813873 0.018130137759726495 0.030477773194434121 0.0070660536293871692 0.10628835207899101 0.010151660797419026 0.018050112761557102 0.022947278048377484 0.3229107572697103 0.038419908290961757 0.0063857287750579408 0.0038378715544240541
leaf_count=10 25 8 139 107 29 345 90 1604 175 15 20 32 2 39 7 2 18 559 38 11 10
internal_value=-0.000915764 0.0193588 0.00395739 -0.00966922 -0.0405873 -0.0238568 0.0266771 -0.0502526 -0.0144795 0.0535058 -0.0483943 0.0597345 -0.0631917 0.053341 -0.0652207 0.0652926 0.0656558 0.0667386 0.0667683 -0.0666852 -0.0666804
internal_weight=2.11892 1.40227 1.01507 0.796125 0.716648 0.649812 0.0900385 0.626609 0.166441 0.218947 0.0971389 0.387202 0.460168 0.146314 0.453102 0.356724 0.191366 0.340961 0.0629897 0.0270488 0.0206631
internal_count=3285 1289 688 516 1996 452 159 1837 224 172 195 601 1613 64 1611 569 157 561 48 111 100
is_linear=0
shrinkage=0.1


Tree=198
num_leaves=25
num_cat=0
split_feature=92 119 65 6 7 162 162 140 3 83 160 63 7 36 49 74 167 77 33 110 71 32 118 147
split_gain=0.151122 0.0989695 0.094073 0.0524466 0.047038 0.0378688 0.037576 0.0371517 0.0350202 0.0306188 0.0252397 0.0218366 0.0104648 0.00985143 0.00761646 0.00908134 0.00752393 0.00617983 0.00295063 0.0119492 0.00041253 0.000118614 9.51476e-05 4.51787e-09
threshold=-0.75205243603882888 0.63792717917537545 1.3828680700003806 1.0414624970854092 0.092286233010881832 0.19450231258392425 0.48216698276929837 -0.015626883530267831 0.3302713960989504 1.035717935052161 -0.46488048361001511 0.98697943163660684 -0.02145044128623478 -1.2758837870536406 0.66613598813897623 0.61188211295147654 -0.18025156187260336 -0.65218915157293977 0.41337815146924034 0.41823715443722537 0.80617221210945911 -0.22148812263065054 -1.1453769345331481 0.67722398986590304
decision_type=2 2 2 2 2 2 2 2 2 2 2 2 2 2 2 2 2 2 2 2 2 2 2 2
left_child=4 2 7 12 14 13 21 8 -2 17 -9 -7 20 -5 18 -16 -11 -6 22 -20 -3 -4 -1 -19
right_child=1 3 6 5 9 11 -8 10 -10 16 -12 -13 -14 -15 15 -17 -18 23 19 -21 -22 -23 -24 -25
leaf_value=-0.054100161177482689 0.057133481364643857 -0.066775230548460074 -0.056018878925892052 0.046070745125999582 0.0073234311032289922 -0.033807841361604939 0.058273183401159181 0.017309924345980464 -0.060131914872687091 0.0035765418781811623 0.064288295543746043 0.054221854772339345 0.011624153305999425 -0.066726343472440303 -0.066758380254570066 0.033069455810006247 0.064376392857156767 -0.066706794895023111 0.066745204306437822 -0.059692804736958233 -0.046066820613447981 -0.066839174105583224 -0.066719519463238772 -0.066770225615171916
leaf_weight=0.0060817262565251431 0.045390202765702381 0.17974479876284022 0.01122704052249901 0.0088839320233091712 0.014879867827403359 0.03573829957167618 0.030996257512015291 0.14132813117612397 0.058020764263346791 0.031375179183669388 0.59941188876109619 0.13322405530198012 0.019297444508993067 0.060285262887191493 0.017613554606214166 0.018881253214203753 0.057940022583352402 0.027395948360208422 0.0085628260858356953 0.058808562331250869 0.010163665530853905 0.10378422529902309 0.33983023618202457 0.01902781066019088
leaf_count=23 37 349 7 2 17 35 29 63 42 30 977 128 23 128 21 20 23 45 6 181 24 115 945 15
internal_value=-0.000567949 0.0170311 0.0346676 -0.0220064 -0.0427043 0.0100873 -0.0394468 0.0474867 -0.00866058 0.00566442 0.0553251 0.0356021 -0.0585375 -0.0522389 -0.0589017 -0.0151106 0.0430183 -0.0487576 -0.0627687 -0.0436227 -0.0656669 -0.0657829 -0.0664976 -0.0667328
internal_weight=2.03789 1.4375 0.990159 0.447337 0.600397 0.238132 0.146008 0.844151 0.103411 0.150619 0.74074 0.168962 0.209206 0.0691692 0.449778 0.0364948 0.0893152 0.0613036 0.413283 0.0673714 0.189908 0.115011 0.345912 0.0464238
internal_count=3285 1959 1270 689 1326 293 151 1119 79 130 1040 163 396 130 1196 41 53 77 1155 187 373 122 968 60
is_linear=0
shrinkage=0.1


Tree=199
num_leaves=20
num_cat=0
split_feature=40 198 35 69 104 9 185 89 24 166 36 74 118 156 119 7 29 152 35
split_gain=0.134881 0.126133 0.0804768 0.0656086 0.050624 0.0445871 0.0444484 0.0515191 0.0350483 0.027277 0.023403 0.0179294 0.0163433 0.0161671 0.0161363 0.0190861 1.00298e-07 3.41074e-08 7.97309e-09
threshold=0.81854975892518256 0.78455809753775618 -0.1649213226004109 -0.091269165667718574 0.83341913838506587 0.85658832130325813 0.19485030055696237 1.606174341299683 -0.55645603315269077 1.3185941568610142 -0.45365947570123027 0.90822381205563774 1.6824242246209906 2.2949028035940766 -0.021518548953244076 -1.5333642071561677 -0.93819009898607297 1.4364180962277564 -0.57873629177064889
decision_type=2 2 2 2 2 2 2 2 2 2 2 2 2 2 2 2 2 2 2
left_child=1 2 3 9 -5 14 -2 8 -8 -1 -10 -7 13 -4 -3 -16 -9 -13 -18
right_child=6 5 12 4 -6 11 7 16 10 -11 -12 17 -14 -15 15 -17 18 -19 -20
leaf_value=-0.047774230786947668 -0.037725888775704729 -0.027481239794531806 -0.065575919439918098 0.058364682687407625 -0.039665709994039698 0.057106394197223131 -0.066761894595024282 -0.067117975960800144 -0.010899995008190992 0.053748508657461051 0.061401869738861914 -0.066715792467991933 0.060516992283666839 0.021443347138015385 -0.066818357984684176 0.063262463758096119 -0.066825470114354357 -0.066887986957123197 -0.066714957639822478
leaf_weight=0.27110595626436407 0.073783358689979539 0.024138640321325511 0.52674650793778732 0.1868664093199186 0.073358959729375783 0.015049858768179547 0.024330706059117801 0.010018407367169857 0.048651813740434591 0.029327839700272307 0.56087901104183402 0.035130470620060805 0.011099245224613696 0.022252056573051959 0.011778313521062955 0.26634930547152169 0.0097740914643509313 0.017103191166825127 0.019659254350699484
leaf_count=234 28 34 1609 92 118 15 19 1 20 21 663 67 3 11 9 277 5 7 52
internal_value=0.00127955 -0.0161046 -0.03281 -0.00602681 0.0307294 0.0345589 0.0359574 0.0440318 0.0509328 -0.0378638 0.0556308 -0.0390632 -0.05962 -0.0620488 0.050947 0.0577537 -0.0668447 -0.0667722 -0.0667517
internal_weight=2.2374 1.49031 1.12076 0.560659 0.260225 0.36955 0.747097 0.673313 0.633862 0.300434 0.609531 0.0672835 0.560098 0.548999 0.302266 0.278128 0.0394518 0.0522337 0.0294333
internal_count=3285 2497 2088 465 210 409 788 760 702 255 683 89 1623 1620 320 286 58 74 57
is_linear=0
shrinkage=0.1


Tree=200
num_leaves=25
num_cat=0
split_feature=186 114 170 108 90 119 6 166 136 141 39 24 24 7 50 22 164 6 37 162 3 6 46 52
split_gain=0.151072 0.0865556 0.0725488 0.0518457 0.0500772 0.0480618 0.0443942 0.0293084 0.0247666 0.0244531 0.0235614 0.0177287 0.0153288 0.0173883 0.0135756 0.0132961 0.00961438 0.00875612 0.00836451 0.00159694 0.000246869 1.51144e-09 1.10032e-09 1.09826e-10
threshold=1.0645902329271515 -0.86922993994713682 1.9038422897183127 0.68655309608320259 1.6458578935797232 0.33013200401304837 1.2927943356972316 -0.68011393475392845 1.5571675045849045 0.27686176322419492 -0.83948052478232149 -0.58666285215054892 -0.57230827285767483 -0.20640608489787407 -1.1696035641811642 -0.69353852548357264 -1.2640267170803317 0.40555093872756104 -0.46084762783276195 1.0000000180025095e-35 1.2125974755194091 1.1451632946878403 0.83461581092073389 -0.24271831554731219
decision_type=2 2 2 2 2 2 2 2 2 2 2 2 2 2 2 2 2 2 2 2 2 2 2 2
left_child=3 8 6 5 15 11 10 -8 18 20 -3 -1 13 -5 -11 -4 -14 -18 19 -2 -7 -6 -13 -15
right_child=1 2 4 12 21 9 7 -9 -10 14 -12 22 16 23 -16 -17 17 -19 -20 -21 -22 -23 -24 -25
leaf_value=0.066725694179729442 -0.066791688069383764 -0.0037222290624877976 0.017646426514161945 0.066782628382327874 0.066696286339364183 0.05726679751066191 0.051918147090046399 -0.066782374423457344 0.065574659799222154 0.063806222589253864 0.061543483811424264 -0.066684622907992236 0.0030924241981147137 -0.066692158290396847 -0.066729264088820836 -0.06016408098736991 0.0066745597510502273 -0.064925482897951178 0.01262661654510399 -0.037498780063297779 0.066897134719393722 0.066737762620964189 -0.066735840749963193 -0.066675768536375551
leaf_weight=0.011224848538404331 0.12312882705737138 0.06062678436137503 0.026396150438813493 0.021486617304617539 0.040045541303697973 0.047072614004719071 0.034360394871328026 0.052712024131324142 0.019158021168550476 0.011141324357595295 0.63115521820145637 0.084013462517759874 0.023835031606722512 0.0063241997486329629 0.027964128901658114 0.13069392145553138 0.017785373405786453 0.43058948883117409 0.016573367814999074 0.021924581888015382 0.061259456735569984 0.011255424615228549 0.0044148792367195702 0.01156493058806507
leaf_count=11 137 44 15 15 80 29 29 41 21 3 745 392 38 20 53 69 15 1382 22 24 15 9 6 70
internal_value=-0.000885169 0.0216824 0.0333314 -0.0356294 -0.0190758 0.00198546 0.0473535 -0.0199409 -0.0419315 0.0382443 0.0558237 -0.0516597 -0.053797 0.00614738 -0.0295391 -0.0470894 -0.0587955 -0.0620854 -0.0546745 -0.0623641 0.0627125 0.0667054 -0.0666872 -0.0666816
internal_weight=1.92671 1.16803 0.987245 0.758676 0.208391 0.247091 0.778854 0.0870724 0.180785 0.147438 0.691782 0.0996532 0.511586 0.0393757 0.0391055 0.15709 0.47221 0.448375 0.161627 0.145053 0.108332 0.051301 0.0884283 0.0178891
internal_count=3285 1236 1032 2049 173 509 859 70 204 100 789 409 1540 105 56 84 1435 1397 183 161 44 89 398 90
is_linear=0
shrinkage=0.1


Tree=201
num_leaves=24
num_cat=0
split_feature=92 122 134 7 194 90 83 58 13 167 36 41 162 7 49 176 167 79 35 119 170 84 147
split_gain=0.133162 0.0884622 0.0803678 0.0416196 0.0374451 0.0359329 0.0269172 0.024291 0.0237821 0.0222339 0.0212622 0.0206824 0.0123063 0.0126176 0.00693544 0.00799302 0.00688984 0.00575497 0.00272159 0.00786673 0.00177916 7.2206e-08 3.497e-09
threshold=-0.75205243603882888 1.4398585477209676 -0.60579682205013718 0.092286233010881832 1.0000000180025095e-35 1.2236199868847877 1.035717935052161 1.9576209506848454 0.32722295369161458 -0.67319683047537482 -0.99288678883788084 1.0454507417538774 0.76983163209898486 -0.71103269765487653 0.66613598813897623 0.015293123354090769 -0.18025156187260336 0.098377685488887659 0.67826582172883876 0.26397875662484166 2.3558106011301114 -1.9015208249102693 0.67722398986590304
decision_type=2 2 2 2 2 2 2 2 2 2 2 2 2 2 2 2 2 2 2 2 2 2 2
left_child=3 2 4 14 11 8 17 -7 -4 -6 -3 -2 21 -14 18 -16 -8 22 20 -20 -1 -12 -5
right_child=1 10 5 6 9 7 16 -9 -10 -11 12 -13 13 -15 15 -17 -18 -19 19 -21 -22 -23 -24
leaf_value=-0.066114411105092544 -0.063829758403550596 0.066822942743318611 0.0601416382582095 -0.066702701357952351 -0.047603285771260634 -0.057057704399503174 0.0034412432846631976 0.060273333409588375 -0.012573574602096384 0.033991879809212595 -0.067033311712557039 0.030485642861963577 -0.066681449162758061 0.055633146474259203 -0.064014430306894812 0.034492197918100091 0.064018308868285079 0.0075321947277533141 0.066745171900028974 -0.066689035067965932 -0.025354745775807777 -0.066750065724672417 -0.066761669408855071
leaf_weight=0.33487918490573076 0.13013336354197214 0.015732677726191469 0.60372912680759327 0.02527855102380272 0.041812285671767313 0.051587855930847581 0.029537809823523276 0.026817493489943445 0.048598598907119595 0.16589757901238045 0.0096240017010131851 0.028308433255006094 0.015487510914681479 0.018517260104999878 0.016478321034810506 0.016470516435219906 0.051530882657971233 0.013889427864341997 0.0062126048142090431 0.01529853671672754 0.011062875586503651 0.13882197698694643 0.016701361179002561
leaf_count=1064 166 12 961 47 62 82 30 13 25 254 4 26 66 22 23 18 23 16 4 59 28 266 14
internal_value=-0.0005978 0.0167665 0.0278757 -0.0424482 -0.0103635 0.0470365 0.0051412 -0.0169262 0.0547243 0.0175667 -0.04472 -0.0469786 -0.0543383 -7.51726e-05 -0.0587239 -0.0147728 0.0419467 -0.0482651 -0.0626649 -0.0281521 -0.064811 -0.0667684 -0.0667262
internal_weight=1.83241 1.29507 1.09688 0.53734 0.366152 0.730733 0.136938 0.0784053 0.652328 0.20771 0.198183 0.158442 0.182451 0.0340048 0.400402 0.0329488 0.0810687 0.0558693 0.367453 0.0215111 0.345942 0.148446 0.0419799
internal_count=3285 1959 1589 1326 508 1081 130 95 986 316 370 192 358 88 1196 41 53 77 1155 63 1092 270 61
is_linear=0
shrinkage=0.1


Tree=202
num_leaves=24
num_cat=0
split_feature=162 167 20 166 175 190 49 44 86 20 178 114 162 125 11 133 174 11 141 9 37 192 133
split_gain=0.118238 0.0789897 0.070268 0.0688589 0.0592489 0.0505469 0.0427232 0.0341314 0.0340184 0.0318409 0.021959 0.0216224 0.0168588 0.0126463 0.0122081 0.00815194 0.00370885 0.00393899 0.00229067 0.000819799 0.00078542 0.000731226 2.71526e-08
threshold=0.19450231258392425 0.29906494728151506 -0.82585457421852493 1.2806612040269758 1.4248945865652674 -0.95743953751878441 -0.11417314102393976 1.0372887853921957 0.90302469820483211 -0.83202439751613089 0.035537357844827644 -1.7871284688719256 1.0000000180025095e-35 0.34888801747037362 -0.57491721782733707 0.72052749648771186 3.2493261321150584 -0.85007907366318836 0.24982338531026874 0.41845153591857653 -0.63682979008373308 1.1130869597211002 1.734242879645608
decision_type=2 2 2 2 2 2 2 2 2 2 2 2 2 2 2 2 2 2 2 2 2 2 2
left_child=1 2 7 5 12 -4 14 22 -9 10 19 -11 21 -5 -6 -12 17 -13 -17 -2 -8 -3 -1
right_child=9 4 3 13 6 -7 20 8 -10 11 15 16 -14 -15 -16 18 -18 -19 -20 -21 -22 -23 -24
leaf_value=0.066724789068061438 0.066747028847508424 0.066789796768499804 0.037364321933955814 -0.013968676159381611 0.066727374832472611 -0.047210944239611613 -0.047099065904539203 0.047851448771439577 -0.066809277945880582 0.0667563793094446 0.054891806563353268 0.046399878760408131 0.0006936572562149056 0.06676989171252129 -0.04742215106857612 -0.0063176077072844596 0.026148541931158911 -0.066697544636106984 -0.066803220799262694 0.039054973065886241 -0.066904156826697536 0.047249327337294436 0.066866195732876832
leaf_weight=0.15420632330642559 0.028337438008747995 0.39966212386207189 0.082509263142128586 0.024665846663992852 0.055608572642086074 0.492291736190964 0.032334085961338133 0.054995817132294178 0.048866942641325295 0.013083891302812845 0.0077972825747565358 0.0031095405283849678 0.0438552763662301 0.090872000509989448 0.011267511959886178 0.0075939342787023625 0.0044666312460321924 0.3187407796649494 0.035677124134963378 0.017166720790555701 0.052594962573493831 0.020114384358748794 0.014890335965901613
leaf_count=227 27 465 78 19 85 507 13 24 29 8 11 4 34 80 19 15 6 1467 75 22 29 37 4
internal_value=0.00122042 0.013951 -0.00392794 -0.020911 0.0419356 -0.0350707 -0.0122884 0.0390238 -0.00609589 -0.0448792 0.00578395 -0.0592948 0.05969 0.0495332 0.0474951 -0.0392281 -0.0643489 -0.0656049 -0.0561882 0.0563 -0.059364 0.0658535 0.0667372
internal_weight=2.01471 1.57874 0.963298 0.690339 0.615437 0.574801 0.151805 0.272959 0.103863 0.435973 0.0965725 0.339401 0.463632 0.115538 0.0668761 0.0510683 0.326317 0.32185 0.0432711 0.0455042 0.084929 0.419777 0.169097
internal_count=3285 1650 968 684 682 585 146 284 53 1635 150 1485 536 99 104 101 1477 1471 90 49 42 502 231
is_linear=0
shrinkage=0.1


Tree=203
num_leaves=21
num_cat=0
split_feature=44 71 32 24 40 7 7 17 8 120 7 13 7 68 190 22 79 39 58 115
split_gain=0.135874 0.0995525 0.0615761 0.055077 0.0417615 0.0429547 0.0192371 0.0182247 0.0177356 0.0115955 0.0109329 0.00521792 0.00382959 0.00278597 0.00261269 0.00201898 0.0010488 7.24012e-09 3.79845e-10 1.43351e-10
threshold=0.71773846693429899 0.71470248831613647 -0.42263960782612081 -0.57230827285767483 1.2841499005537582 -0.44313843823558313 -0.237270769652389 -0.46507735503384828 -1.3464629155044647 1.9350023845686759 -1.0324210404331526 -0.01589195871599455 -1.3820278535898896 0.77336509711420642 -0.53413972537441123 -1.3273483534848427 0.79585517209781564 -0.78546048139083025 1.2261788666705362 0.090632934843594665
decision_type=2 2 2 2 2 2 2 2 2 2 2 2 2 2 2 2 2 2 2 2
left_child=3 2 10 6 5 -4 17 9 -5 13 -2 -9 -10 -3 -8 -14 -12 -1 -19 -16
right_child=1 7 4 8 -6 -7 14 11 12 -11 16 -13 15 -15 19 -17 -18 18 -20 -21
leaf_value=0.066788699711937446 0.066736385614465141 -0.06672962637251699 0.053193335230531213 0.066875898526011487 -0.066794007250154538 0.0030178544966290191 0.027192305312088612 -0.028666113888425684 -0.0044772039000739823 0.044175058280663489 -0.031451731819183266 0.059237627432468978 -0.0041063993683975409 -0.022074815530865807 -0.066693101026074092 -0.066713418633194285 -0.066799414944828606 0.066700821342277214 0.066722774522942702 -0.066674109458314854
leaf_weight=0.020019984745886177 0.0071361676673404864 0.16131843757466413 0.69028443479328394 0.010598621447570622 0.037558145122602582 0.22663791391823929 0.0036344809559523119 0.010492287765373476 0.010443307328387164 0.010736146738054231 0.0095507441510560565 0.018946911572129355 0.0052224187820684156 0.015296193123504054 0.0071671364275971419 0.37629264483985037 0.069306111661717296 0.015754705062136054 0.015771496793604456 0.0089221854505012743
leaf_count=9 6 352 766 4 24 336 5 27 19 11 30 21 8 21 20 1425 94 25 16 66
internal_value=-0.000787585 0.0164115 0.029256 -0.046424 0.0365579 0.0407913 0.0346041 -0.0452351 -0.0607695 -0.0567284 -0.051792 0.0279083 -0.064221 -0.0628622 -0.0493844 -0.0658564 -0.0625183 0.0667417 0.0667118 -0.0666826
internal_weight=1.73109 1.25726 1.04047 0.473827 0.95448 0.916922 0.07127 0.21679 0.402557 0.187351 0.085993 0.0294392 0.391958 0.176615 0.0197238 0.381515 0.0788569 0.0515462 0.0315262 0.0160893
internal_count=3285 1688 1256 1597 1126 1102 141 432 1456 384 130 48 1452 373 91 1433 124 50 41 86
is_linear=0
shrinkage=0.1


Tree=204
num_leaves=22
num_cat=0
split_feature=119 162 160 192 73 119 81 7 65 32 49 185 88 128 49 3 27 185 93 86 3
split_gain=0.119695 0.098236 0.0754786 0.0681483 0.0477611 0.0402219 0.0327939 0.0248997 0.0179974 0.0171992 0.0142097 0.0123789 0.00763624 0.00681369 0.00600936 0.00188392 0.000660704 1.39769e-08 9.20579e-09 7.34758e-09 7.77621e-10
threshold=0.16661278146608785 0.19450231258392425 -0.46488048361001511 0.14255963176772599 0.84721197897710077 1.7218313100328906 0.13663087599285337 -0.78730436343755827 1.3828680700003806 0.46741569574229475 0.82334481739990284 0.78879398547024959 1.6729369651439616 -0.26039269997631054 0.45098328996847364 0.3302713960989504 0.30317779245765231 1.2555306827280996 0.38052300124804855 -0.57493659740543024 1.423926333841355
decision_type=2 2 2 2 2 2 2 2 2 2 2 2 2 2 2 2 2 2 2 2 2
left_child=3 10 17 9 14 -6 15 -8 -9 -1 12 -12 13 -2 -4 -5 -11 19 -18 -3 -19
right_child=1 2 4 6 5 -7 7 8 -10 16 11 -13 -14 -15 -16 -17 18 20 -20 -21 -22
leaf_value=0.047328578312106705 0.021207606427344268 -0.066799773969332552 -0.062250975198612279 -0.016194756546338947 0.052645969732872056 -0.053600226664130994 -0.040622442655425799 0.06147289338213982 -0.045442371863603302 -0.038227655822541722 0.060070212828004836 -0.0423953736685352 0.0096615356606784952 -0.065675927744812582 0.033547524989656963 -0.066742700759610613 -0.066782523438831037 -0.066711186259142408 -0.066706274335253724 -0.066721343187193777 -0.066679510036020989
leaf_weight=0.016958068343228772 0.0092335886147337787 0.021444140904350206 0.058983646726119332 0.01106900555168977 0.3182094365474768 0.040124637089320458 0.027067238224844914 0.47246535163139924 0.016287273690977599 0.0091785444601555355 0.018455972371157259 0.032645238170516677 0.014685411653772462 0.4019797500441199 0.0073657345055835313 0.022082892879552674 0.023729698674287647 0.0091003363850177266 0.047587765831849538 0.026963507683831267 0.052229152941436041
leaf_count=16 16 9 151 19 447 142 31 750 24 16 19 38 29 1058 17 32 14 15 117 35 290
internal_value=-0.000747102 -0.0222283 0.00721502 0.0328632 0.0263186 0.040749 0.0465434 0.0527396 0.05791 -0.0441993 -0.055216 -0.00538838 -0.0611946 -0.063725 -0.051616 -0.0498654 -0.0634815 -0.0667159 -0.0667316 -0.0667561 -0.0666842
internal_weight=1.65785 1.01142 0.534421 0.646426 0.424683 0.358334 0.548972 0.51582 0.488753 0.0974541 0.477 0.0511012 0.425899 0.411213 0.0663494 0.0331519 0.080496 0.109737 0.0713175 0.0484076 0.0613295
internal_count=3285 2266 1106 1019 757 589 856 805 774 163 1160 57 1103 1074 168 51 147 349 131 44 305
is_linear=0
shrinkage=0.1


Tree=205
num_leaves=22
num_cat=0
split_feature=162 24 192 111 110 135 80 20 7 114 178 76 127 39 146 176 30 38 42 37 196
split_gain=0.104912 0.0704983 0.0638474 0.0602902 0.0467002 0.04566 0.0401182 0.0290042 0.0218163 0.0191963 0.0191862 0.0183841 0.00807168 0.00523709 0.00295816 0.00290141 4.70335e-06 5.27059e-08 4.22477e-08 9.91149e-09 9.28619e-09
threshold=0.19450231258392425 -0.5389893846754602 0.56589539787632415 1.2266958938795969 0.40381647529756964 -1.2412439768614789 0.017255013440076388 -0.82585457421852493 -1.3820278535898896 -1.7871284688719256 0.2776773441345603 0.17625224921236513 0.24163943859439552 -1.2333412936785786 0.97370900071420574 0.15231500956552571 0.75221275719921843 0.93793407197847223 0.79671820775979685 -0.62268327684768565 -1.5860994298972935
decision_type=2 2 2 2 2 2 2 2 2 2 2 2 2 2 2 2 2 2 2 2 2
left_child=1 11 4 5 6 -4 -3 10 -5 -9 12 -1 16 -11 -6 -12 -2 20 -17 -15 -13
right_child=7 2 3 8 14 -7 -8 9 -10 13 15 17 -14 19 -16 18 -18 -19 -20 -21 -22
leaf_value=0.034519436499633377 0.064450622629679918 0.044415689508211433 0.040868096903507685 -0.046353515561779607 0.065795056136599819 -0.042498594712512494 -0.050860482535403179 0.066745188002509045 0.044281824192127672 0.066741703711779385 -0.00031271859242123736 -0.066828769129496424 -0.01263785710307813 -0.066736048740403495 0.035335038859853278 -0.066948013528851852 0.066729031761638483 -0.066860922407966691 -0.066706371498289799 -0.066684854050086395 -0.066697214260281454
leaf_weight=0.020945654250681289 0.014639648288721219 0.10007392766419776 0.083199594417237677 0.029569554084446281 0.38658386499446351 0.3123111071618041 0.079149097902700305 0.011455602070782334 0.26071392116136849 0.0029725551721639923 0.0084209397609811276 0.0057023879126063539 0.019877348531736061 0.045053802634356543 0.034749012280371971 0.012449523434042931 0.023773458698997274 0.027946632239036262 0.017275181235163473 0.2354426830643207 0.090867990453261882
leaf_count=15 16 92 90 27 561 268 58 8 230 2 8 8 37 62 23 2 31 8 64 1405 270
internal_value=0.00128509 0.0138264 0.0212882 0.000439871 0.0450956 -0.0249616 0.00233949 -0.0445981 0.0350493 -0.0601651 0.00300964 -0.0521593 0.0390923 -0.0652938 0.0632829 -0.0521283 0.0658607 -0.06674 -0.0668076 -0.0666931 -0.066705
internal_weight=1.82317 1.43181 1.28635 0.685794 0.600556 0.395511 0.179223 0.391361 0.290283 0.294925 0.0964361 0.145463 0.0582905 0.283469 0.421333 0.0381456 0.0384131 0.124517 0.0297247 0.280496 0.0965704
internal_count=3285 1650 1349 615 734 358 150 1635 257 1477 158 301 84 1469 584 74 47 286 66 1467 278
is_linear=0
shrinkage=0.1


Tree=206
num_leaves=23
num_cat=0
split_feature=44 6 24 7 184 73 20 67 155 134 164 59 68 6 20 7 186 71 110 14 144 159
split_gain=0.121338 0.0518727 0.0505412 0.0558531 0.0407668 0.0350711 0.0308676 0.0372728 0.0225789 0.0182097 0.0174206 0.0163241 0.0145708 0.0121295 0.00614457 0.00553884 0.00495112 0.002316 0.000756537 3.12099e-08 4.51304e-09 1.17987e-10
threshold=1.1370776116198378 0.92036702003273374 -0.57091220090985872 -0.8894994128545185 1.4984955747865507 2.3430577854852404 -0.83202439751613089 -0.18544294702328865 0.14642711381470599 -0.48334835104932322 -1.2863862869149969 -2.0986185625964877 -1.0933637363761826 0.50988504850139882 -0.87750927489619546 -0.237270769652389 0.9017007407317611 0.76575634398882231 0.7697833993413089 0.88884882928044651 2.662231407014255 1.0994708121023338
decision_type=2 2 2 2 2 2 2 2 2 2 2 2 2 2 2 2 2 2 2 2 2 2
left_child=2 12 9 6 8 14 20 -8 -3 18 -10 -5 -2 -13 -6 -11 -14 -18 -1 -20 -4 -17
right_child=1 4 3 11 5 -7 7 -9 10 15 -12 13 16 -15 -16 21 17 -19 19 -21 -22 -23
leaf_value=0.042105467224495791 -0.0026442145626893836 0.050740857411009747 -0.066683236788355679 0.011813525364052472 -0.019159126646415059 -0.03734672387900536 0.052166642560252163 -0.057445205798143384 0.065764050353327663 0.066732209131027051 -0.058658747164967807 -0.018356697190030174 0.013204113841758703 -0.06461555892639452 0.066163143612625028 -0.066676317895770013 0.066484600345567565 0.026557115480377314 0.066712123978884361 0.066867840996085365 -0.066780051719404807 -0.066695252684852532
leaf_weight=0.015482447910471819 0.039525250947917812 0.027253301501332317 0.039708382450044155 0.035576610534917563 0.0090383153437869623 0.050021600662148558 0.13095965502725448 0.040652603565831669 0.012272508160094731 0.0037949156831018618 0.13544371547322953 0.065538655588170514 0.019947715576563496 0.41948783340922091 0.12760583873023279 0.012867042009020224 0.30224451901449356 0.01526114133594092 0.04564326343825087 0.017926449654623866 0.0054792573791928581 0.0044217971444595596
leaf_count=28 29 26 181 21 7 32 86 40 5 3 213 103 32 1561 171 92 554 15 67 6 3 10
internal_value=-0.000700675 0.0288449 -0.0267565 -0.0358089 0.00178766 0.0342939 0.00683875 0.0262011 -0.0328915 0.0399054 -0.0483215 -0.0535691 0.0548009 -0.0583649 0.0605195 -0.0426678 0.0615294 0.0645655 0.0619282 0.066756 -0.066695 -0.0666812
internal_weight=1.57615 0.738614 0.837539 0.737403 0.361635 0.186666 0.2168 0.171612 0.17497 0.100136 0.147716 0.520603 0.376979 0.485026 0.136644 0.0210838 0.337453 0.317506 0.0790522 0.0635697 0.0451876 0.0172888
internal_count=3285 1084 2201 1995 454 210 310 126 244 206 218 1685 630 1664 178 105 601 569 101 73 184 102
is_linear=0
shrinkage=0.1


Tree=207
num_leaves=26
num_cat=0
split_feature=119 29 190 194 83 65 91 6 51 161 162 192 7 185 114 7 39 170 92 89 48 34 10 185 119
split_gain=0.107569 0.0686753 0.0447966 0.037681 0.0371003 0.0273079 0.0240435 0.0232939 0.0199749 0.0185771 0.0169805 0.0167189 0.0159843 0.0173807 0.0140406 0.0122455 0.0118053 0.0117987 0.0100628 0.00374186 0.0026831 0.00262027 0.00201798 8.83421e-09 8.76116e-10
threshold=0.48484920551824323 -0.34580824636010427 0.3335724534050834 0.43725313758732715 1.035717935052161 1.3554605641213333 0.65328763737610385 0.4291277130964129 1.6103888333561478 0.58712812874720099 1.0000000180025095e-35 0.1550714982363057 1.0000000180025095e-35 1.0905766195341797 -1.4265064578285005 0.080277260433381861 -0.35802678668568438 0.73434853101208464 0.50420446556736898 0.62733859891175126 1.4536437307370733 -0.2608816615353669 0.55073873796656636 0.46668898677276544 2.0487964780637666
decision_type=2 2 2 2 2 2 2 2 2 2 2 2 2 2 2 2 2 2 2 2 2 2 2 2 2
left_child=1 4 12 15 9 7 11 -3 16 17 23 -6 18 22 -9 20 -5 -1 19 -2 -4 -8 -14 -7 -15
right_child=2 5 3 8 6 10 21 14 -10 -11 -12 -13 13 24 -16 -17 -18 -19 -20 -21 -22 -23 -24 -25 -26
leaf_value=-0.065434005313223118 0.0035023352911490828 -0.038663438116991106 -0.066754800068125383 -0.055225045753128879 -0.050843408962938597 -0.066818049463169923 -0.0052341673549163286 -0.021707789773274658 -0.066720139773275303 0.05119796778839214 0.061321024295657049 0.059153178317950986 0.013603861237598198 -0.066721553142397347 0.060034900570221421 0.054728724401582773 0.058061564696834406 0.024911757368697676 0.062748739476034515 -0.065016713230060669 -0.012852272953192845 -0.066746541128303652 0.066783561882096873 -0.066715742551100521 -0.066683098211377356
leaf_weight=0.14211575874651317 0.008170786801201757 0.027421089660492726 0.072160358737164643 0.01000595091318246 0.016020420400309376 0.016261476077488624 0.0094683093193452805 0.022054998771636747 0.016982670502329711 0.017914767551701516 0.014916515894583426 0.1005178920677281 0.011297796168946661 0.012657103878154885 0.44474621252447832 0.010511143686017022 0.11399836156488163 0.016091709592728876 0.0064528349903412155 0.32453155509574572 0.010589824116323143 0.025780979871342424 0.019368169887457043 0.017548725161759648 0.011138164925796445
leaf_count=350 32 24 152 18 39 8 5 23 34 14 26 71 17 15 940 6 152 20 16 1153 21 49 24 35 41
internal_value=-0.000702271 0.0220456 -0.032254 0.00237084 -0.0140894 0.0438691 0.0221432 0.050911 0.0349909 -0.0453159 -0.0275545 0.044032 -0.0528599 -0.00257174 0.0561728 -0.0469422 0.0489204 -0.0562447 -0.0609351 -0.063334 -0.0598567 -0.0502237 0.0471914 -0.0667649 -0.0667036
internal_weight=1.49872 0.870859 0.627865 0.234248 0.32791 0.542949 0.151788 0.494222 0.140987 0.176122 0.0487267 0.116538 0.393616 0.0544612 0.466801 0.0932613 0.124004 0.158207 0.339155 0.332702 0.0827502 0.0352493 0.030666 0.0338102 0.0237953
internal_count=3285 1604 1681 383 548 1056 164 987 204 384 69 110 1298 97 963 179 170 370 1201 1185 173 54 41 43 56
is_linear=0
shrinkage=0.1


Tree=208
num_leaves=21
num_cat=0
split_feature=40 198 35 25 178 9 89 185 24 24 36 74 7 119 118 156 29 152 35 190
split_gain=0.0939967 0.0937201 0.058992 0.0487645 0.0343973 0.032907 0.0323325 0.0371751 0.0264885 0.0250979 0.017899 0.0127548 0.0122962 0.0136731 0.0117966 0.0110544 6.15631e-08 1.51016e-08 2.46263e-09 6.70531e-10
threshold=0.81854975892518256 0.78455809753775618 -0.1649213226004109 -0.57814622565812701 1.5954072576207678 0.85658832130325813 1.606174341299683 0.19485030055696237 -0.51168224758155667 -0.55645603315269077 -0.45365947570123027 0.92516438596665018 -1.5333642071561677 0.038565094516902577 1.6824242246209906 2.2949028035940766 -0.93819009898607297 1.4364180962277564 -0.57873629177064889 -0.47976236334193517
decision_type=2 2 2 2 2 2 2 2 2 2 2 2 2 2 2 2 2 2 2 2
left_child=1 2 3 8 -5 12 7 -2 -1 -9 -11 -7 -3 -14 15 -4 -8 -13 -18 -20
right_child=6 5 14 4 -6 11 16 9 -10 10 -12 17 13 -15 -16 -17 18 -19 19 -21
leaf_value=-0.066750040618505369 -0.036197140106313537 -0.066772460247231574 -0.06547398961379397 -0.043748539084397957 0.055159631426243354 0.052674813959290981 -0.06704549636257498 -0.066735847509197144 0.061485470674635057 -0.011365030931949389 0.060757254712576342 -0.066704239777526361 -0.018983791560742494 0.063884874227738975 0.059457624715001489 0.019126336063315132 -0.066774856708079741 -0.0668372125912568 -0.066727184265401071 -0.06668323103083422
leaf_weight=0.018721500469837338 0.055962760641705356 0.0085472265709540807 0.38202852193353454 0.24442640974302765 0.041068590762733947 0.011675962137815077 0.0084276692941784859 0.017693883419269696 0.11538736940565286 0.037567076717095915 0.40950742198037915 0.025322564135421999 0.0221548471818096 0.19656738255434902 0.0081531657197047025 0.016095916900667362 0.0068696876769536166 0.012887450946436729 0.0060396371118258676 0.0081606009407551045
leaf_count=48 28 9 1609 308 22 16 1 19 87 20 663 66 42 269 3 11 5 7 11 41
internal_value=0.0012725 -0.0155683 -0.0324542 -0.00615577 -0.0295206 0.0347492 0.035033 0.0408024 0.0435839 0.0500739 0.0546969 -0.0387976 0.0508928 0.0554909 -0.0596152 -0.0620537 -0.0668171 -0.0667491 -0.0667257 -0.0667019
internal_weight=1.65327 1.10304 0.825881 0.419604 0.285495 0.277155 0.550229 0.520731 0.134109 0.464768 0.447074 0.049886 0.227269 0.218722 0.406278 0.398124 0.0294976 0.03821 0.0210699 0.0142002
internal_count=3285 2497 2088 465 330 409 788 730 135 702 683 89 320 311 1623 1620 58 73 57 52
is_linear=0
shrinkage=0.1


Tree=209
num_leaves=17
num_cat=0
split_feature=119 71 7 24 38 133 168 163 71 17 6 87 146 93 44 90
split_gain=0.10912 0.0803057 0.0554294 0.0467578 0.0458541 0.025128 0.018904 0.0147652 0.0146457 0.0136444 0.0119982 0.00623688 0.00224462 0.00188325 0.00188063 2.55959e-05
threshold=1.574039241133643 0.4430465272381951 -0.44313843823558313 -0.25972598002260611 0.79941700792219417 1.8518718535926049 -1.0439858798734443 -1.0810836641003354 1.3423392527232372 -0.33894703778153318 0.45770109545184029 2.1106021501578209 1.5985918918839344 0.18340228254718499 0.69939206608780891 1.2705176341314719
decision_type=2 2 2 2 2 2 2 2 2 2 2 2 2 2 2 2
left_child=1 2 3 4 -1 7 -3 -4 11 10 -8 14 -11 -5 -2 -16
right_child=8 6 5 13 -6 -7 9 -9 -10 12 -12 -13 -14 -15 15 -17
leaf_value=0.051409188852226555 0.014279425026948123 0.042916744649573589 0.019768940498887666 0.000480640595997724 -0.03067418110274563 0.030818840547710037 0.0078876000163247313 -0.060251322349739289 -0.066688150719819775 -0.0054599017947681103 -0.062296642429322535 -0.020910939204417958 0.066734375349312827 -0.066748866114306027 0.060679599008504018 0.066721955180620393
leaf_weight=0.35950867048086366 0.0070923578750808893 0.021382591505243798 0.026727358119387645 0.0045355027614277779 0.083947731778607704 0.049044306957512163 0.026140858462895156 0.16800181048893115 0.0091567483250400983 0.0080339852502222531 0.35709703618704225 0.0087487927521578968 0.0092825373430969194 0.051234110462246463 0.0072311257390538222 0.22993695523473434
leaf_count=370 12 31 48 10 67 34 49 475 30 29 1412 6 11 134 9 558
internal_value=-0.000736645 -0.0138545 0.00593124 0.0250175 0.0358705 -0.0331557 -0.0486956 -0.0492682 0.0575525 -0.0535861 -0.0575093 0.0620489 0.0332399 -0.0612814 0.0650204 0.0665377
internal_weight=1.4271 1.16494 0.742999 0.499226 0.443456 0.243773 0.421937 0.194729 0.262166 0.400554 0.383238 0.253009 0.0173165 0.0557696 0.24426 0.237168
internal_count=3285 2670 1138 581 437 557 1532 523 615 1501 1461 585 40 144 579 567
is_linear=0
shrinkage=0.1


Tree=210
num_leaves=24
num_cat=0
split_feature=7 72 92 122 87 13 134 20 110 60 133 155 19 31 35 14 48 48 67 32 47 77 168
split_gain=0.0955722 0.0514693 0.0498432 0.0421987 0.034915 0.0248412 0.0198001 0.0195072 0.019032 0.0178213 0.0168092 0.0123516 0.00875699 0.00707639 0.00530769 0.0048416 0.0045038 0.00389093 0.00361596 0.00213479 0.00157975 0.000619864 0.000303354
threshold=-0.37122873569968068 1.1483307959950817 -0.80818637710447161 1.4398585477209676 0.64718766036888054 0.3340983542294314 -0.60579682205013718 -0.54529906540255302 0.65540808140715112 0.11663404663207691 2.0548431622308159 1.4999582251567072 0.56636079256992533 0.74017486043664715 0.2217726707789924 -0.14204236421544367 1.1061518708152012 1.5002798012194762 -2.0721191328133917 -0.22148812263065054 1.30934105644704 -1.1171368810852871 -0.88631358418474915
decision_type=2 2 2 2 2 2 2 2 2 2 2 2 2 2 2 2 2 2 2 2 2 2 2
left_child=1 13 9 5 8 6 -4 22 19 11 16 15 14 18 -11 -2 -6 -10 -1 -3 -20 -12 -5
right_child=2 4 3 7 10 -7 -8 -9 17 12 21 -13 -14 -15 -16 -17 -18 -19 20 -21 -22 -23 -24
leaf_value=0.02288109420567094 0.034694698130559108 0.066717548312970457 0.019392576755227587 -0.046779179624675434 -0.0029687232669778447 -0.027583989344904542 0.0634156543726902 0.044597564232273984 -0.063403501004956717 -0.066720684060654886 -0.028035158823895873 0.05907387840183962 0.032562237015982133 0.031425637493413393 -0.011311175133734726 -0.066699169951807871 0.064379173544433274 0.011554109831608305 -0.065139014699946207 0.011327823439740117 -0.030687985479044645 -0.066794598601968999 -0.066777112448072357
leaf_weight=0.0049237770945182993 0.0067144872373319222 0.012850420200265944 0.14278062718221918 0.0089737602829700336 0.011181897003552876 0.04385992071183864 0.35916602428187616 0.023329404575633816 0.085210222539899405 0.088070428697392344 0.0070471024882863267 0.034064050894812681 0.012480474819312803 0.00830970419337973 0.021509957012312952 0.015770499216159806 0.088661110552493483 0.0075376090971985823 0.28351425424625631 0.015175234497291967 0.013965875150461216 0.0099545600460260175 0.049029769565095194
leaf_count=9 10 24 217 9 27 39 818 29 314 192 26 22 19 19 70 44 109 19 1103 21 54 17 74
internal_value=-0.000615861 -0.0328207 0.0213003 0.0345735 0.00221351 0.0445869 0.0508931 -0.0326241 -0.0354903 -0.0253046 0.0411851 0.0211033 -0.0468048 -0.0596132 -0.0558441 -0.0364208 0.0568366 -0.0573117 -0.0621148 0.0367253 -0.0635216 -0.050729 -0.0636832
internal_weight=1.35408 0.548332 0.805749 0.62714 0.237618 0.545807 0.501947 0.0813329 0.120773 0.17861 0.116845 0.056549 0.122061 0.310714 0.10958 0.022485 0.099843 0.0927478 0.302404 0.0280257 0.29748 0.0170017 0.0580035
internal_count=3285 1742 1543 1186 557 1074 1035 112 378 357 179 76 281 1185 262 54 136 333 1166 45 1157 43 83
is_linear=0
shrinkage=0.1


Tree=211
num_leaves=20
num_cat=0
split_feature=162 167 20 35 6 195 20 186 7 178 114 40 82 118 11 12 151 30 71
split_gain=0.0833878 0.0580187 0.0527826 0.04978 0.0389376 0.0252376 0.0233375 0.0183452 0.0171487 0.0159103 0.0152079 0.00937532 0.00539419 0.00304125 0.00279163 0.000692006 0.000198898 0.000186706 2.71601e-08
threshold=0.19450231258392425 0.81824013061367962 -0.79736367449433898 -0.68601238846558965 0.92036702003273374 0.97532995180645266 -0.83202439751613089 1.6392399141072069 -1.2222791698717359 0.035537357844827644 -1.7871284688719256 0.25130847226846326 1.3433036118538686 1.4006096013344285 -0.85007907366318836 -0.42932802729217662 0.63254081497401793 -0.14219071765318614 0.7509437369123676
decision_type=2 2 2 2 2 2 2 2 2 2 2 2 2 2 2 2 2 2 2
left_child=1 2 5 8 -5 7 9 -1 -4 15 -8 -3 16 14 -12 -2 -11 -13 -19
right_child=6 11 3 4 -6 -7 10 -9 -10 12 13 17 -14 -15 -16 -17 -18 18 -20
leaf_value=0.059970193071839643 0.037565322477641216 -0.009786516853913553 -0.056020994253482517 -0.051466145938627472 0.0020534372989800217 -0.035147014400133188 0.066729893622695949 -0.063230995254568975 0.051648225982766027 -0.043164073638783038 0.044109787602203562 0.050141072714168733 0.019218842354181413 0.035658574446502972 -0.066689567987185658 0.066745339227330169 -0.066781385677246036 0.066769611512463883 0.066694608937178143
leaf_weight=0.21642011312360399 0.013449432226479985 0.017695174203254282 0.016660376277286559 0.28257454869890353 0.26196135358622996 0.037754163960926235 0.009208493895130232 0.012801186938304454 0.13195519830333058 0.0042281235146219833 0.0022968092016526489 0.0070288926654029629 0.01129592833967763 0.0030054821691010139 0.22858662003636721 0.020537392047117464 0.022767675327486359 0.098680881608743221 0.094533387164119631
leaf_count=335 31 18 5 365 308 29 8 16 163 13 4 10 20 6 1467 18 68 105 296
internal_value=0.00117914 0.0134052 0.00283212 -0.0117192 -0.0257193 0.0406119 -0.0444905 0.0530898 0.0395781 0.00539776 -0.0593235 0.0599849 -0.0388038 -0.0642863 -0.0655873 0.0551981 -0.0630824 0.0661505 0.0667329
internal_weight=1.49344 1.17807 0.960127 0.693151 0.544536 0.266975 0.315376 0.229221 0.148616 0.0722786 0.243097 0.217938 0.0382917 0.233889 0.230883 0.0339868 0.0269958 0.200243 0.193214
internal_count=3285 1650 1221 841 673 380 1635 351 168 150 1485 429 101 1477 1471 49 81 411 401
is_linear=0
shrinkage=0.1


Tree=212
num_leaves=24
num_cat=0
split_feature=44 6 90 145 24 71 137 119 7 8 170 128 2 24 18 7 125 22 52 165 39 88 159
split_gain=0.0969186 0.0708864 0.0555396 0.0439806 0.0417243 0.0216105 0.0177082 0.0166266 0.0140094 0.0132002 0.0114567 0.0113369 0.00622666 0.00532522 0.00456356 0.00301452 0.00218328 0.00153468 5.78732e-08 2.32487e-08 3.73326e-09 1.65248e-10 5.29146e-11
threshold=0.71773846693429899 0.97445532179975569 1.6458578935797232 -0.220903056974318 -0.57230827285767483 0.4430465272381951 1.02476021854275 0.11560181283934716 -0.237270769652389 -1.3464629155044647 2.3949175371497486 0.12835655648942218 0.52763851039709808 -0.56690379859325402 -1.5151672677185823 -1.3820278535898896 -0.17818196681420276 -1.3273483534848427 -2.9265174545037103 -0.13763174210453408 -0.83074325203026012 0.51303033620647864 1.0994708121023338
decision_type=2 2 2 2 2 2 2 2 2 2 2 2 2 2 2 2 2 2 2 2 2 2 2
left_child=4 3 5 11 8 6 -3 12 20 -6 -9 -2 -5 -7 -4 -11 -10 -17 -16 -13 -1 -22 -18
right_child=1 2 14 7 9 13 -8 10 16 15 -12 19 -14 -15 18 17 22 -19 -20 -21 21 -23 -24
leaf_value=0.066767888126711764 0.01349302435912822 0.020753444307915182 -0.02750452956822674 0.066770889679087717 0.066819643262373801 0.043396318725824404 -0.041353054410232903 0.059799312774900241 0.035412244200249784 -0.0032931718450036236 0.0032446335568289278 -0.066861914372976033 -0.066708403510947575 -0.066720897019224595 0.067003730871853281 -0.0034348637420920317 -0.066674770885327042 -0.066702899144982383 0.066710471904190174 -0.066711720653755857 0.066694902388183389 0.066710949110212844 -0.066689489697568369
leaf_weight=0.013161448645405471 0.030354122551216278 0.089016745027038269 0.0055303030821960411 0.0044763089390471569 0.0079152080579660833 0.0045364784527919247 0.094802874795277603 0.40828940161009086 0.0025434614435653211 0.0079298452765215188 0.039264412647753488 0.018356189073529094 0.015939398836053442 0.13755551869326155 0.0075078760273754588 0.003888221792294643 0.0084360614710021764 0.27482670370591222 0.064898144875769503 0.023500557967054192 0.013686447637155652 0.012083097259164788 0.0034378159762127334
leaf_count=7 34 116 5 2 4 7 79 719 6 19 73 5 75 382 1 8 76 1425 143 47 27 16 9
internal_value=-0.000717565 0.0159098 -0.0157822 0.0396032 -0.0458349 -0.033917 -0.0112773 0.0508119 0.0355397 -0.0605728 0.0548377 -0.0330355 -0.037442 -0.0632053 0.0600533 -0.0640905 -0.0486684 -0.0658203 0.0667409 -0.0667776 0.0667246 0.0667024 -0.066679
internal_weight=1.29194 0.944028 0.403848 0.54018 0.347908 0.325912 0.18382 0.46797 0.0533483 0.29456 0.447554 0.0722109 0.0204157 0.142092 0.0779363 0.286645 0.0144173 0.278715 0.072406 0.0418567 0.038931 0.0257695 0.0118739
internal_count=3285 1688 733 955 1597 584 195 869 141 1456 792 86 77 389 149 1452 91 1433 144 52 50 43 85
is_linear=0
shrinkage=0.1


Tree=213
num_leaves=21
num_cat=0
split_feature=185 161 134 170 177 122 87 49 161 35 0 197 120 192 48 164 134 135 92 1
split_gain=0.0871735 0.0688846 0.0491006 0.0425405 0.0384025 0.0285921 0.0202777 0.0187904 0.0185687 0.0178522 0.015486 0.0093503 0.0068261 0.00486614 0.00339851 0.00270082 0.00265967 0.00159404 0.000355413 2.5226e-09
threshold=0.95152853928733383 0.3585812058125703 -0.60579682205013718 1.9038422897183127 0.89236023530318576 1.1857347855728946 1.0899911230466353 -0.11417314102393976 -0.55560655677550297 1.4211023261345941 1.1962352072322382 -0.21517224631470119 -0.26524146965722645 0.76803234826139632 1.4909169745043929 0.025372744000413065 -1.3404876480550212 1.3114913465952258 -0.9807677872772661 1.1741914694527551
decision_type=2 2 2 2 2 2 2 2 2 2 2 2 2 2 2 2 2 2 2 2
left_child=1 2 4 9 12 8 10 -6 -4 14 -5 16 -1 -7 17 -13 -3 -2 -18 -12
right_child=3 11 5 6 7 13 -8 -9 -10 -11 19 15 -14 -15 -16 -17 18 -19 -20 -21
leaf_value=0.043698025194067271 -0.0661815439053271 0.0078633283986480999 -0.066788869422776773 0.04619425502505814 -0.05731856463177714 -0.066753487558152705 0.062931022704197939 0.052359967374447251 0.04796301400381104 0.050467289385218377 -0.066755078589172817 0.025900899692719467 -0.060793992348220041 0.0037270668116723398 -0.017232492829317547 -0.066713256612007527 0.043103923033238047 -0.014123356505360188 0.066657094618208831 -0.066684282642580403
leaf_weight=0.0064736875938251606 0.26987773237488 0.0081227883783867583 0.015040845442854334 0.019009167968761176 0.020925604010699317 0.031980803058104357 0.050009954422421288 0.061612395707925316 0.22577000494129607 0.014701875756145455 0.0061594745639013118 0.005858141063072253 0.18241837344976375 0.014121409934887197 0.015711721316620242 0.0068081923745921813 0.0065834164997795588 0.0060130131023470304 0.23868207618943416 0.027521435415110318
leaf_count=19 1117 19 13 26 98 56 38 66 392 20 5 25 493 17 29 15 4 25 685 123
internal_value=-0.000631865 0.0180937 -0.00186016 -0.0383756 -0.0323489 0.0269833 0.017321 0.0245535 0.0407957 -0.0570499 -0.025969 0.059969 -0.0572129 -0.0451648 -0.0624707 -0.0238795 0.0641604 -0.0650469 0.0660249 -0.0666972
internal_weight=1.2334 0.824398 0.558343 0.409004 0.27143 0.286913 0.1027 0.082538 0.240811 0.306304 0.0526901 0.266055 0.188892 0.0461022 0.291602 0.0126663 0.253388 0.275891 0.245265 0.0336809
internal_count=3285 1902 1154 1383 676 478 192 164 405 1191 154 748 512 73 1171 40 708 1142 689 128
is_linear=0
shrinkage=0.1


Tree=214
num_leaves=26
num_cat=0
split_feature=39 198 35 69 86 135 89 20 161 6 12 166 44 33 41 33 44 25 24 195 168 116 29 80 42
split_gain=0.0767865 0.0624573 0.0368678 0.0379636 0.0326771 0.0312843 0.0290406 0.0259454 0.0250513 0.0229737 0.0292366 0.0175339 0.0155381 0.0147722 0.00916375 0.00811878 0.00601761 0.0028063 0.00179684 0.00118103 0.000437161 0.000233537 3.21396e-08 9.97055e-09 6.93281e-10
threshold=-0.57961834945015245 0.78455809753775618 -0.26037992908558927 -0.22144097812984664 1.2924199995924721 -0.97253499544498367 1.606174341299683 -0.7813841227855115 0.3585812058125703 0.91193846430800252 -0.20691920151248908 1.7798294029681527 1.7108481257194657 -0.82880362071129732 1.143521839021503 0.2081900632576576 0.66648802012489716 -0.580542332504704 -0.53106682310795483 0.37279378606689773 1.704352281419538 -0.27876949005696389 -0.85115076685342572 0.87616202558466105 1.4985144142731881
decision_type=2 2 2 2 2 2 2 2 2 2 2 2 2 2 2 2 2 2 2 2 2 2 2 2 2
left_child=5 2 3 17 12 6 15 14 -5 13 -11 20 21 -9 19 18 -6 -2 -1 -7 -4 -3 -8 -18 -24
right_child=1 4 11 8 16 7 22 9 -10 10 -12 -13 -14 -15 -16 -17 23 -19 -20 -21 -22 -23 24 -25 -26
leaf_value=0.029891218489185772 -0.006630716126659668 0.050615301287344427 -0.066369562372345148 0.052366295198734703 0.048903965118138118 0.065243676185158514 -0.066977231257150383 0.036625105338004109 -0.058948268438155753 0.04922554659534209 -0.048388033886280823 0.044658389232266255 -0.037837176046573683 -0.060119497595338738 -0.030625648874733569 0.015518099389257503 -0.066695535040165246 -0.064442555267256119 0.065484573179333982 0.028481423787642974 -0.030504739766925016 0.066421038304770336 -0.066733451674743247 -0.066804770065553312 -0.066688001424311596
leaf_weight=0.015088572079548612 0.0094541408398072235 0.010213917790679261 0.29786940456688171 0.096947313802957069 0.0051926936503150492 0.074417803632968571 0.0069230906665325156 0.01883104104490485 0.025544486870785477 0.090150436393741984 0.046515689180523623 0.015044654224766418 0.016702659544534981 0.09751053887521266 0.012561621450004168 0.041319456737255678 0.018344083022384439 0.075059071114083054 0.23635560226102825 0.0099016096792183816 0.0034378586933598845 0.11028914296184666 0.0071583767930860631 0.015346409112680703 0.0063184346981870476
leaf_count=15 19 15 1624 71 13 154 1 18 72 89 45 7 32 79 11 28 80 110 551 19 30 144 11 12 35
internal_value=0.00121733 -0.0218965 -0.0392298 -0.00641877 0.0296202 0.0255998 0.0485596 0.00504989 0.0291527 -0.0118008 0.0160018 -0.0606997 0.0525526 -0.0444604 0.049056 0.0565981 -0.0513008 -0.0579754 0.0633487 0.0609267 -0.0659604 0.0650813 -0.0668021 -0.0667453 -0.0667121
internal_weight=1.3625 0.699446 0.523357 0.207005 0.176089 0.663052 0.313164 0.349889 0.122492 0.253008 0.136666 0.316352 0.137206 0.116342 0.096881 0.292764 0.0388832 0.0845132 0.251444 0.0843194 0.301307 0.120503 0.0203999 0.0336905 0.0134768
internal_count=3285 2229 1933 272 296 1056 641 415 143 231 134 1661 191 97 184 594 105 129 566 173 1654 159 47 92 46
is_linear=0
shrinkage=0.1


Tree=215
num_leaves=19
num_cat=0
split_feature=44 47 125 29 24 6 71 40 185 66 104 8 90 136 106 177 59 109
split_gain=0.0886209 0.039022 0.0381821 0.0403831 0.0280188 0.0205114 0.0198175 0.0197717 0.0205875 0.017846 0.0177797 0.01575 0.0103693 0.00971803 0.00422932 0.000392997 0.000149962 1.40188e-08
threshold=1.1370776116198378 1.2407516031592347 0.62426305588462405 -0.37814945963480573 -0.44541036817490615 1.4758889347639157 -0.1334598757048982 1.1313578154425052 0.76383947296974275 2.1847293893133943 0.89928839287399542 -1.225177387069907 0.30954649459194944 1.2827046704493987 1.7790575500657244 -0.050722804044062923 -2.3436223719482352 1.3155253722784941
decision_type=2 2 2 2 2 2 2 2 2 2 2 2 2 2 2 2 2 2
left_child=2 5 3 4 12 7 -3 8 -2 13 -6 -4 -1 -5 15 -8 -13 -18
right_child=1 6 11 9 10 -7 14 -9 -10 -11 -12 16 -14 -15 -16 -17 17 -19
leaf_value=-0.052672485533627279 -0.036447038105998884 0.047978568221430644 0.012498705091176445 -0.060897067733955978 -0.062997515644656249 -0.06162202575883019 -0.035173747901273672 -0.038254896450833381 0.056710567778291081 0.063376102218510283 0.028954084952440697 -0.045927541158650401 0.060461256826846083 0.025086899745919485 0.0061108526268330412 -0.066742187236195072 -0.066694055435829361 -0.0667573867995718
leaf_weight=0.0087044678984966595 0.025300342687842203 0.025073742675886024 0.028662408367381431 0.14049595584583585 0.046835840443236521 0.01866851845261408 0.0042274651423213063 0.026497405386180617 0.38048048802738776 0.014441183728195028 0.038162578108313028 0.003530408925144001 0.11695756328481366 0.014501174540782813 0.0097649822128005326 0.058709379987703869 0.16963711352218525 0.044022326255799271
leaf_count=40 67 35 33 734 212 24 18 25 778 11 38 4 133 27 14 123 916 53
internal_value=-0.000748516 0.0285876 -0.0264652 -0.00660207 0.0226304 0.0410051 -0.0286822 0.0454371 0.0509022 -0.0429465 -0.0217131 -0.0571746 0.0526246 -0.0528526 -0.0551213 -0.0646217 -0.0663693 -0.0667071
internal_weight=1.17467 0.548722 0.625951 0.380099 0.21066 0.450947 0.0977756 0.432278 0.405781 0.169438 0.0849984 0.245852 0.125662 0.154997 0.0727018 0.0629368 0.21719 0.213659
internal_count=3285 1084 2201 1195 423 894 190 870 845 772 250 1006 173 761 155 141 973 969
is_linear=0
shrinkage=0.1


Tree=216
num_leaves=26
num_cat=0
split_feature=7 160 29 119 33 164 123 119 69 119 87 23 19 160 33 29 187 185 111 93 11 77 190 110 185
split_gain=0.0771208 0.0518942 0.0362287 0.0289411 0.0248277 0.0218008 0.020625 0.0252346 0.0184183 0.0224555 0.0171351 0.010988 0.00597031 0.00401567 0.00312715 0.00263425 0.00567551 0.00050214 0.000481619 0.000146583 9.42602e-05 1.89838e-08 5.84179e-09 3.35412e-09 8.87004e-10
threshold=-0.59288237339655681 -0.46488048361001511 -0.34580824636010427 0.11007642924810405 0.71285516052862674 -0.18771828221342321 0.12234460210497092 0.18746555181279609 0.18839759787719582 0.4768439997190046 0.11750156894004359 0.54918102590125251 0.49959003003848795 0.88057816415402113 0.016506938687817947 0.22010803631230264 0.7206165785215134 0.94479073804014424 0.96172090028946855 -0.73136655882211021 -0.68552463223711657 -3.7902861348959505 0.54354350358748349 0.58844523151140538 1.0345824417266953
decision_type=2 2 2 2 2 2 2 2 2 2 2 2 2 2 2 2 2 2 2 2 2 2 2 2 2
left_child=4 3 6 5 15 -2 14 -8 13 -10 17 -7 -12 -4 -3 19 -17 -6 -14 -1 -18 -5 -23 -21 -19
right_child=1 2 8 21 10 11 7 -9 9 -11 12 -13 18 -15 -16 16 20 24 -20 23 -22 22 -24 -25 -26
leaf_value=-0.042473929592552168 0.063570823866563042 -0.065895338288760347 0.063644202722710208 -0.0668865628048355 -0.033417878354311592 -0.064349273028682222 0.062592774094132747 -0.022233992755283864 0.04116799082858047 -0.046911553712548168 -0.022099697061415791 0.041115442062688391 0.04125778254912485 0.019742663363483758 -0.0026579160828696731 0.043340697129824392 -0.050758953768465398 -0.066731386321456837 0.066721019150613278 -0.066718970648693421 -0.066708051600547255 -0.066697097206183262 -0.066757316650440351 -0.066685530533745763 -0.066686589558721893
leaf_weight=0.0025330545649921979 0.042056566890096292 0.049398470626329072 0.26194103932357393 0.006498315211501903 0.0057636666024336583 0.035083926624793094 0.061897362058516592 0.080912951762002194 0.10154493574373191 0.040485005549271591 0.011817561229690909 0.013750582438660786 0.010318622338672867 0.022635711211478338 0.0092906233403482474 0.0071650994505034751 0.0052491253336484052 0.0062735457904636851 0.026516550016822293 0.037535323863266967 0.012601559115864804 0.075473451805009972 0.020480518716794904 0.14930280357293668 0.01496116466660169
leaf_count=14 17 145 666 4 12 69 58 176 340 56 37 18 26 52 21 15 13 6 39 78 41 339 24 950 69
internal_value=-0.000629603 0.0150224 0.0289674 -0.03028 -0.0449595 0.0107965 -0.00597775 0.0145319 0.045473 0.0160613 0.00429352 -0.034653 0.0397464 0.0601522 -0.0558847 -0.0623395 -0.0318409 -0.0595947 0.059588 -0.0663683 -0.0620181 -0.0667212 -0.06671 -0.0666922 -0.0666998
internal_weight=1.11149 0.821449 0.628106 0.193343 0.290038 0.0908911 0.201499 0.14281 0.426607 0.14203 0.0756511 0.0488345 0.0486527 0.284577 0.0586891 0.214387 0.0250158 0.0269984 0.0368352 0.189371 0.0178507 0.102452 0.095954 0.186838 0.0212347
internal_count=3285 1985 1514 471 1300 104 400 234 1114 396 189 87 102 718 166 1111 69 87 65 1042 54 367 363 1028 75
is_linear=0
shrinkage=0.1


Tree=217
num_leaves=24
num_cat=0
split_feature=162 167 20 166 175 190 49 44 86 20 178 114 162 125 11 133 118 11 141 67 49 192 133
split_gain=0.0678769 0.0480422 0.0421159 0.039929 0.0365334 0.0300305 0.0249285 0.0203562 0.0211404 0.0189723 0.0127555 0.0121247 0.0108845 0.00795726 0.0074648 0.00506015 0.00235125 0.00150829 0.00148504 0.000630323 0.000520593 0.000506772 7.08047e-09
threshold=0.19450231258392425 0.29906494728151506 -0.82585457421852493 1.2806612040269758 1.4248945865652674 -1.026813345023317 -0.11417314102393976 1.0372887853921957 0.90302469820483211 -0.83202439751613089 0.035537357844827644 -1.7871284688719256 1.0000000180025095e-35 0.34888801747037362 -0.57491721782733707 0.72052749648771186 1.4006096013344285 -0.8471974220483246 0.24982338531026874 -0.87953234743183029 0.36240427871660214 1.0951838034181431 1.734242879645608
decision_type=2 2 2 2 2 2 2 2 2 2 2 2 2 2 2 2 2 2 2 2 2 2 2
left_child=1 2 7 5 12 -4 14 22 -9 10 19 -11 21 -5 -6 -12 17 -13 -17 -2 -8 -3 -1
right_child=9 4 3 13 6 -7 20 8 -10 11 15 16 -14 -15 -16 18 -18 -19 -20 -21 -22 -23 -24
leaf_value=0.066703094228282578 0.066726774267853423 0.066746091847569813 0.039530252256246512 -0.014038069886945243 0.066703310582303249 -0.045150066034214648 -0.045830561744923982 0.047572751856474423 -0.066756055548081158 0.066717467067176697 0.054500822983370445 0.0098247914187447188 -0.00029195032000588255 0.066728397825535787 -0.047665903214647518 -0.0062592817883796552 0.033083858023632409 -0.066686578002174077 -0.066753359885299415 0.035904310778322311 -0.066780073846274365 0.045957799804863926 0.066793250547896851
leaf_weight=0.091336211604357231 0.016743254687753506 0.24189748252683785 0.048283958589308895 0.015737912093754858 0.032259771585813724 0.31571600882671191 0.018456164805684239 0.035172914285794832 0.029941253626020625 0.0073309182771481565 0.0049562627136765505 0.0026129667858185704 0.027682903659297153 0.054237562442722265 0.0069334497675299636 0.0049861229563248335 0.0024449374614050603 0.1847068948627566 0.021800902897666674 0.010989661095663905 0.03319859852490481 0.012324137263931334 0.0096294290851801634
leaf_count=227 24 464 71 19 85 514 15 24 29 8 11 10 34 80 19 15 6 1461 75 25 27 38 4
internal_value=0.00121895 0.0132862 -0.00422889 -0.0206179 0.041482 -0.0339174 -0.0136659 0.0385965 -0.00499872 -0.0445348 0.00496714 -0.0594727 0.0592542 0.0485635 0.0464709 -0.0383191 -0.0643476 -0.0656193 -0.055493 0.0545128 -0.0592948 0.0657383 0.0667117
internal_weight=1.22938 0.972808 0.600055 0.433975 0.372753 0.364 0.090848 0.16608 0.0651142 0.256572 0.0594762 0.197096 0.281905 0.0699755 0.0391932 0.0317433 0.189765 0.18732 0.026787 0.0277329 0.0516548 0.254222 0.100966
internal_count=3285 1650 968 684 682 585 146 284 53 1635 150 1485 536 99 104 101 1477 1471 90 49 42 502 231
is_linear=0
shrinkage=0.1


Tree=218
num_leaves=18
num_cat=0
split_feature=119 71 7 38 73 133 6 7 9 163 71 17 168 87 44 166 191
split_gain=0.0790748 0.0574385 0.0400904 0.0331869 0.0370072 0.0184189 0.0137867 0.0162679 0.0108455 0.0107896 0.0103027 0.00905132 0.00779079 0.00439159 0.00125065 0.000202591 2.69141e-05
threshold=1.574039241133643 0.4430465272381951 -0.44313843823558313 0.79941700792219417 1.9085323766684155 1.8518718535926049 0.63825311175189403 -0.58867816354291347 -0.55251410002976054 -1.0810836641003354 1.3423392527232372 -0.33894703778153318 -1.1787423784306756 2.1106021501578209 0.70542740231514256 -0.92454025538595463 0.77882135447625722
decision_type=2 2 2 2 2 2 2 2 2 2 2 2 2 2 2 2 2
left_child=1 2 3 4 -1 9 7 -3 -5 -4 13 12 -8 14 -2 -9 -16
right_child=10 6 5 8 -6 -7 11 15 -10 -11 -12 -13 -14 -15 16 -17 -18
leaf_value=0.054015225781620935 0.020601063617127061 0.048570948418572818 0.018426473476399519 0.034908692130780399 -0.046727112311064606 0.029320091071027527 0.066873394964143254 -0.036913720971130638 -0.054640034035626228 -0.059565624111428066 -0.066682334835536913 0.02997216185241507 -0.064188489288824799 -0.016967234498246497 0.058543129923349757 -0.066687903026689088 0.06670862853765018
leaf_weight=0.25435139999899548 0.0061464255923056035 0.029040900655672885 0.020640159342292463 0.017526812556752702 0.04256614601763431 0.038239534318563528 0.0046226005069911471 0.0025663238593551787 0.059230723323707934 0.12615354312220006 0.0064496805389353531 0.011259752616751939 0.2408072732941946 0.006799965660320594 0.0041364763019373632 0.020868132625764702 0.16717145175789483
leaf_count=378 14 37 48 21 47 34 1 8 135 475 30 35 1325 6 6 126 559
internal_value=-0.000754558 -0.0135663 0.00557075 0.0244205 0.0395728 -0.0324963 -0.04815 -0.00144526 -0.0341925 -0.0485994 0.0575505 -0.0576979 -0.06172 0.0618992 0.0649213 -0.0634273 0.0665115
internal_weight=1.05858 0.867873 0.558708 0.373675 0.296918 0.185033 0.309165 0.0524754 0.0767575 0.146794 0.190704 0.25669 0.24543 0.184254 0.177454 0.0234345 0.171308
internal_count=3285 2670 1138 581 425 557 1532 171 156 523 615 1361 1326 585 579 134 565
is_linear=0
shrinkage=0.1


Tree=219
num_leaves=24
num_cat=0
split_feature=7 29 30 69 162 3 19 107 160 68 172 29 60 119 185 128 47 92 1 64 166 159 22
split_gain=0.0687411 0.0551089 0.0280363 0.0297862 0.022471 0.0329266 0.0223153 0.0192109 0.0108159 0.0117572 0.010593 0.0103864 0.00907635 0.0102065 0.00899626 0.00517191 0.00472034 0.00170647 0.00100332 3.01121e-05 1.27316e-05 6.40195e-10 4.37554e-11
threshold=-0.11726056084041274 0.56335140450313437 1.0645581993902711 0.1815655182871776 0.48216698276929837 1.2125974755194091 0.39575327596086407 0.89202102217860368 -0.46488048361001511 -1.3654511469024502 0.76310066865966786 -0.67752998110041873 -0.15513209228968403 0.14127314586563203 0.77263874755440531 -0.3113355928252059 1.2301516081638761 -1.3191605052692095 1.2615274801243754 0.081284161777112993 -0.67401820633050502 0.72590229592891042 0.13555591443211637
decision_type=2 2 2 2 2 2 2 2 2 2 2 2 2 2 2 2 2 2 2 2 2 2 2
left_child=1 4 3 8 12 11 20 -8 9 -2 14 -6 13 -1 -3 -14 -7 -10 19 -12 -5 22 -4
right_child=2 10 21 6 5 16 7 -9 17 -11 18 -13 15 -15 -16 -17 -18 -19 -20 -21 -22 -23 -24
leaf_value=0.055052962153374511 0.06344596393299809 0.059610396875848404 -0.066677545158475585 -0.063107932374299888 -0.049416106196800078 -0.064825723292990522 0.058337181506887728 -0.049157887178427083 0.018025169980278397 -0.03802313208207822 0.05613846352785859 0.054142403659335973 0.046689864574908334 -0.06670999904546128 -0.062410223363184053 -0.059184810173368178 -0.0050530196006971229 0.065846238136919782 0.036601730205802943 0.066740963745922782 -0.066808997354222549 -0.066714700164648602 -0.066689627800558413
leaf_weight=0.015821919805603102 0.022056414796679746 0.01009312709356891 0.0054988360498100519 0.014656551982625388 0.011300919482891914 0.061859963141614571 0.055480991883086972 0.023738869436783716 0.0077250055910553775 0.023677790064539295 0.0027990401285933322 0.067723116160777863 0.0046885501142241983 0.012186442429083399 0.015054537878313567 0.28971014163107611 0.016800103036075598 0.21923563707241556 0.013800809436361305 0.062307394873641897 0.025406055297935382 0.015814431535545737 0.0065878757523023523
leaf_count=18 8 32 30 14 38 352 229 66 11 37 11 168 8 41 34 1307 51 577 29 147 29 30 18
internal_value=-0.00071005 -0.0228939 0.0301527 0.0370469 -0.0371934 -0.00625785 -0.00463308 0.0261254 0.0552785 0.0109128 0.0430813 0.0393329 -0.0523234 0.00207388 -0.0134367 -0.0574987 -0.0520596 0.0642186 0.0610935 0.0662851 -0.065455 -0.0667015 -0.0666841
internal_weight=1.00402 0.584146 0.419878 0.391977 0.480091 0.157684 0.119282 0.0792199 0.272695 0.0457342 0.104055 0.079024 0.322407 0.0280084 0.0251477 0.294399 0.0786601 0.226961 0.0789072 0.0651064 0.0400626 0.0279011 0.0120867
internal_count=3285 2236 1049 971 1983 609 338 295 633 45 253 206 1374 59 66 1315 403 588 187 158 43 78 48
is_linear=0
shrinkage=0.1


Tree=220
num_leaves=23
num_cat=0
split_feature=39 20 116 86 24 192 49 7 34 69 141 107 5 191 162 80 81 25 175 37 62 39
split_gain=0.0613421 0.0500446 0.028694 0.0284241 0.0257431 0.0279514 0.0246954 0.0259059 0.017184 0.0203939 0.0168555 0.0131437 0.0116679 0.0087346 0.00711675 0.00176932 0.000664448 0.000130254 7.19981e-05 5.31853e-09 7.25633e-10 6.13173e-11
threshold=-0.57961834945015245 -0.82585457421852493 1.4755534004172248 1.1060388638694476 -0.55645603315269077 0.59982769262796887 0.45098328996847364 -1.0563231097519583 0.20929317857756402 -0.16607162322108424 -0.32734968834388384 1.6056646700360839 1.1096147815647046 0.99137269107732495 0.19450231258392425 -0.26361914232224187 0.78676281176242957 -0.58263342753580771 0.0049253462626934951 -1.2479885290738555 -0.1069774070006211 -0.74739718644804365
decision_type=2 2 2 2 2 2 2 2 2 2 2 2 2 2 2 2 2 2 2 2 2 2
left_child=4 3 8 11 19 10 7 -7 15 -10 -6 16 -4 -5 -12 -3 -2 -14 -15 -1 -21 -22
right_child=1 2 12 13 5 6 -8 -9 9 -11 14 -13 17 18 -16 -17 -18 -19 -20 20 21 -23
leaf_value=-0.066794800661695394 0.043912743605104984 0.017351065208259863 0.059522973151680217 0.06669061723081679 -0.043072937946238204 -0.047333624868037605 -0.062228812510308922 0.0437466420957182 -0.059641869473746834 0.021174036811865842 0.060508541929459328 -0.042348376354654743 -0.037238051219770439 -0.049379459920246151 0.0041939085694551051 -0.065993232170673183 0.066750868770804814 -0.066682853786689464 -0.066732230620519972 -0.066725326103365457 -0.066690029641558318 -0.066676053970784938
leaf_weight=0.0078318881569430232 0.014883158772136085 0.0025747748877620316 0.036997499773860909 0.005859868608240503 0.018384975832304917 0.041904510151653085 0.046163358860212611 0.12257412855979055 0.062647104317875346 0.06225560451275669 0.26256534748245031 0.013245201276731677 0.0018322042706131478 0.0025861383401206686 0.024538056193705415 0.23735983674123418 0.088431703079550061 0.0083453728002496064 0.03169106583300163 0.0067134728888049713 0.0095818430236249696 0.0046690855560882491
leaf_count=3 40 5 27 17 12 72 29 234 103 94 585 28 16 16 53 1621 113 60 89 7 25 36
internal_value=0.00131705 -0.0216567 -0.0399507 0.0264448 0.0252934 0.0304274 0.00240229 0.020542 -0.0494403 -0.0193606 0.0497514 0.0514373 0.0334388 -0.0461349 0.0556955 -0.0650989 0.0634609 -0.0613821 -0.065423 -0.0667245 -0.0666982 -0.0666855
internal_weight=1.11364 0.56871 0.412012 0.156697 0.544927 0.51613 0.210642 0.164479 0.364837 0.124903 0.305488 0.11656 0.0471751 0.0401371 0.287103 0.239935 0.103315 0.0101776 0.0342772 0.0287963 0.0209644 0.0142509
internal_count=3285 2229 1926 303 1056 985 335 306 1823 197 650 181 103 122 638 1626 153 76 105 71 68 61
is_linear=0
shrinkage=0.1


Tree=221
num_leaves=22
num_cat=0
split_feature=44 24 7 47 6 71 40 185 44 122 20 186 106 8 30 114 177 20 166 198 13
split_gain=0.0699448 0.0321446 0.034173 0.0305176 0.0164019 0.0157982 0.015279 0.0155535 0.0150132 0.0211064 0.0139956 0.0108609 0.00325929 0.00240498 0.00160435 0.00133759 0.000387708 8.58454e-09 8.17536e-10 2.6599e-11 4.68474e-12
threshold=1.1370776116198378 -0.57230827285767483 -1.1671135917578999 1.2407516031592347 1.4758889347639157 -0.1334598757048982 1.2005906215565734 0.92352974054423387 0.71773846693429899 0.45464046605213188 -0.83202439751613089 0.42100045709852801 1.7790575500657244 -1.2098350739751165 0.5437736024335188 -0.69911240109343264 -0.062905198751381008 -0.33939623976212702 -0.63698112986094013 0.34955189251306557 -0.09176247291765742
decision_type=2 2 2 2 2 2 2 2 2 2 2 2 2 2 2 2 2 2 2 2 2
left_child=1 11 10 4 6 -5 7 -2 13 -10 18 19 16 -4 -13 -12 -7 -16 -3 20 -1
right_child=3 2 8 5 -6 12 -8 -9 9 -11 15 14 -14 -15 17 -17 -18 -19 -20 -21 -22
leaf_value=-0.066669741181397499 -0.0044970988121730013 -0.066738343255703755 0.026520513692458655 0.04654405059854877 -0.060986366075780167 -0.03059948472863094 -0.057606074869202384 0.057533819627744343 0.021454254513066956 -0.04921232968404507 0.030057698714538651 0.020280759054427604 0.002719879042516886 -0.066695281372061488 0.066807269611141459 0.066787919697143303 -0.066725880881735852 0.066700785101544563 -0.066676328266329396 -0.06668502592789359 -0.066676327126865484
leaf_weight=0.0047163338058453519 0.046936235961766215 0.0028479772736318418 0.0028075429909222285 0.020899334413115866 0.015328538134781411 0.0031715901277493677 0.014021485883858986 0.29122496230411343 0.062729496938118245 0.12955961262559867 0.013609710804303177 0.0089630969741847366 0.0084457435586955398 0.19547623532707803 0.0097425843850942329 0.03651700155751314 0.046894246253941674 0.033963334033614956 0.0083826277696061879 0.0018179826511186548 0.0014008689322508872
leaf_count=74 93 3 10 35 24 16 18 759 155 347 8 32 14 1375 5 36 125 73 67 6 10
internal_value=-0.000785659 -0.0259984 -0.0351692 0.0281285 0.0402754 -0.0280868 0.0446827 0.048924 -0.0460682 -0.0261591 0.0342091 0.0423892 -0.0547437 -0.0653754 0.0588208 0.0568154 -0.0644373 0.0667245 -0.0666921 -0.0666744 -0.0666712
internal_weight=0.959457 0.512534 0.45193 0.446922 0.367511 0.0794109 0.352183 0.338161 0.390573 0.192289 0.0613573 0.0606042 0.0585116 0.198284 0.052669 0.0501267 0.0500658 0.0437059 0.0112306 0.00793519 0.0061172
internal_count=3285 2201 2001 1084 894 190 870 852 1887 502 114 200 155 1385 110 44 141 78 70 90 84
is_linear=0
shrinkage=0.1


Tree=222
num_leaves=22
num_cat=0
split_feature=119 162 160 192 73 119 114 49 65 185 27 7 185 128 88 70 14 185 86 92 3
split_gain=0.0624473 0.0511189 0.0422209 0.033665 0.0247319 0.0210864 0.0155383 0.0147505 0.0130717 0.0109497 0.0107713 0.00753071 0.00473782 0.0042919 0.00408613 0.00182856 8.27594e-06 2.3955e-09 1.5751e-09 1.33746e-09 1.38245e-10
threshold=0.11007642924810405 0.19450231258392425 -0.46488048361001511 0.14255963176772599 0.84721197897710077 1.8018277438321528 -1.7110222634697814 0.77643010583953675 1.3828680700003806 0.78879398547024959 0.21617512690320848 -0.78730436343755827 0.51821547843927906 -0.26039269997631054 1.6729369651439616 -0.962252496194546 -0.29741616514526631 1.2555306827280996 -0.57493659740543024 -0.69838730475959421 1.423926333841355
decision_type=2 2 2 2 2 2 2 2 2 2 2 2 2 2 2 2 2 2 2 2 2
left_child=3 7 17 10 12 -6 -5 13 11 -9 -1 -8 -4 -2 -15 -11 -12 18 -3 -18 -19
right_child=1 2 4 6 5 -7 8 9 -10 15 16 -13 -14 14 -16 -17 19 20 -20 -21 -22
leaf_value=0.042533050599369362 0.022215765083141659 -0.066741634076771292 0.062774460948336538 -0.066716438231563466 0.050911562695417467 -0.060799607092657464 -0.024393289206241977 0.054133165583261339 -0.05236954786852082 -0.0059291589787671762 -0.062056712924668966 0.062374924257999891 -0.060279660538651574 -0.064493161785129288 0.0050227008082752156 -0.066710654838162201 -0.066686882080376847 -0.066691799947360672 -0.066694210152776948 -0.066727486601945926 -0.066673576053066994
leaf_weight=0.011969814135227352 0.0062225231449701815 0.013296594945131801 0.0034570607240311793 0.011131129325804068 0.18698930768005084 0.018575533915281994 0.010443717699672561 0.021530996178626083 0.011068183521274477 0.0074909690010827026 0.004322638393205124 0.23684106282235007 0.032957353461824823 0.22823491490999004 0.0087809211872809101 0.014589121965400409 0.020428628060471965 0.0049412950611440456 0.014797536503465381 0.013454909258143744 0.026414870233566035
leaf_count=21 17 10 19 18 507 132 20 30 21 7 7 690 157 1101 35 37 96 15 39 16 290
internal_value=-0.000613363 -0.0199455 0.00881077 0.0349642 0.0273614 0.040817 0.0489673 -0.0501635 0.0539516 0.00339079 -0.0402437 0.0587104 -0.0485973 -0.0597654 -0.0619178 -0.0460897 -0.0661773 -0.0666954 -0.0667167 -0.066703 -0.0666764
internal_weight=0.907939 0.588279 0.30143 0.31966 0.241979 0.205565 0.269484 0.286849 0.258353 0.0436111 0.050176 0.247285 0.0364144 0.243238 0.237016 0.0220801 0.0382062 0.0594503 0.0280941 0.0338835 0.0313562
internal_count=3285 2396 1169 889 815 639 749 1227 731 74 140 710 176 1153 1136 44 119 354 49 112 305
is_linear=0
shrinkage=0.1


Tree=223
num_leaves=23
num_cat=0
split_feature=24 192 119 114 11 161 13 158 49 162 7 40 7 21 81 135 135 37 37 20 10 123
split_gain=0.0539754 0.0489517 0.0295839 0.038654 0.0309434 0.0282521 0.0164235 0.0124146 0.0197427 0.0107342 0.00804506 0.00723979 0.00630443 0.00462776 0.000942021 0.000566375 0.000383207 2.0966e-08 1.18352e-08 2.45626e-09 2.2224e-10 5.87484e-12
threshold=-0.51581664293440455 0.55988764527413759 0.11007642924810405 -0.72133287847297756 -0.84073263666413756 0.3585812058125703 0.43803109061912698 1.0548419804308167 0.31729840166687567 0.19450231258392425 -1.3194915142710031 0.82590508167180576 -0.96214122221708087 -0.65992300459210373 0.27789529510918509 -0.1664080511954982 -1.7786619396944692 -0.98471131151104807 -0.91511717793816405 -0.44881054894431921 0.44247599425534279 0.080323382115251821
decision_type=2 2 2 2 2 2 2 2 2 2 2 2 2 2 2 2 2 2 2 2 2 2
left_child=6 5 12 10 -5 7 16 9 -9 -2 -4 20 -3 15 -14 -7 -1 -15 -18 -20 -8 -22
right_child=1 2 3 4 -6 13 11 8 -10 -11 -12 -13 14 17 -16 -17 18 -19 19 -21 21 -23
leaf_value=-0.03033557733220428 0.066746514070695151 0.046892190876864193 -0.026380090580117383 0.032440505992994202 -0.039513447339560935 0.066684533669464682 -0.066713447355283353 0.045565090742020753 -0.062516042465034907 -0.0021377837302667224 0.060889719881862515 0.056782912850327785 -0.0065408749646316171 -0.066883305379270633 -0.066578082131282093 0.0023502729215290848 -0.066770914432254497 -0.066695856285709385 -0.066714891686038794 -0.066679318383156577 -0.066677054305999225 -0.066669738911367127
leaf_weight=0.0029631827710545613 0.21806618905975483 0.0053463709773495785 0.011775291273806943 0.086770059235277586 0.19204840643578791 0.0027018271575798281 0.0018670846475288263 0.059409769863123074 0.023620219904842088 0.025240313265385339 0.10263337485594093 0.017684210011793766 0.0026924713347398202 0.008928738534450531 0.089085799598251469 0.0027727682718250426 0.019957075506681576 0.017987755054491572 0.025024610778928036 0.086511039757169783 0.001791957052773796 0.0028339121054159477
leaf_count=6 480 7 27 169 692 10 2 183 24 93 222 24 15 2 288 30 14 68 100 770 10 49
internal_value=0.00128913 0.0112926 -0.00924442 0.0029628 -0.0171209 0.0393651 -0.0522544 0.0482066 0.0148184 0.0596005 0.0519076 0.0236249 -0.0586676 -0.0497114 -0.0648168 0.0341006 -0.0658986 -0.066758 -0.0667 -0.0666873 -0.0666843 -0.0666726
internal_weight=1.00771 0.849079 0.490352 0.393227 0.278818 0.358728 0.158633 0.326336 0.08303 0.243307 0.114409 0.0241772 0.0971246 0.0323911 0.0917783 0.0054746 0.134456 0.0269165 0.131493 0.111536 0.00649295 0.00462587
internal_count=3285 2310 1420 1110 861 890 975 780 207 573 249 85 310 110 303 40 890 70 884 870 61 59
is_linear=0
shrinkage=0.1


Tree=224
num_leaves=20
num_cat=0
split_feature=71 44 29 24 145 156 7 44 8 120 7 118 6 114 7 133 6 3 39
split_gain=0.0632427 0.0476908 0.0308885 0.0266838 0.0259337 0.01809 0.0180047 0.0162511 0.00873155 0.00829244 0.00748257 0.00415181 0.00378588 0.00359614 0.00208542 0.00135718 0.000754058 0.000716053 1.26364e-09
threshold=0.7204561883995898 0.71773846693429899 0.53028789905248852 -0.57230827285767483 -0.12222637410838906 0.77858995202635028 -0.44710255505299407 1.7684504264707359 -1.1899695762397646 1.9350023845686759 -0.20640608489787407 -1.035144907882805 0.33556648802329631 1.0154367885981188 -1.1885902904357046 0.67792252721508384 0.78711638153806962 1.9120365764861271 -0.79295698568305706
decision_type=2 2 2 2 2 2 2 2 2 2 2 2 2 2 2 2 2 2 2
left_child=1 3 4 10 5 -3 -6 16 -5 11 18 -2 -13 -9 -10 -12 -4 -14 -1
right_child=9 2 7 8 6 -7 -8 13 14 -11 15 12 17 -15 -16 -17 -18 -19 -20
leaf_value=0.066736134669605915 0.028508404064736471 0.024565116807103424 -0.032284608907370109 0.060465491239807656 0.062538112134935431 -0.066741158533588932 0.012971960197857313 0.066704196519939682 -0.01808707658734876 0.050120299525316436 -0.066674039842142305 0.024055455517070026 -0.065950296320695254 -0.010701344676617949 -0.066701985660663571 0.034963333758094156 -0.066714354439643409 -0.017788879205345783 0.066691600451714947
leaf_weight=0.01019295968580991 0.0052024341130163512 0.056130802000552649 0.0073746507332543834 0.0060392031737137577 0.26429212503717281 0.03537338221212849 0.10140262310233084 0.014962210036173929 0.0095967971865320578 0.0072109288448700673 0.0060725366638507685 0.0049265266789006992 0.15303386435334687 0.010022287788160611 0.10954734343977179 0.0016765285436122213 0.046287719385873061 0.0031506277737207702 0.016993955665384419
leaf_count=8 16 69 25 8 668 39 252 29 39 21 74 12 1148 16 640 8 168 3 42
internal_value=-0.000853582 0.0126131 0.0269226 -0.0352744 0.0368805 -0.0107318 0.048794 -0.0309657 -0.0568401 -0.0548651 0.0420005 -0.059417 -0.0622562 0.0356537 -0.0627862 -0.0446846 -0.0619828 -0.0649788 0.0667083
internal_weight=0.86949 0.695965 0.535846 0.160119 0.457199 0.0915042 0.365695 0.0786469 0.125183 0.173524 0.034936 0.166313 0.161111 0.0249845 0.119144 0.00774907 0.0536624 0.156184 0.0271869
internal_count=3285 2085 1266 819 1028 108 920 238 687 1200 132 1179 1163 45 679 82 193 1151 50
is_linear=0
shrinkage=0.1


Tree=225
num_leaves=20
num_cat=0
split_feature=185 161 134 170 177 65 87 88 142 35 0 29 162 134 48 135 26 82 1
split_gain=0.0560001 0.0450839 0.0319292 0.0281275 0.0243546 0.0194437 0.0127894 0.0124642 0.0123348 0.0116803 0.010263 0.00646483 0.00453174 0.00331141 0.0025492 0.00124177 0.00115375 0.000583377 5.95106e-10
threshold=0.95152853928733383 0.3585812058125703 -0.60579682205013718 1.9038422897183127 0.89236023530318576 1.3969377795541982 1.0899911230466353 0.16828115473973984 -0.34594064667250823 1.4211023261345941 1.1962352072322382 -0.80615821649546737 0.48216698276929837 -1.3404876480550212 1.4909169745043929 1.3114913465952258 0.11267976783090218 0.14641545327810063 1.1741914694527551
decision_type=2 2 2 2 2 2 2 2 2 2 2 2 2 2 2 2 2 2 2
left_child=1 2 4 9 12 8 10 -6 -4 14 -5 -3 -1 -13 15 -2 -7 -15 -12
right_child=3 11 5 6 7 16 -8 -9 -10 -11 18 13 -14 17 -16 -17 -18 -19 -20
leaf_value=-0.06327998777765502 -0.066058274665445588 -0.057649112284580487 -0.065821092631294723 0.045431520395350262 -0.063790925672710483 -0.023282735904565262 0.062350831141789714 0.04961081750743522 0.046104671752415977 0.048919937789197725 -0.066721656303867505 -0.0091635455853636399 -0.0016358099341941925 0.026276132849499246 -0.014695201322307453 -0.011848014537336393 -0.066793630837964191 0.066272144961538715 -0.066678588422805538
leaf_weight=0.11173967710783472 0.17833805936970748 0.0045870405701862174 0.010511715070606442 0.013087747189274523 0.012607795455551241 0.0091985161488992162 0.033057602755434345 0.041912562621291727 0.15554363922638004 0.0099861630078521557 0.0039143714966485268 0.0061867438125773324 0.013350462038943078 0.0037316748057492069 0.010763771831989288 0.0043280432364554136 0.01805799900466809 0.16040128382883267 0.017789287867344683
leaf_count=465 1117 17 30 26 56 28 38 108 396 20 5 21 47 6 29 25 24 704 123
internal_value=-0.00078715 0.0176122 -0.00203421 -0.0379452 -0.0323905 0.0261705 0.0178105 0.0233867 0.0390195 -0.0565424 -0.0245101 0.0595006 -0.0567009 0.0626557 -0.0619871 -0.0647738 -0.0521096 0.0653628 -0.0666864
internal_weight=0.819094 0.547829 0.372922 0.271265 0.17961 0.193312 0.067849 0.0545204 0.166055 0.203416 0.0347914 0.174907 0.12509 0.17032 0.19343 0.182666 0.0272565 0.164133 0.0217037
internal_count=3285 1902 1154 1383 676 478 192 164 426 1191 154 748 512 731 1171 1142 52 710 128
is_linear=0
shrinkage=0.1


Tree=226
num_leaves=20
num_cat=0
split_feature=162 24 40 6 20 161 20 161 178 76 114 34 141 37 11 67 53 38 196
split_gain=0.0482327 0.0355123 0.0307536 0.0392775 0.0232929 0.0212169 0.0152704 0.0135371 0.00999515 0.00912675 0.00912414 0.00838759 0.00365194 0.00247447 0.00185318 0.000507647 0.000305997 7.42798e-09 1.51089e-09
threshold=0.19450231258392425 -0.5389893846754602 0.78330224812818894 0.8413638872843775 -0.86253941571467652 0.3585812058125703 -0.83202439751613089 0.3585812058125703 0.035537357844827644 0.17625224921236513 -1.7871284688719256 -0.30042238992379355 0.24982338531026874 -1.2716876795784644 -0.85007907366318836 -0.84257599003785166 -1.3968422754619672 0.93793407197847223 -1.5860994298972935
decision_type=2 2 2 2 2 2 2 2 2 2 2 2 2 2 2 2 2 2 2
left_child=1 9 3 4 -3 -5 8 11 15 -1 -8 -4 -10 -12 -15 -2 -14 18 -11
right_child=6 2 7 5 -6 -7 10 -9 12 17 13 -13 16 14 -16 -17 -18 -19 -20
leaf_value=0.032524134528314666 0.066714670080937996 0.031631270724680131 0.0083392177878486694 0.047668002025674706 -0.051372341483698153 -0.031306009816064469 0.066704690357378457 -0.027097771187628392 0.02372098727744287 -0.066756431469043559 0.066703094301758345 0.063458452188846576 -0.028966638883737308 0.044578545469617432 -0.066682396325185231 0.035681034580386004 -0.06673559651381232 -0.06676822573857373 -0.066682995664419042
leaf_weight=0.010852782972506247 0.01381535342807183 0.044946893453015946 0.032183960531256162 0.17444599184818799 0.13643322892312426 0.042259184523572912 0.0055424964812118551 0.021678941753634717 0.0070236791070783502 0.002984944574563996 0.001431131095159798 0.19416179820836987 0.002495005523087456 0.0015135735957301213 0.13703566083131591 0.0085227926756488159 0.015295711649741861 0.014891662867739797 0.045630748103576479
leaf_count=15 25 74 22 312 195 92 8 29 21 8 2 625 4 4 1471 24 76 8 270
internal_value=0.00133414 0.0132193 0.0207511 0.00353029 -0.0308036 0.0322675 -0.0431081 0.0483909 0.00634869 -0.0522238 -0.0591331 0.0556211 -0.0373344 -0.0641157 -0.0654669 0.0548742 -0.0614388 -0.0667064 -0.0666875
internal_weight=0.913146 0.72047 0.64611 0.398085 0.18138 0.216705 0.192675 0.248025 0.0471525 0.0743601 0.145523 0.226346 0.0248144 0.13998 0.138549 0.0223381 0.0177907 0.0635074 0.0486157
internal_count=3285 1650 1349 673 269 404 1635 676 150 301 1485 647 101 1477 1475 49 80 286 278
is_linear=0
shrinkage=0.1


Tree=227
num_leaves=19
num_cat=0
split_feature=119 7 71 38 73 44 31 24 6 71 24 12 87 184 165 97 184 70
split_gain=0.0573233 0.04095 0.0365524 0.0259384 0.0303605 0.0178061 0.0109296 0.00912727 0.00870105 0.00786405 0.00725664 0.00453374 0.00333994 0.00263971 0.000807155 0.000431211 0.000303166 5.30404e-05
threshold=1.574039241133643 -0.44313843823558313 0.67533097182410617 0.7700252468544746 1.9085323766684155 1.6068700989417459 0.29282243226446097 -0.52368520094841686 0.45770109545184029 1.3423392527232372 -0.59561308303474159 -0.049702581666367297 2.1106021501578209 1.6238845473407786 0.41001790522426618 1.3038423966785018 1.6375455190420343 -1.1621390857978136
decision_type=2 2 2 2 2 2 2 2 2 2 2 2 2 2 2 2 2 2
left_child=1 2 3 4 -1 10 15 -5 -4 12 11 -3 14 -12 17 -7 -10 -2
right_child=9 5 8 7 -6 6 -8 -9 16 -11 13 -13 -14 -15 -16 -17 -18 -19
leaf_value=0.050546423118895525 0.054916421977316089 -0.066672004934623386 0.049653491419024448 0.029036818950047335 -0.046821117773844505 0.041003254554972564 -0.05242576402660451 -0.055108292175478468 -0.066693692674482205 -0.066679064569287003 -0.062992954671249615 0.066760248641438688 -0.016602767633653214 0.020525559715800754 0.023358783287955289 0.06672565292130675 -0.036239325528630725 0.066699020237352816
leaf_weight=0.21659795456798747 0.0039441254630219183 0.0038743528893974144 0.007265417585585964 0.017334763004328124 0.037580725806037663 0.01265583437634632 0.015199425135506317 0.050285258581425296 0.067812734550898313 0.0049461064627394071 0.19338108486226702 0.0074296341772424057 0.0052379716944415114 0.0038598729588557026 0.0045285097730811677 0.013436665140034165 0.0034342942672083146 0.12192731456889305
leaf_count=426 15 57 14 15 56 21 34 176 442 30 1390 8 6 5 20 19 7 544
internal_value=-0.000725298 -0.0132455 0.00658115 0.0215069 0.0361505 -0.0450136 0.0149826 -0.0335372 -0.054595 0.0571761 -0.0568929 0.0210274 0.0616925 -0.0613586 0.0648375 0.0542493 -0.0652257 0.0663298
internal_weight=0.790732 0.650148 0.400311 0.321799 0.254179 0.249837 0.0412919 0.06762 0.0785124 0.140584 0.208545 0.011304 0.135638 0.197241 0.1304 0.0260925 0.071247 0.125871
internal_count=3285 2670 1136 673 482 1534 74 191 463 615 1460 65 585 1395 579 40 449 559
is_linear=0
shrinkage=0.1


Tree=228
num_leaves=24
num_cat=0
split_feature=160 134 7 119 65 92 164 39 185 194 154 131 162 92 106 49 115 56 187 77 86 14 65
split_gain=0.0506857 0.0393121 0.0237417 0.0214436 0.0191896 0.0170122 0.0161433 0.0142149 0.0113955 0.0104939 0.0113906 0.00871321 0.00727905 0.00662651 0.0055735 0.00459241 0.00078629 0.000730683 1.28183e-08 6.09874e-09 2.59474e-09 2.25639e-09 7.50762e-10
threshold=-0.46488048361001511 -0.48334835104932322 -0.11105157344577153 0.11007642924810405 1.5402017124666274 -0.78393374116828707 -0.18771828221342321 -0.75525005922067179 1.3543801363119259 0.43725313758732715 0.68668397387885693 0.60853209729690116 0.19450231258392425 -0.14442910091086394 1.6905609041162655 0.66613598813897623 0.030258664713300656 0.16418512464631438 0.26061520488785594 -3.7902861348959505 -0.47915333855758807 -0.061027740214891497 4.6368812918394022
decision_type=2 2 2 2 2 2 2 2 2 2 2 2 2 2 2 2 2 2 2 2 2 2 2
left_child=3 2 9 6 5 11 -1 16 -9 15 -11 -3 18 17 -7 -2 -4 -8 -6 -5 21 -21 -22
right_child=1 4 7 19 12 14 13 8 -10 10 -12 -13 -14 -15 -16 -17 -18 -19 -20 20 22 -23 -24
leaf_value=0.060655166240956716 -0.064308375496072878 -0.060939048795862663 -0.020978041381645291 -0.066800575964682377 -0.066855586574364426 0.062679791411500527 -0.021545537729980642 0.057863970551267518 -0.06668333798894209 -0.051538543143339846 0.035571163904622422 0.038992327636149987 0.049441771912741184 0.040372992213061919 -0.011862278651276819 0.012979900518247003 -0.066706623050104039 -0.066703296006095106 -0.066694329880045797 -0.066734493864003694 -0.066677558947779061 -0.066690097830777686 -0.066724037863530858
leaf_weight=0.027923507885134313 0.089123289793860749 0.019232116312196013 0.0052918534674972753 0.0052190712303854516 0.007736130151897668 0.21349252744403202 0.0041464290261501438 0.068953313966630958 0.0082222274359082803 0.027859702611749526 0.032548514638619963 0.015970751956047025 0.0072159159026341504 0.0082643347122939304 0.010525056615733774 0.0084138020174577832 0.012991081624932121 0.026376086851087166 0.01358699577031075 0.020031459611345781 0.078576248984973063 0.02671589789497375 0.0036361020320327944
leaf_count=22 478 69 12 11 2 940 12 167 34 170 116 35 24 10 32 20 42 81 53 39 759 151 6
internal_value=-0.000762202 0.0151613 -0.0135602 -0.0436577 0.0404538 0.0490222 0.00267802 0.0258125 0.0445948 -0.0373561 -0.00460302 -0.0156024 -0.0373738 -0.039061 0.0591776 -0.0576413 -0.0534708 -0.0605687 -0.0667528 -0.0666946 -0.0666903 -0.0667091 -0.0666796
internal_weight=0.742052 0.541163 0.253404 0.200889 0.287759 0.25922 0.0667104 0.0954585 0.0771755 0.157945 0.0604082 0.0352029 0.028539 0.0387869 0.224018 0.0975371 0.0182829 0.0305225 0.0213231 0.134179 0.12896 0.0467474 0.0822124
internal_count=3285 2194 1039 1091 1155 1076 125 255 201 784 286 104 79 103 972 498 54 93 55 966 955 190 765
is_linear=0
shrinkage=0.1


Tree=229
num_leaves=25
num_cat=0
split_feature=39 24 86 35 88 116 168 24 34 134 168 44 119 162 0 3 142 5 114 25 126 93 85 53
split_gain=0.042562 0.0336228 0.0218193 0.0208288 0.0222161 0.0204485 0.0203617 0.0152645 0.0121602 0.0116231 0.0112575 0.0108735 0.0106245 0.00985149 0.00802283 0.0056952 0.00471626 0.00321147 0.00135012 0.000862302 0.000194058 5.21212e-05 3.18806e-05 8.31475e-06
threshold=-0.48347776553622618 -0.25972598002260611 1.2243954934982115 -0.64028909914408472 0.46441101482654362 1.52450487341415 -0.13269747063521078 -0.25340415471751138 0.20929317857756402 -0.60579682205013718 0.70920521285832094 1.6914346639564146 1.4822754395502917 1.0000000180025095e-35 0.63519253564649203 0.22587736707935085 -0.16791326426577483 0.68198843412250876 -0.46153994339925281 -0.13382133018298345 -0.3739322315069632 0.26660195528626734 -2.4856006780103379 -0.9702723427169444
decision_type=2 2 2 2 2 2 2 2 2 2 2 2 2 2 2 2 2 2 2 2 2 2 2 2
left_child=3 5 11 12 6 8 7 -5 20 -10 14 21 15 -8 -6 -1 -7 -18 -4 -12 -2 -3 -17 -20
right_child=1 2 18 4 10 16 13 -9 9 -11 19 -13 -14 -15 -16 22 17 -19 23 -21 -22 -23 -24 -25
leaf_value=-0.019214626678574685 -0.034366987928741606 0.059229187029380473 0.013027252688888198 -0.036427178718752368 -0.063177271221730696 0.066402539387877532 0.064757239048015544 0.065180593995180447 -0.05071253277915138 0.023869267287572764 0.013322916493065457 -0.043503566378048947 -0.034385668659922583 -0.039894413671799779 -0.0021672933701714428 0.055591593495598238 0.066715223296757803 -0.0516062555029018 -0.060083935035780835 0.066694332915956722 -0.066687104099910091 0.066747244519303861 0.0667030248209695 -0.066718600782996393
leaf_weight=0.008262384362751618 0.0018791903930832623 0.010977637350151781 0.0023994430775928768 0.059172716470129672 0.060954624128498835 0.019306186950416304 0.10095483611075906 0.019710110165760852 0.050682528235483915 0.035553929967136355 0.0042098222002096017 0.010549660273682093 0.01271585987706203 0.0098750547713279957 0.033344827570545021 0.0026370303530711672 0.0032851220603333786 0.0076026004353479948 0.002093272218189667 0.010776083712698892 0.16275038568346645 0.057645131288154516 0.12413477520749439 0.019347944818946416
leaf_count=14 7 32 10 143 53 11 232 57 112 72 24 28 26 37 99 7 4 69 8 34 1555 101 460 90
internal_value=0.00129746 -0.0231133 0.0257591 0.0222836 0.00710504 -0.0410258 0.0277937 -0.0110389 -0.0503836 -0.0199636 -0.0288092 0.051014 0.053 0.0554327 -0.0416038 0.061229 0.0367228 -0.0159054 -0.05811 0.0517013 -0.0663182 0.0655446 0.0664719 -0.0660709
internal_weight=0.830821 0.384073 0.103013 0.446748 0.298998 0.28106 0.189713 0.0788828 0.250866 0.0862365 0.109285 0.0791724 0.14775 0.11083 0.0942995 0.135034 0.0301939 0.0108877 0.0238407 0.0149859 0.16463 0.0686228 0.126772 0.0214412
internal_count=3285 2099 269 1186 679 1830 469 200 1746 184 210 161 507 269 152 481 84 73 108 58 1562 133 467 98
is_linear=0
shrinkage=0.1


Tree=230
num_leaves=23
num_cat=0
split_feature=3 47 114 76 24 48 168 7 7 6 44 97 69 120 132 111 63 85 88 52 159 38
split_gain=0.0515221 0.0294909 0.0275743 0.025367 0.0162875 0.012158 0.0105531 0.0105075 0.0101946 0.00884706 0.00854787 0.00602325 0.0046059 0.00449089 0.00352024 0.00139944 0.00100285 1.34748e-05 1.97904e-09 6.48789e-10 6.41508e-12 3.67466e-12
threshold=1.1417265045350342 1.3060012062747537 -0.7376803396660927 2.6738589252555038 -0.57230827285767483 1.4642729675025947 -0.51808515818363221 -0.237270769652389 -0.8894994128545185 0.72143463722482959 1.1370776116198378 1.7726370861890359 1.3094220853777896 1.5202530655439164 2.2187759995791381 0.44735519576594363 2.3547276208717629 -0.87832970733271842 -0.90561152548090262 -1.2441433849578936 1.0994708121023338 0.58084228927493942
decision_type=2 2 2 2 2 2 2 2 2 2 2 2 2 2 2 2 2 2 2 2 2 2
left_child=4 2 6 5 7 -4 10 19 9 -6 -2 -5 -11 17 16 -8 -10 -3 -19 -1 21 -9
right_child=1 13 3 11 8 -7 15 20 14 12 -12 -13 -14 -15 -16 -17 -18 18 -20 -21 -22 -23
leaf_value=0.066724972626237986 -0.051490003181931976 -0.061851768096441696 0.052938542707932759 -0.065630031106339998 0.033021745133752396 -0.027031253323090844 -0.0046687959864504169 -0.066669974273728241 -0.066532630570598744 -0.066687092496655137 0.063472564371200371 0.019574806283199023 0.032565644702874492 0.0038175310656460289 0.066737742960686783 -0.060569979261028223 -0.014082438768331219 -0.066758074455558356 -0.066702816570266721 0.066688915846645186 -0.066677627780958384 -0.066676390751734427
leaf_weight=0.007943069409520831 0.010147006112674717 0.0067451700670062556 0.29474992813993595 0.026044916441605892 0.023803783493349329 0.020321942170994589 0.0049760645415517493 0.0050908240191347431 0.14163021746389859 0.025042593959369697 0.017836454098869581 0.012175018739071675 0.0057488320926495353 0.01171543281088816 0.0020513237395789466 0.044766539391275728 0.0037416797713376573 0.0084145567961968482 0.028210948774358258 0.013424374941678252 0.0019904016044165473 0.0010822804906638339
leaf_count=9 31 17 856 22 29 39 14 92 1604 175 46 45 20 36 2 107 7 5 71 39 11 8
internal_value=-0.000713937 0.0177786 0.0265841 0.0384478 -0.0395363 0.0477805 -0.0273407 0.0298323 -0.0496766 -0.0127623 0.0217863 -0.0384879 -0.0481564 -0.0511193 -0.063347 -0.0549778 -0.0651826 -0.0659591 -0.0667155 0.0667023 -0.0666727 -0.0666711
internal_weight=0.717653 0.486104 0.431018 0.353292 0.231549 0.315072 0.0777261 0.029531 0.202018 0.0545952 0.0279835 0.0382199 0.0307914 0.0550861 0.147423 0.0497426 0.145372 0.0433707 0.0366255 0.0213674 0.00816351 0.0061731
internal_count=3285 1289 1160 962 1996 895 198 159 1837 224 77 67 195 129 1613 121 1611 93 76 48 111 100
is_linear=0
shrinkage=0.1


Tree=231
num_leaves=26
num_cat=0
split_feature=7 29 69 30 19 162 3 107 168 160 68 172 187 185 33 47 33 15 92 1 64 93 134 159 92
split_gain=0.0452798 0.035982 0.0180998 0.0170766 0.0152513 0.0148507 0.0208606 0.0138856 0.0074575 0.00698784 0.00733721 0.00690269 0.00587117 0.00572676 0.00367483 0.00351938 0.00317478 0.00215396 0.00146423 0.000797766 2.2081e-05 6.72466e-09 3.01946e-10 1.16621e-10 1.11933e-11
threshold=-0.11726056084041274 0.56335140450313437 0.16790399990672669 1.0713867940062676 0.36402316783988925 0.48216698276929837 1.2125974755194091 0.89202102217860368 -0.6713834351393092 -0.46488048361001511 -1.3654511469024502 0.76310066865966786 -0.079800131694231002 0.77263874755440531 0.11319054006565309 1.2301516081638761 -0.57990464786899787 -0.12007643798176341 -1.3191605052692095 1.2615274801243754 0.081284161777112993 -0.43435362489469115 -1.0955907060533934 0.72590229592891042 -1.4185886509185279
decision_type=2 2 2 2 2 2 2 2 2 2 2 2 2 2 2 2 2 2 2 2 2 2 2 2 2
left_child=1 5 3 9 21 12 8 16 -7 10 -2 13 -1 -3 -14 -8 -6 -9 -11 20 -13 -4 -23 24 -5
right_child=2 11 4 23 7 6 15 17 -10 18 -12 19 14 -15 -16 -17 -18 -19 -20 -21 -22 22 -24 -25 -26
leaf_value=0.0619832778108532 0.062963435029906908 0.058037246229761141 -0.066814723358565531 -0.066673434609874668 -0.041747525380579922 -0.023140848897938621 -0.064718087177604341 0.017895961467842999 0.060309816496385019 0.012594233958541333 -0.036055337059058376 0.05542343714205572 -0.06535631146827324 -0.062235869046575722 -0.03856416739409621 -0.003556606158994835 0.066334738546740699 -0.06670485622269394 0.065722413704737276 0.034211723967203504 0.066719200077371851 -0.066694261950712971 -0.066718613925530537 -0.066697071502441307 -0.066681363393151755
leaf_weight=0.004437438095919787 0.014242533819924574 0.0066342636091576415 0.0083230608834128361 0.0035767666340689175 0.0029533920023823148 0.014730591887200717 0.041049436948014772 0.0038059618709667111 0.039220616607053671 0.0053811217658221713 0.015768422286782879 0.0018061511364066965 0.12345912789896829 0.0098169907359988429 0.087462082152342191 0.012205757917399751 0.034057372682582354 0.014380295309820212 0.14417569284705678 0.0094815939955879003 0.041353160439030034 0.0087249224197876174 0.012227262850501575 0.005207432943279855 0.0035454100325296167
leaf_count=2 8 32 4 31 4 60 352 24 146 11 37 11 991 34 381 51 230 52 573 29 147 30 17 13 15
internal_value=-0.000814782 -0.0226847 0.0301782 0.0471573 -0.00839359 -0.0367127 -0.00630132 0.0225513 0.0375248 0.0549741 0.0109368 0.0428066 -0.0518516 -0.0137336 -0.0542465 -0.0507003 0.05771 -0.0489999 0.0638108 0.0604764 0.0662465 -0.0667387 -0.0667085 -0.0666857 -0.0666774
internal_weight=0.668027 0.391657 0.27637 0.191897 0.0844723 0.322565 0.107206 0.055197 0.0539512 0.179568 0.030011 0.0690922 0.215359 0.0164513 0.210921 0.0532552 0.0370108 0.0181863 0.149557 0.0526409 0.0431593 0.0292752 0.0209522 0.0123296 0.00712218
internal_count=3285 2236 1049 688 361 1983 609 310 206 629 45 253 1374 66 1372 403 234 76 584 187 158 51 47 59 46
is_linear=0
shrinkage=0.1


Tree=232
num_leaves=23
num_cat=0
split_feature=24 192 119 114 11 161 13 158 49 162 3 7 39 21 81 140 25 19 37 37 20 22
split_gain=0.038448 0.034026 0.0212022 0.0270703 0.0219859 0.0197857 0.0123525 0.00913167 0.0136973 0.00829688 0.00613228 0.00588548 0.00546669 0.00368639 0.00133848 0.00116615 0.000391896 0.00037738 7.94607e-09 4.52768e-09 8.90263e-10 8.37532e-11
threshold=-0.51581664293440455 0.55988764527413759 0.11007642924810405 -0.72133287847297756 -0.84073263666413756 0.3585812058125703 0.43803109061912698 1.0548419804308167 0.31729840166687567 0.19450231258392425 1.7325630643801964 -1.0168622075657106 -0.89875619920593763 -0.65992300459210373 0.14382420538254473 0.01177252706912882 -0.20959832247281782 0.39575327596086407 -0.98471131151104807 -0.91511717793816405 -0.44881054894431921 0.19545349885633967
decision_type=2 2 2 2 2 2 2 2 2 2 2 2 2 2 2 2 2 2 2 2 2 2
left_child=6 5 11 10 -5 7 17 9 -9 -2 -4 -3 -8 16 -13 -14 -7 -1 -15 -19 -21 -17
right_child=1 2 3 4 -6 13 12 8 -10 -11 -12 14 15 18 -16 21 -18 19 -20 20 -22 -23
leaf_value=-0.021673559869644071 0.066723052870280658 0.0667218781063047 0.059815222823319469 0.030789479642350293 -0.037543138599108163 0.0060019372347975292 0.066718926305096765 0.043571636188109122 -0.061400069783241057 -0.0015886454773181497 -0.029638710583220679 0.039669427977752386 0.037154432678725834 -0.066823939772740343 -0.066337327215007 -0.06667166727770607 0.066680736808675409 -0.06674233851820327 -0.066688468452183791 -0.066701647322274946 -0.066676337453270909 -0.06669755384066639
leaf_weight=0.001899136492284014 0.15593902479668031 0.0036060889760847195 0.076660083483147901 0.069239903379639145 0.14715825331950327 0.0021559632496064296 0.011307818087516353 0.044477188344899332 0.017252283627385623 0.020067772937181871 0.0085145960547379218 0.0012130271279602303 0.0013446747980196952 0.0064823506399989102 0.06586894314023084 0.0036193223368172767 0.0021022323635406783 0.01463932941260282 0.013038179646173377 0.017818615540818428 0.063155316303891595 0.0019090869463980198
leaf_count=7 480 6 226 169 692 31 19 183 24 93 23 8 3 2 296 60 9 14 68 98 771 3
internal_value=0.00130667 0.0109838 -0.00843679 0.00311751 -0.0156791 0.0386286 -0.0517053 0.0473277 0.0142339 0.0589344 0.0508728 -0.0577303 0.0239685 -0.0483438 -0.0644204 -0.0463659 0.0359585 -0.0658144 -0.0667335 -0.0666912 -0.0666819 -0.0666806
internal_weight=0.749469 0.633776 0.372261 0.301573 0.216398 0.261515 0.115693 0.237736 0.0617295 0.176007 0.0851747 0.0706881 0.0181809 0.0237787 0.067082 0.00687308 0.0042582 0.0975124 0.0195205 0.0956133 0.0809739 0.00552841
internal_count=3285 2310 1420 1110 861 890 975 780 207 573 249 310 85 110 304 66 40 890 70 883 869 63
is_linear=0
shrinkage=0.1


Tree=233
num_leaves=17
num_cat=0
split_feature=119 71 7 38 73 44 24 170 71 24 6 11 87 44 3 191
split_gain=0.0461771 0.0332288 0.0315511 0.0203492 0.0238691 0.0122638 0.00708704 0.00694394 0.00664443 0.00549148 0.0046835 0.00283625 0.00269632 0.00101264 0.000400505 1.97565e-05
threshold=1.574039241133643 0.67533097182410617 -0.44313843823558313 0.7700252468544746 1.9085323766684155 1.6068700989417459 -0.52368520094841686 1.5288977961038104 1.3423392527232372 -0.57230827285767483 0.45770109545184029 -0.32866634046318272 2.1106021501578209 0.69939206608780891 1.8531320899970065 0.77882135447625722
decision_type=2 2 2 2 2 2 2 2 2 2 2 2 2 2 2 2
left_child=1 2 3 4 -1 9 -5 -7 12 -4 -3 14 13 -2 -12 -15
right_child=8 10 5 6 -6 7 -8 -9 -10 -11 11 -13 -14 15 -16 -17
leaf_value=0.049128621475924499 0.012932366489745493 0.012944639166759543 0.0082347484170413043 0.026550297120250539 -0.045651411009412023 0.065278415946852394 -0.053821525765927428 -0.036198659687595384 -0.066677378592849557 -0.059622989666626061 -0.066684067793254684 0.046153823957412479 -0.014202910423612153 0.058268859394918875 -0.0254348409789193 0.066694700372172636
leaf_weight=0.18024824108579196 0.0036599482373276251 0.0085905684900353663 0.013512541592717753 0.014932514081010595 0.03116473077898263 0.015999287032173015 0.04135789232350362 0.011655920876364689 0.0042031137054436831 0.10156489068867813 0.11116976902121678 0.0023084599597495972 0.0045238629390951237 0.0028624560654861844 0.0024047509505180633 0.1000190639642824
leaf_count=426 12 37 109 15 56 30 176 21 30 633 1155 7 6 7 5 560
internal_value=-0.000669062 -0.0130403 0.000685371 0.0209304 0.0351569 -0.0372854 -0.0325008 0.0225086 0.0567403 -0.051655 -0.0582989 -0.0635803 0.0614108 0.0646215 -0.0658107 0.0664603
internal_weight=0.650178 0.53491 0.410436 0.267703 0.211413 0.142733 0.0562904 0.0276552 0.115268 0.115077 0.124474 0.115883 0.111065 0.106541 0.113575 0.102882
internal_count=3285 2670 1466 673 482 793 191 51 615 742 1204 1167 585 579 1160 567
is_linear=0
shrinkage=0.1


Tree=234
num_leaves=27
num_cat=0
split_feature=119 130 3 48 160 65 75 162 195 49 24 120 87 123 106 7 185 162 27 7 88 6 7 190 134 52
split_gain=0.041203 0.0278886 0.0222694 0.0183804 0.0160927 0.013865 0.012768 0.010584 0.00974349 0.0078228 0.00752788 0.00750798 0.00744601 0.00483878 0.0029109 0.00276402 0.00380819 0.00226252 0.000581123 0.000355921 0.000280178 1.14966e-08 1.0126e-09 7.49372e-10 8.36183e-11 1.7252e-11
threshold=0.48484920551824323 0.60092953780903791 0.19945065850566354 1.1916313052706722 -0.46488048361001511 1.7053556301903441 0.70573856321810224 0.19450231258392425 -0.7339517810227012 0.29965055049558015 -0.044666850929184265 1.9092110623342025 1.3707928269805547 0.76075217910881021 0.81826297803792969 1.0000000180025095e-35 1.0905766195341797 1.0000000180025095e-35 0.99992692408966233 0.17358291785092203 1.4030207618476183 0.45770109545184029 -0.02145044128623478 0.62640826385922077 0.49623941695718904 -0.7252212512510311
decision_type=2 2 2 2 2 2 2 2 2 2 2 2 2 2 2 2 2 2 2 2 2 2 2 2 2 2
left_child=1 2 19 12 23 8 17 14 -3 -8 -10 -9 15 25 -6 20 -17 -4 -7 -1 -2 -21 -20 24 -5 -14
right_child=3 5 6 4 7 18 9 11 10 -11 -12 -13 13 -15 -16 16 -18 -19 22 21 -22 -23 -24 -25 -26 -27
leaf_value=0.040833013742245544 -0.066079894650679621 -0.033476349756106312 -0.066692641807167261 -0.06667576642699273 0.04077282657268573 -0.018975320232822845 -0.064746030171673435 0.056161965027351837 0.05847311788746723 0.066074205602475081 -0.042069666881283933 -0.066673597080251834 -0.066684427585071981 0.053140260395923171 -0.066683966930417282 0.046648316513711596 -0.066683119309544722 -0.020357361891474197 -0.066683259194501493 0.066886525471864383 -0.041293205965323751 0.066713076580307146 -0.066747181771536407 -0.066714719815224505 -0.06669411708613468 -0.066672733703252718
leaf_weight=0.0069691359603893934 0.12099917035993712 0.013445785709336633 0.062428550456388621 0.013475594985720818 0.0031133953452808774 0.0033875556764542134 0.0064696081462898283 0.053318614765885286 0.18897307588486001 0.015576039648294682 0.0077523134095827109 0.0054881120722711776 0.0023882525983935929 0.01008382531836105 0.013247329627120052 0.0054675306018907577 0.0064777166808198672 0.012678444996709004 0.0061876633462816253 0.0049142930656671515 0.0047389409337483803 0.017183648476930102 0.0041337262591696336 0.0092316944064805284 0.0030440427399298633 0.0026743310208985349
leaf_count=17 1000 38 330 159 6 12 35 170 895 41 44 62 12 23 84 21 32 77 47 1 40 63 4 28 14 30
internal_value=-0.000904356 0.0213342 -0.0162549 -0.0315871 0.0015331 0.0425263 -0.0392303 0.024906 0.048882 0.0276832 0.0545111 0.0446984 -0.0534576 0.0130917 -0.0462353 -0.0607786 -0.0148095 -0.058871 -0.0549136 0.0605374 -0.0651457 0.0667516 -0.0667089 -0.0666919 -0.0666791 -0.0666783
internal_weight=0.603848 0.3501 0.12622 0.253749 0.100919 0.22388 0.0971526 0.0751675 0.210171 0.0220456 0.196725 0.0588067 0.15283 0.0151464 0.0163607 0.137683 0.0119452 0.075107 0.0137089 0.0290671 0.125738 0.0220979 0.0103214 0.0257513 0.0165196 0.00506258
internal_count=3285 1604 564 1681 523 1040 483 322 977 76 939 232 1158 65 90 1093 53 407 63 81 1040 64 51 201 173 42
is_linear=0
shrinkage=0.1


Tree=235
num_leaves=25
num_cat=0
split_feature=162 167 175 114 81 49 24 119 111 48 114 115 162 172 24 110 24 118 161 16 49 104 0 14
split_gain=0.0340574 0.0260148 0.0278288 0.0238933 0.0323968 0.0186626 0.012163 0.00968227 0.00785954 0.00769987 0.0071889 0.00672593 0.00620369 0.00692464 0.00581307 0.00472511 0.00327589 0.00160041 0.00068098 0.000595769 0.000408965 0.000242255 1.08869e-09 1.92477e-11
threshold=0.19450231258392425 0.1272784661756686 1.1957619115254798 -1.1757457667651317 1.5059049551841415 -0.11417314102393976 -0.27431637864621111 -0.21549688060092273 1.5207537810757488 1.1773756834509366 -1.7871284688719256 -0.17667928397416802 1.0000000180025095e-35 0.69067238622618288 -0.50056373970031809 0.4751472532216901 -0.5399133374217201 1.4907191983352759 0.3585812058125703 0.6097445058542702 0.31729840166687567 1.0237964758278275 0.35624055952266959 0.55445902822947257
decision_type=2 2 2 2 2 2 2 2 2 2 2 2 2 2 2 2 2 2 2 2 2 2 2 2
left_child=1 3 12 7 8 14 10 -1 -5 15 -2 -6 18 -14 -4 -8 -9 19 -3 -12 -7 -17 -11 -24
right_child=6 2 5 4 11 20 9 16 -10 22 17 -13 13 -15 -16 21 -18 -19 -20 -21 -22 -23 23 -25
leaf_value=-0.062606963343293187 0.066692688524153915 0.066010291004932706 -0.066682301260005433 -0.052552760184570724 -0.046711620738906799 -0.04405502025611939 -0.046886597658864229 -0.028631455247883519 0.014107281129473643 -0.066757811134771181 -0.066679380766001425 0.05609211925616242 -0.055564675477691394 0.062274303511761143 0.066686512796287623 0.066693245208207005 0.063765101101101326 0.044267401723334959 0.032508214905419608 -0.0015606472426039396 -0.066765059409522987 0.043911664531435642 -0.066672844138111281 -0.066683927605973636
leaf_weight=0.0075274472619639701 0.0043654679902829221 0.14949934759351891 0.0038200740527827284 0.14971105090808123 0.0073110634657496112 0.010840767739864532 0.0053310020193748633 0.0041131484249490305 0.020057121346326312 0.0020452362950891265 0.10001169784845843 0.049131799529277487 0.0096304344042437151 0.010341993536712835 0.022618342998612206 0.013403201744949911 0.057201052542950492 0.0013393381086643777 0.0063238785878638728 0.0014249838859541333 0.029528401959396433 0.0071618663641856975 0.0056877531606005505 0.0021625967710861005
leaf_count=7 9 504 20 471 34 17 27 14 47 1 1434 90 39 15 113 41 200 5 36 15 43 22 73 8
internal_value=0.00125411 0.012788 0.0370463 -0.007158 -0.0228565 -0.0178939 -0.0421318 0.0444265 -0.0446773 0.00833924 -0.0589922 0.0427759 0.0579252 0.00545394 0.0474161 0.037011 0.0575669 -0.0643307 0.0646507 -0.0657646 -0.0606665 0.0587595 -0.0666928 -0.0666759
internal_weight=0.680589 0.537656 0.242603 0.295053 0.226211 0.0668076 0.142933 0.0688416 0.169768 0.0357917 0.107141 0.0564429 0.175796 0.0199724 0.0264384 0.0258961 0.0613142 0.102776 0.155823 0.101437 0.0403692 0.0205651 0.00989559 0.00785035
internal_count=3285 1650 787 863 642 193 1635 221 518 172 1463 124 594 54 133 90 214 1454 540 1449 60 63 82 81
is_linear=0
shrinkage=0.1


Tree=236
num_leaves=26
num_cat=0
split_feature=186 114 170 124 90 119 6 125 166 44 136 47 197 197 196 8 162 36 168 168 24 14 186 183 6
split_gain=0.0415764 0.0244209 0.0242984 0.0178404 0.0157898 0.0146757 0.0129908 0.0111448 0.00928212 0.00768456 0.00698977 0.00533117 0.00431971 0.0039794 0.00380201 0.00260931 0.00242447 0.00292696 0.00198531 0.00136483 0.00133585 1.63676e-05 1.73367e-10 8.81749e-11 7.42742e-11
threshold=1.0645902329271515 -0.86922993994713682 1.9038422897183127 0.36738163155676867 1.6458578935797232 0.22182050808228185 1.2927943356972316 0.88752848277774621 -0.68011393475392845 0.71773846693429899 1.486211504900846 0.87472002819741757 -0.61753427508974268 -0.5963244790351262 1.6174260250712884 1.4366274729994213 -0.38082700693113597 0.6594927814067294 -0.27138716014061831 -1.0164514184142719 -0.57960336347588448 -0.23210104867185546 0.97279823715506308 0.51115514590195643 1.1787895081001249
decision_type=2 2 2 2 2 2 2 2 2 2 2 2 2 2 2 2 2 2 2 2 2 2 2 2 2
left_child=3 10 6 5 13 15 9 18 -8 -3 16 12 -5 -4 20 23 21 -18 -7 -14 -13 -2 -9 -1 -6
right_child=1 2 4 11 24 7 8 22 -10 -11 -12 14 19 -15 -16 -17 17 -19 -20 -21 -22 -23 -24 -25 -26
leaf_value=-0.066672227038609755 -0.05819546785097518 -0.0078271894535949741 0.016704015944296345 0.0602434872909147 0.066676001556253084 0.066404586717177347 0.051648976951943842 -0.066674434921092221 -0.066703924549952526 0.060141405918813888 0.059204879747943299 -0.013570387462437669 0.055088115248822678 -0.060365177396344005 0.065238967112164467 0.066685241590522706 0.038444536469124345 -0.059504981082933645 0.017016777321826389 -0.060812094092938265 -0.065108666593757719 -0.066708911681596067 -0.066702408687549078 -0.066696825850725686 0.066692385362731407
leaf_weight=0.02214630118032801 0.0024165451031876719 0.018170704699514317 0.0079158235530485399 0.0068735301101696669 0.011859522492159158 0.033939135319087654 0.011158987930684816 0.0037817763040948194 0.016314929875079542 0.1967181080726732 0.0062165274139260865 0.0052382221892912631 0.0011712425548466845 0.04360945894222823 0.0023514329805038861 0.0015639619086869052 0.0056033080672932556 0.0066971145861316472 0.010707136898417957 0.0076673443054460231 0.12602203020651359 0.034476791612178204 0.0053491278813453391 0.0015598256104567545 0.0036090334251639442
leaf_count=402 7 46 15 17 81 38 29 40 41 743 23 66 3 69 2 5 26 19 63 85 1312 129 9 7 8
internal_value=-0.000518327 0.0204304 0.031381 -0.0339788 -0.0219248 0.00443636 0.0461158 0.0339729 -0.0186329 0.0543941 -0.040707 -0.0543146 0.000785362 -0.048525 -0.0607941 -0.0584203 -0.0533327 -0.0148853 0.0545603 -0.0454536 -0.0630519 -0.0661513 -0.0666908 -0.0666738 0.0666798
internal_weight=0.593138 0.364767 0.309357 0.228371 0.0669938 0.0790473 0.242363 0.0537772 0.0274739 0.214889 0.0554103 0.149324 0.0157121 0.0515253 0.133612 0.0252701 0.0491938 0.0123004 0.0446463 0.00883859 0.13126 0.0368933 0.0091309 0.0237061 0.0154686
internal_count=3285 1236 1032 2049 173 564 859 150 70 789 204 1485 105 84 1380 414 181 45 101 88 1378 136 49 409 89
is_linear=0
shrinkage=0.1


Tree=237
num_leaves=26
num_cat=0
split_feature=160 134 7 119 65 92 164 69 194 73 7 31 162 23 48 119 49 153 134 49 67 196 134 117 86
split_gain=0.0370156 0.0278841 0.016789 0.0153688 0.0133821 0.0121464 0.0110955 0.00992175 0.00750744 0.00842123 0.00638254 0.00525654 0.00517169 0.0047831 0.00469821 0.00437581 0.00368387 4.71559e-05 4.2282e-09 2.00528e-09 1.98275e-09 7.29098e-10 4.15254e-10 1.25888e-10 9.58383e-11
threshold=-0.46488048361001511 -0.48334835104932322 -0.11105157344577153 0.11007642924810405 1.5402017124666274 -0.78393374116828707 -0.18771828221342321 0.18839759787719582 0.43725313758732715 1.1550390706333264 -0.35099694908730356 -1.1201713161633684 0.19450231258392425 0.54918102590125251 1.2332788332725413 0.7108672136279528 0.66613598813897623 0.15853226969473741 1.1084817719612594 0.35197336990550315 -1.4764712535372839 -1.5582174037804253 0.37379094595637502 -0.70089198313894119 -1.2395112384846179
decision_type=2 2 2 2 2 2 2 2 2 2 2 2 2 2 2 2 2 2 2 2 2 2 2 2 2
left_child=3 2 8 6 5 10 -1 11 16 -10 -3 -4 18 17 -9 -7 -2 -8 -6 22 -21 -22 24 -24 -5
right_child=1 4 7 19 12 15 13 14 9 -11 -12 -13 -14 -15 -16 -17 -18 -19 -20 20 21 -23 23 -25 -26
leaf_value=0.05980409047515272 -0.064017000598997828 -0.064367893352270639 -0.06668131694440195 -0.066689720166370342 -0.066686312117663085 0.064683139156347033 -0.053329910927267569 -0.063830587639136446 -0.055962924182733069 0.031326421491256543 0.034790727355464429 0.060133600777252896 0.047016566947893502 0.025634178481312227 0.038821257668215647 0.015579847485252424 0.014852069491125445 -0.066693579773540998 -0.066796236118658717 -0.066756711608735128 -0.066725054635256728 -0.066681527374357827 -0.066680483998621379 -0.066700790812434352 -0.066674207489897941
leaf_weight=0.019778219189902302 0.064468475458852481 0.013100467576805386 0.0035275971513328832 0.0042993934475816778 0.009633107838453725 0.14204480266562314 0.0031355472456198177 0.014317431887320708 0.018843095356714912 0.026731511290563503 0.012866868735727621 0.044516081357869552 0.0054330614184436845 0.0083462891452654731 0.0064749881275929502 0.020806722448469372 0.0065213761263294137 0.016724107050322345 0.0054954218212515124 0.0070675131864845744 0.0054685290924680859 0.012988028709514767 0.0044464733455242831 0.0097401462880952749 0.054048633839556715
leaf_count=22 478 74 25 25 53 883 14 43 158 128 30 153 24 20 34 89 20 69 2 10 7 95 28 33 768
internal_value=-0.000981588 0.0149305 -0.0133126 -0.0439949 0.039939 0.0482816 0.00237911 0.0258464 -0.0364376 -0.00476388 -0.0152346 0.0508222 -0.0366716 -0.0378877 -0.0318637 0.0584095 -0.0567718 -0.0645837 -0.0667262 -0.0666876 -0.0667117 -0.0666944 -0.0666791 -0.0666944 -0.0666754
internal_weight=0.540824 0.394781 0.185401 0.146043 0.20938 0.188819 0.0479842 0.0688361 0.116564 0.0455746 0.0259673 0.0480437 0.0205616 0.0282059 0.0207924 0.162852 0.0709899 0.0198597 0.0151285 0.0980587 0.0255241 0.0184566 0.0725346 0.0141866 0.058348
internal_count=3285 2194 1039 1091 1155 1076 125 255 784 286 104 178 79 103 77 972 498 83 55 966 112 102 854 61 793
is_linear=0
shrinkage=0.1


Tree=238
num_leaves=23
num_cat=0
split_feature=24 33 135 44 69 135 166 12 115 82 35 192 161 195 7 53 198 97 177 104 78 85
split_gain=0.0303052 0.0364981 0.0161831 0.0151803 0.0151306 0.0139063 0.0136884 0.011179 0.00888963 0.0086819 0.00726264 0.00545757 0.00516696 0.00397092 0.00259376 0.0018224 0.00100552 0.000920417 0.000287008 5.57262e-05 2.55321e-05 8.53581e-10
threshold=-0.27796612643074986 -0.34681122592944286 -1.2412439768614789 1.7108481257194657 -0.091269165667718574 -1.2412439768614789 0.67047460606240594 -0.28394533929426741 -0.58640837299968485 1.0354232982012346 -0.84516132864679416 0.19512465301163728 0.3585812058125703 1.1605546440867467 0.23731064709030655 -1.4355981349989597 0.47547176349003756 0.095973285289684337 -0.10045605201066862 1.1506496549535894 0.96267172957376357 0.33711919848881094
decision_type=2 2 2 2 2 2 2 2 2 2 2 2 2 2 2 2 2 2 2 2 2 2
left_child=1 4 9 8 5 18 11 -8 19 16 -7 -4 17 14 -10 -5 -3 -6 -1 -2 -17 -22
right_child=3 2 6 15 12 10 7 -9 13 -11 -12 -13 -14 -15 -16 20 -18 -19 -20 -21 21 -23
leaf_value=0.032326868002861928 -0.048236188985814894 0.013926054735036875 0.016161301324105017 0.01356567290171546 0.0015101886487480475 0.029109349560372567 0.043858837746714271 -0.066683691725617888 0.062319564562527963 -0.043974609199661403 -0.044867176034207555 -0.059923710229753929 -0.019206433373425966 -0.030720454039898693 -0.010344788473587715 -0.056591234252577165 0.059792045845284393 0.066185570923727691 0.06668233001771208 -0.066705679148261227 -0.066678751380880238 -0.066735053424892221
leaf_weight=0.0027504923236847381 0.0026063028599310192 0.0059335163186915443 0.0099392648917273618 0.0038145022408571086 0.0022713983671565066 0.017835654767623055 0.02771950540409307 0.013654948574185255 0.12235507615514507 0.014114265222815447 0.051855720585081144 0.18313068923635001 0.0082804451485571917 0.0050840250096371156 0.005117795479236519 0.0032451976658194335 0.02458210124677862 0.070421892494778149 0.020977445441531017 0.0043772408553195419 0.0057376386648684274 0.0050740905680868309
leaf_count=12 11 24 37 7 5 53 45 97 578 37 82 1762 32 38 12 14 66 183 113 29 40 8
internal_value=0.00123512 -0.0118877 -0.0343144 0.0390389 0.024001 -0.00342216 -0.0448211 0.00737612 0.0501524 0.0208778 -0.0259349 -0.0560068 0.0556391 0.0559457 0.0594022 -0.0477355 0.0508738 0.0641647 0.0626999 -0.0598127 -0.0643703 -0.0667052
internal_weight=0.610879 0.453467 0.279074 0.157412 0.174393 0.0934193 0.234444 0.0413745 0.13954 0.0446299 0.0696914 0.19307 0.0809737 0.132557 0.127473 0.0178714 0.0305156 0.0726933 0.0237279 0.00698354 0.0140569 0.0108117
internal_count=3285 2548 2068 737 480 260 1941 142 668 127 135 1799 220 628 590 69 90 188 125 40 62 48
is_linear=0
shrinkage=0.1


Tree=239
num_leaves=24
num_cat=0
split_feature=184 108 76 125 59 176 7 90 20 5 120 164 10 57 119 20 24 15 114 0 24 167 175
split_gain=0.037262 0.0253618 0.0178487 0.0171843 0.0161592 0.0129445 0.012344 0.00914407 0.00740212 0.00695484 0.00622138 0.00564831 0.00514102 0.0050454 0.00465932 0.00382383 0.00322048 0.00219834 0.002087 0.00191675 0.00183877 0.00135203 7.85886e-12
threshold=1.390217692302157 0.71960081116429586 2.6738589252555038 0.66661613335221781 -1.3749468174064337 0.044719138624960124 -0.16447144097259905 1.2705176341314719 -0.72367179438218943 1.2436567676676848 1.6150191319177358 0.42441813866322042 0.17232727466556436 1.1062449112687931 1.574039241133643 -0.73391572614842204 -0.57230827285767483 1.0000000180025095e-35 -1.3301237979263185 1.3654635300161242 -0.55810276396701719 -0.023368742160687808 2.9936943501923419
decision_type=2 2 2 2 2 2 2 2 2 2 2 2 2 2 2 2 2 2 2 2 2 2 2
left_child=1 3 7 6 5 8 21 13 -3 20 -4 -7 -9 -2 16 -16 -6 -12 -14 -8 -5 -1 -19
right_child=2 4 10 9 14 11 19 12 -10 -11 17 -13 18 -15 15 -17 -18 22 -20 -21 -22 -23 -24
leaf_value=0.065346947755668613 0.037382786174884532 -0.066684265988285737 -0.066765794254138075 0.0066347606328609355 -0.00087948845313575135 -0.06391123668656902 -0.066671004707457363 -0.066694535722711598 0.059527963766884795 0.055931314609695859 -0.031971098349913712 0.025461776245620155 -0.0084106469004255457 -0.066695903205239035 -0.0666757490072903 0.066684583628796174 -0.064591341833722615 0.066673307968632411 0.065133910440651255 0.066687341249420606 -0.065827418385596664 0.026862586085713697 0.066680502151745868
leaf_weight=0.0597481148015504 0.0092447844945127144 0.0054353670620912444 0.019763462303671986 0.0040077350204228415 0.0084096151676931186 0.028447529379263869 0.010215359041467309 0.0031374789978144682 0.032028784096837626 0.0066290227478020816 0.0035497284843586385 0.0094106932101567509 0.0039815451164031393 0.0093871255976409884 0.0035858636474586092 0.0053695410933869425 0.14021847648109542 0.0035712945173145272 0.12488165168906562 0.0012048888747813189 0.027746335090341745 0.010775231374282157 0.0026415769752929918
leaf_count=101 23 41 18 36 94 111 227 8 87 14 8 23 7 27 30 28 1397 30 664 4 247 49 11
internal_value=-0.00041929 -0.0192952 0.0365902 0.0179842 -0.0385549 -0.000456026 0.0438483 0.0505256 0.0412169 -0.0372328 -0.0345038 -0.0416951 0.0597822 -0.0150541 -0.0567656 0.0132853 -0.0609864 0.0308077 0.0628616 -0.0526011 -0.0566818 0.0594669 0.0666764
internal_weight=0.533391 0.353233 0.180159 0.120327 0.232906 0.0753224 0.0819436 0.150633 0.0374642 0.0383831 0.0295261 0.0378582 0.132001 0.0186319 0.157583 0.0089554 0.148628 0.0097626 0.128863 0.0114202 0.0317541 0.0705233 0.00621287
internal_count=3285 2489 796 678 1811 262 381 729 128 297 67 134 679 50 1549 58 1491 49 671 231 283 150 41
is_linear=0
shrinkage=0.1


Tree=240
num_leaves=24
num_cat=0
split_feature=160 134 7 119 65 92 164 39 186 194 48 131 106 162 92 49 56 115 134 77 86 14 65
split_gain=0.0328205 0.0244429 0.0147747 0.0137817 0.0115588 0.0109327 0.00970435 0.00873966 0.00668736 0.00663386 0.00739162 0.00560461 0.00484642 0.00457026 0.00431436 0.00333739 0.000727502 0.000569905 2.84168e-09 1.44036e-09 7.96583e-10 7.01492e-10 2.4548e-10
threshold=-0.46488048361001511 -0.48334835104932322 -0.11105157344577153 0.11007642924810405 1.5402017124666274 -0.78393374116828707 -0.18771828221342321 -0.75525005922067179 1.4353255377377965 0.43725313758732715 1.1587690182364863 0.60853209729690116 1.9065959207026191 0.19450231258392425 -0.14442910091086394 0.66613598813897623 0.12756742937744567 0.030258664713300656 1.1084817719612594 -3.7902861348959505 -0.47915333855758807 -0.061027740214891497 4.6368812918394022
decision_type=2 2 2 2 2 2 2 2 2 2 2 2 2 2 2 2 2 2 2 2 2 2 2
left_child=3 2 9 6 5 11 -1 17 -9 15 -11 -3 -7 18 16 -2 -8 -4 -6 -5 21 -21 -22
right_child=1 4 7 19 13 12 14 8 -10 10 -12 -13 -14 -15 -16 -17 -18 -19 -20 20 22 -23 -24
leaf_value=0.058958471352841213 -0.063611925440744427 -0.059649530306664235 -0.018637333892718683 -0.066750403259077773 -0.066683889762190682 0.060465799235558559 -0.0096621631668742086 0.055781691913145505 -0.066677249873749081 -0.047387070551985752 0.036568647312811529 0.037647873189735767 -0.066686006414013316 0.045617811020315341 0.039049092658842592 0.013942811983967011 -0.066690011823983139 -0.066690284086847004 -0.066780106542986259 -0.066712926889689883 -0.066673960444897595 -0.066682478037596249 -0.066706373137920688
leaf_weight=0.017812242032960057 0.057394579080209951 0.01295253127682372 0.0035385454175411732 0.0032829525807755991 0.008472069801428006 0.14368431910043 0.0025701074082462574 0.04551033257303061 0.004943791442201472 0.02071044947115297 0.021243108749331441 0.010904450948146405 0.0030614881943620267 0.0049787745520006857 0.0057553398073650888 0.0061425307067111126 0.017257944020457217 0.0081587017648416804 0.004813562612980605 0.013350989524042234 0.050619445470147184 0.017462690077081788 0.0024496908336004699
leaf_count=22 478 69 12 11 53 956 9 169 32 176 110 35 16 24 10 20 84 42 2 39 759 151 6
internal_value=-0.000866454 0.0148425 -0.01295 -0.0437612 0.0395117 0.0476062 0.00228498 0.0257267 0.0437824 -0.0357369 -0.00487624 -0.0151772 0.0578131 -0.0360964 -0.0371735 -0.0561142 -0.0592981 -0.0521537 -0.0667188 -0.0666854 -0.0666829 -0.0666957 -0.0666755
internal_weight=0.487071 0.356509 0.167642 0.130561 0.188867 0.170603 0.0433956 0.0621514 0.0504541 0.105491 0.0419536 0.023857 0.146746 0.0182644 0.0255834 0.0635371 0.0198281 0.0116972 0.0132856 0.0871658 0.0838828 0.0308137 0.0530691
internal_count=3285 2194 1039 1091 1155 1076 125 255 201 784 286 104 972 79 103 498 93 54 55 966 955 190 765
is_linear=0
shrinkage=0.1


Tree=241
num_leaves=23
num_cat=0
split_feature=24 192 119 114 11 110 82 13 20 7 7 39 162 20 114 125 68 81 73 37 20 5
split_gain=0.0271872 0.0243158 0.0153842 0.0187356 0.0148037 0.0139524 0.0119326 0.00923228 0.00758143 0.00482716 0.00406209 0.00398388 0.00392481 0.00566287 0.00143223 0.00104786 0.000770021 0.000699896 0.000323239 1.72496e-09 3.38058e-10 3.22804e-11
threshold=-0.51581664293440455 0.55988764527413759 0.11007642924810405 -0.72133287847297756 -0.84073263666413756 0.40381647529756964 0.39009538523816917 0.43803109061912698 -0.78865623782464656 -1.3194915142710031 -1.0168622075657106 -0.89875619920593763 0.19450231258392425 -0.7813841227855115 0.64781738112850762 0.23472145206877126 -1.0933637363761826 0.18510167204643799 0.058090177369257888 -0.91511717793816405 -0.44881054894431921 0.74010909703897509
decision_type=2 2 2 2 2 2 2 2 2 2 2 2 2 2 2 2 2 2 2 2 2 2
left_child=7 5 10 9 -5 6 15 18 -8 -4 -3 -9 14 -14 -7 -2 -13 -12 -1 -20 -21 -18
right_child=1 2 3 4 -6 12 8 11 -10 -11 17 16 13 -15 -16 -17 21 -19 19 20 -22 -23
leaf_value=-0.01743268874773039 0.011075606048956495 0.066704526936838412 -0.026107510135138789 0.028878904278196199 -0.035516556245633914 0.064708393212050325 0.06668967814896111 0.066707415152454277 -0.058752995501502925 0.059856535187693141 0.013821225564756491 0.031109791276326244 0.066688209727126038 -0.051781688813514276 0.0062081464917271975 0.066495666421295438 -0.066691659821178792 -0.06624209502555338 -0.066721581884121833 -0.066692202740643233 -0.066673855334440701 -0.066671178012136553
leaf_weight=0.0013587392677436574 0.0042456767532712538 0.0024849479232216245 0.007416452745019341 0.052562220307663665 0.11127504109390429 0.11156600453978172 0.0057426562889304469 0.0084284700242278632 0.02991998330981005 0.054785396550869336 0.0011176801581314058 0.0010143207509827343 0.0084200490164221264 0.0077471007225540225 0.0043481122193043112 0.017368615608575055 0.0010535755136515945 0.047261722525945515 0.010699636542994995 0.012887307173514273 0.045493511755921645 0.0028537721773318481
leaf_count=5 16 6 27 169 692 559 19 19 131 222 9 3 34 56 10 65 2 295 14 100 771 61
internal_value=0.00116097 0.0105855 -0.00829906 0.00288212 -0.0148572 0.0382009 -0.00301957 -0.0512837 -0.0385533 0.0496069 -0.0579878 0.0249636 0.0560762 0.00991888 0.062514 0.0556096 -0.0465236 -0.0643924 -0.0657346 -0.0666847 -0.0666779 -0.0666767
internal_weight=0.550051 0.466262 0.276903 0.226039 0.163837 0.189358 0.0572769 0.0837893 0.0356626 0.0622018 0.0508644 0.0133501 0.132081 0.0161671 0.115914 0.0216143 0.00492167 0.0483794 0.0704392 0.0690805 0.0583808 0.00390735
internal_count=3285 2310 1420 1110 861 890 231 975 150 249 310 85 659 90 569 81 66 304 890 885 871 63
is_linear=0
shrinkage=0.1


Tree=242
num_leaves=26
num_cat=0
split_feature=44 111 6 7 90 125 8 71 137 20 165 119 44 68 25 185 104 23 186 30 71 165 135 0 33
split_gain=0.033569 0.0151186 0.0150596 0.0130303 0.0116009 0.0111592 0.00993735 0.00893108 0.008751 0.00747689 0.00581162 0.0053234 0.00491326 0.00489926 0.00427055 0.00295516 0.00221304 0.00216393 0.00156268 0.00151855 0.00104108 5.10416e-05 3.78038e-10 9.60765e-11 5.35065e-12
threshold=1.1370776116198378 0.54782084898960981 0.92036702003273374 -1.024510885719967 1.6458578935797232 0.66661613335221781 1.0687223939357187 0.67533097182410617 0.74651761676035699 -0.83202439751613089 -0.3710460603439531 1.2035939423547279 1.8431695854656887 -1.0933637363761826 -0.56827806341624709 0.4600987419043579 2.0132003248453181 1.0000000180025095e-35 0.9017007407317611 0.68694417651803363 0.76575634398882231 -1.2239139296681014 0.90842787447048268 1.4570236569747335 0.28492999152562237
decision_type=2 2 2 2 2 2 2 2 2 2 2 2 2 2 2 2 2 2 2 2 2 2 2 2 2
left_child=1 5 13 9 8 7 16 15 10 22 -4 21 -10 -2 -11 -1 -5 -6 -15 -8 -20 -7 -3 -19 -9
right_child=2 3 4 6 17 11 19 24 12 14 -12 -13 -14 18 -16 -17 -18 23 20 -21 -22 -23 -24 -25 -26
leaf_value=-0.032101875573952415 -0.004537087361614978 -0.066673037462525869 0.057874418569633983 -0.064641299105703778 -0.0577921763965814 -0.043606657853063703 -0.024931753400939574 -0.066674143409587563 -0.055228196769570928 -0.015558636122185382 -0.049827923362554344 0.064517250299612611 0.010510041573659069 0.011799789684875274 0.064524458897506257 0.062608646240705099 0.024970282381205345 0.066689875462114551 0.066385561141860103 0.061700888479762933 0.017318749517701119 -0.066683051971572677 -0.066728044196549818 0.066676447356180155 -0.066668569288842516
leaf_weight=0.0035834027203236465 0.012939314230607124 0.0079721837300894549 0.020132148043558118 0.12761491438959638 0.001479895436204969 0.0010102107571583465 0.00274950617858849 0.003082823093791375 0.043158361102541676 0.010392050844529876 0.0066700118441076475 0.0037470064780791281 0.015435514567798236 0.0061016643448965615 0.018536501349444734 0.040858254102204228 0.0028167153323010998 0.0077413498038367825 0.089682206653378671 0.0076608137951552635 0.0045432769911712958 0.018721837335760938 0.0014816064394835857 0.017093674621719401 0.0039014538033370627
leaf_count=56 29 121 45 1385 3 8 48 40 141 21 58 9 40 32 40 110 11 26 554 23 15 204 2 141 123
internal_value=-0.000452029 -0.0253575 0.0276806 -0.0411259 0.00162868 0.0123712 -0.0552018 0.0384514 -0.0162601 0.0105251 0.0310715 -0.044752 -0.0379106 0.0533748 0.0357561 0.054972 -0.0627061 0.0596805 0.0608438 0.03882 0.0640197 -0.0655016 -0.0666817 0.0666806 -0.066671
internal_weight=0.479107 0.254129 0.224977 0.179224 0.111711 0.074905 0.140842 0.0514259 0.085396 0.0383823 0.0268022 0.0234791 0.0585939 0.113266 0.0289286 0.0444417 0.130432 0.0263149 0.100327 0.0104103 0.0942255 0.019732 0.00945379 0.024835 0.00698428
internal_count=3285 2201 1084 1651 454 550 1467 329 284 184 103 221 181 630 61 166 1396 170 601 71 569 212 123 167 163
is_linear=0
shrinkage=0.1


Tree=243
num_leaves=21
num_cat=0
split_feature=185 161 134 170 177 122 87 88 29 35 107 197 162 192 48 134 76 86 19 6
split_gain=0.0297099 0.0232623 0.0155505 0.0152192 0.0127311 0.0098021 0.00686371 0.00669557 0.0066124 0.00620387 0.00533341 0.00378333 0.00246364 0.00194661 0.00158373 0.00109122 0.000983586 0.000943525 0.000735369 0.000251511
threshold=0.95152853928733383 0.3585812058125703 -0.60579682205013718 1.9038422897183127 0.89236023530318576 1.1857347855728946 1.0899911230466353 0.16828115473973984 -0.24053874377836962 1.4211023261345941 1.0133929297325774 -0.21517224631470119 0.48216698276929837 0.76803234826139632 1.4909169745043929 -1.3404876480550212 1.2474780977873652 1.2682878055800622 0.58764659178581491 0.29560317679595527
decision_type=2 2 2 2 2 2 2 2 2 2 2 2 2 2 2 2 2 2 2 2
left_child=1 2 4 9 12 8 10 -6 -4 14 -5 15 -1 -7 18 -3 -12 -13 -2 -17
right_child=3 11 5 6 7 13 -8 -9 -10 -11 16 17 -14 -15 -16 19 -18 -19 -20 -21
leaf_value=-0.062862745882616575 -0.066054644153155859 0.0056617646198435269 0.0055348176435279029 0.063969540658852769 -0.063322325217516115 -0.066702069621487711 0.060811358064861036 0.049070413937682189 0.061723733638451954 0.047929107180906316 0.021577433135345277 -0.06668383274948364 -0.0015220110965617224 0.0042085879256978879 -0.011802251198100907 0.024805414490211113 -0.066677305218658903 0.020440450574293046 -0.01262605080891468 0.066501031476658798
leaf_weight=0.057581956338253804 0.09612660400034656 0.0031308723955589804 0.035466823717797524 0.0049215228609682518 0.0068967361494287607 0.011736683203707798 0.018578775310743367 0.022900178579220665 0.051147786078217905 0.0054411110395449205 0.0014088663065194859 0.002652462851983727 0.0073875870730262241 0.0057767107027757439 0.0060225303168408564 0.0014722291525686151 0.012180618017737288 0.0023392359071294777 0.0026470087177585802 0.083393778919344186
leaf_count=465 1116 19 113 14 56 56 38 108 292 20 10 15 47 17 29 4 130 25 26 685
internal_value=-0.000930586 0.0175472 -0.00175578 -0.0375387 -0.0310658 0.0249192 0.0178717 0.0230562 0.0387156 -0.0561817 -0.0252252 0.0588347 -0.0558878 -0.0433125 -0.0615873 0.0636388 -0.0575276 -0.0258552 -0.0646228 0.0657777
internal_weight=0.43921 0.291883 0.198894 0.147327 0.0947665 0.104128 0.0370898 0.0297969 0.0866146 0.110237 0.018511 0.0929886 0.0649695 0.0175134 0.104796 0.0879969 0.0135895 0.0049917 0.0987736 0.084866
internal_count=3285 1902 1154 1383 676 478 192 164 405 1191 154 748 512 73 1171 708 140 40 1142 689
is_linear=0
shrinkage=0.1


Tree=244
num_leaves=21
num_cat=0
split_feature=162 167 20 25 65 144 24 19 48 114 176 40 72 118 13 18 13 165 0 14
split_gain=0.0246433 0.0191193 0.0174257 0.0169578 0.0159273 0.0098969 0.00853046 0.00630387 0.00552172 0.00514896 0.00341763 0.00282403 0.00251238 0.00131623 0.000536346 6.45172e-05 4.97754e-05 1.91181e-09 3.45669e-10 6.86481e-12
threshold=0.19450231258392425 0.81824013061367962 -0.53454167931076302 -0.57163747171855162 1.2204047762349977 0.88721731969282736 -0.27431637864621111 0.36109731823010366 1.1773756834509366 -1.7871284688719256 0.44027256609134885 0.25130847226846326 0.16764223489956034 1.6130501975372067 1.42605982998081 -0.64856583810926705 -0.297147177994043 -1.0677515390905434 0.35624055952266959 0.55445902822947257
decision_type=2 2 2 2 2 2 2 2 2 2 2 2 2 2 2 2 2 2 2 2
left_child=1 2 3 5 -5 -1 9 -4 10 -2 15 -3 -9 14 -11 -8 -13 -18 -10 -20
right_child=6 11 7 4 -6 -7 8 12 18 13 -12 16 -14 -15 -16 -17 17 -19 19 -21
leaf_value=0.061809763929140754 0.066685321293335653 -0.0076018054717270026 0.066703310316248515 -0.018622009096841554 0.051236807281950403 -0.064327898872329342 0.052243294723198455 0.066694193322616807 -0.066728796402429416 -0.066676140558909122 -0.034131128447473173 0.0527203579616096 -0.066690124709626777 0.049142553343265727 0.0051457960515383788 0.066691794273351743 0.066735145773849189 0.066684459247059971 -0.06667136866636815 -0.066679054989190925
leaf_weight=0.072941839371196693 0.0031369736243505022 0.0056584406520414623 0.0041156691731885067 0.15288978841272183 0.041493372453260235 0.0068001721374457693 0.0046944608493504321 0.0014582978947146321 0.0013952534645795813 0.072652697989724402 0.0050957809089595676 0.002660950878635048 0.044609171749470988 0.0010126104971277519 0.0010548501668381496 0.0090453187840466888 0.0086707088885304984 0.052491007369098952 0.0043029882326663937 0.0015918043209239841
leaf_count=244 9 18 6 497 115 19 27 6 1 1438 34 8 334 4 12 29 19 384 73 8
internal_value=0.001068 0.0125016 0.00230259 0.0122205 -0.00370982 0.0510531 -0.0422317 -0.051874 0.00721316 -0.0588234 0.0358141 0.0601062 -0.0624678 -0.0640926 -0.0656483 0.0617552 0.0661091 0.0666916 -0.066684 -0.0666734
internal_weight=0.497772 0.393789 0.324308 0.274125 0.194383 0.079742 0.103983 0.0501831 0.0261256 0.0778571 0.0188356 0.0694811 0.0460675 0.0747202 0.0737075 0.0137398 0.0638227 0.0611617 0.00729005 0.00589479
internal_count=3285 1650 1221 875 612 263 1635 346 172 1463 90 429 340 1454 1450 56 411 403 82 81
is_linear=0
shrinkage=0.1


Tree=245
num_leaves=24
num_cat=0
split_feature=44 6 125 111 71 170 136 119 22 71 8 119 70 109 18 197 89 47 197 5 3 185 136
split_gain=0.0300537 0.013615 0.0134032 0.0146328 0.0131166 0.0102675 0.00925483 0.00834981 0.00695021 0.00683747 0.00681124 0.00675487 0.00441956 0.00407179 0.00363501 0.00216678 0.00154336 0.000171638 7.34361e-05 3.08748e-05 7.30207e-10 3.85711e-10 3.75198e-12
threshold=1.1370776116198378 1.1934763764090139 0.62426305588462405 0.71031991582868137 0.67533097182410617 1.9038422897183127 1.5728752386314062 1.520003665080252 -0.57274824411292913 0.95843109754810629 -1.225177387069907 0.1794213508239004 0.9100245259718549 1.3155253722784941 -0.021903967812302045 -0.56375938244773061 1.606174341299683 1.1094413774997973 -0.76191897818811427 1.151942561406502 1.0219317619508497 1.314682713205207 6.2822599601516709
decision_type=2 2 2 2 2 2 2 2 2 2 2 2 2 2 2 2 2 2 2 2 2 2 2
left_child=2 5 3 4 11 9 14 15 13 12 -4 -1 -2 -3 -5 -7 21 -11 -12 -6 -20 -10 -9
right_child=1 8 10 6 19 7 -8 22 16 17 18 -13 -14 -15 -16 -17 -18 -19 20 -21 -22 -23 -24
leaf_value=-0.059333199122559681 0.062939522245816365 -0.047805707787047805 0.016006177249067905 -0.059061366706373443 -0.066679835329252632 0.0030386390452539283 0.051204788335937279 0.066672025554916609 -0.066680760007957599 -0.029021731425072118 -0.041393555094406204 0.063530182272999405 -0.0040192603524351255 0.066703904428274868 0.0061493897936615626 -0.066260914196701104 -0.0074671053736415516 -0.066680950677668133 -0.066673722636624341 -0.048339385890603014 -0.066693330805471379 -0.066708776863954392 0.066676838752630072
leaf_weight=0.0049532901557540745 0.11656517943447398 0.0044806681380578093 0.011557965683095972 0.056160990267017041 0.010834102870830975 0.0064176531286648233 0.010673114846213139 0.0074636014105635695 0.013235050630100886 0.0017527828586025853 0.0011657408122118787 0.046320831316734257 0.010768032094347291 0.010116279710928211 0.010082699756821967 0.015193159328191541 0.0055629900889471165 0.0039099009536585072 0.036489673134383338 0.0010028364522440833 0.039606135775102302 0.0078156077943276614 0.0020683646871475503
leaf_count=111 660 29 33 596 209 17 33 80 104 11 11 132 26 34 102 50 15 37 765 12 197 9 12
internal_value=-0.00028305 0.0274906 -0.0252049 -0.00593056 0.0297568 0.0403927 -0.0352124 -0.0112927 -0.0238977 0.0524955 -0.0555916 0.0516611 0.0572771 0.0315541 -0.0491359 -0.0456814 -0.0543117 -0.0550242 -0.0663023 -0.065126 -0.0666839 -0.0666912 0.0666731
internal_weight=0.434197 0.205349 0.228847 0.140028 0.0631111 0.164139 0.0769168 0.0311428 0.0412106 0.132996 0.0888195 0.0512741 0.127333 0.0145969 0.0662437 0.0216108 0.0266136 0.00566268 0.0772615 0.0118369 0.0760958 0.0210507 0.00953197
internal_count=3285 1084 2201 1195 464 893 731 159 191 734 1006 243 686 63 698 67 128 48 973 221 962 113 92
is_linear=0
shrinkage=0.1


Tree=246
num_leaves=28
num_cat=0
split_feature=119 130 3 48 19 75 122 160 119 160 49 87 7 36 123 7 185 162 90 91 128 7 15 14 6 160 185
split_gain=0.0266533 0.0182431 0.0144331 0.0117961 0.0107657 0.00868495 0.00829481 0.00641358 0.00650988 0.00509665 0.00502397 0.00481018 0.00467906 0.00467376 0.00303261 0.00167524 0.00241607 0.00160105 0.00137926 0.0010819 0.000767986 0.000271689 5.42739e-05 2.28052e-06 3.49197e-09 2.85138e-10 4.64025e-11
threshold=0.46947662741577795 0.60092953780903791 0.19945065850566354 1.1916313052706722 0.49591338636191573 0.70573856321810224 1.6473692787121765 -0.46488048361001511 0.11007642924810405 -0.46488048361001511 0.29965055049558015 1.3707928269805547 -1.0324210404331526 -1.0877262205289979 0.76075217910881021 1.0000000180025095e-35 1.0905766195341797 1.0000000180025095e-35 1.4905996845556755 1.0028231821112314 -0.3113355928252059 0.17358291785092203 -0.021172427115238007 -0.0033536499141362153 0.45770109545184029 1.0000000180025095e-35 1.0688621009376111
decision_type=2 2 2 2 2 2 2 2 2 2 2 2 2 2 2 2 2 2 2 2 2 2 2 2 2 2 2
left_child=1 2 21 11 13 17 7 8 -3 26 -7 15 -9 -5 23 20 -17 -4 -11 -15 -2 -1 -8 -13 -23 -24 -6
right_child=3 6 5 4 9 10 22 12 -10 18 -12 14 -14 19 -16 16 -18 -19 -20 -21 -22 24 25 -25 -26 -27 -28
leaf_value=0.039315001783252618 0.011974289815245653 0.037902267508392401 -0.066683834803265105 0.049635823479574154 -0.066693817617446555 -0.064474244982738113 -0.046449171017554497 -0.057424169811514748 -0.066695142732992416 0.065630842088233193 0.066051756457518804 -0.061293271970896936 0.062321242470873242 -0.019370646071380976 0.051677783757560672 0.044015992596096488 -0.066678488607165479 -0.019449296075949526 0.0050945052053992801 -0.06460142650334752 -0.065153185670647623 0.066813949170367093 -0.066674496101898031 -0.066672952794322254 0.066696918200001593 -0.066720280726515646 -0.066670705925560778
leaf_weight=0.0048162101047637398 0.0013116566879034499 0.018806356813001912 0.041186702467712166 0.00516657714251778 0.0013438399510050649 0.0041048367274925121 0.0017455109446018469 0.0033645565235929089 0.0087041052811400732 0.024753277033596532 0.010471198709637974 0.0012630235723918304 0.10829563114020857 0.0069778867682543924 0.0067369791249802802 0.0036445888654270675 0.0042959364709531656 0.0086901260310696671 0.0044385492128640172 0.021840988145413576 0.082084742620281759 0.0032992211636155852 0.0029836211033398277 0.0020951133828930324 0.011220882086490747 0.0024999931192724034 0.0024570769483034383
leaf_count=17 10 30 323 20 4 35 15 19 42 140 41 15 875 52 24 22 32 73 23 237 1047 1 41 29 63 3 52
internal_value=-0.000783329 0.0213348 -0.0158772 -0.0310152 0.00155382 -0.0386099 0.0426325 0.0480575 0.00480843 0.0422441 0.0292936 -0.0525214 0.0587131 -0.0379479 0.0129815 -0.0597612 -0.0158713 -0.0584541 0.0564264 -0.0536497 -0.0639401 0.0598967 -0.0618068 -0.0646496 0.0667235 -0.0666954 -0.0666789
internal_weight=0.398599 0.230189 0.0837892 0.16841 0.0669782 0.0644529 0.1464 0.139171 0.0275105 0.0329927 0.014576 0.101432 0.11166 0.0339855 0.0100951 0.0913369 0.00794053 0.0498768 0.0291918 0.0288189 0.0833964 0.0193363 0.00722913 0.00335814 0.0145201 0.00548361 0.00380092
internal_count=3285 1578 553 1707 528 472 1025 966 72 219 76 1179 894 309 68 1111 54 396 163 289 1057 81 59 44 64 44 56
is_linear=0
shrinkage=0.1


Tree=247
num_leaves=20
num_cat=0
split_feature=38 198 122 104 9 44 24 86 89 92 69 166 197 65 49 110 16 114 152
split_gain=0.0226978 0.0228723 0.0143176 0.0123559 0.0116277 0.00976692 0.00911827 0.00851608 0.00746668 0.0086396 0.00654139 0.00554335 0.00460874 0.00451856 0.00418347 0.00253839 0.00138467 0.000110279 3.06069e-10
threshold=0.7700252468544746 0.77832730607608702 1.0054106033307864 0.96144654519543915 -0.26807504582097957 1.7108481257194657 -0.55645603315269077 1.7085740077086962 1.606174341299683 -0.38400055699831587 0.20694130539842601 1.7349389814996783 -0.71917663493942496 4.6368812918394022 -1.7779305150278775 0.44155470464589947 0.4005256886844652 -0.37333609622383546 1.4112796702238268
decision_type=2 2 2 2 2 2 2 2 2 2 2 2 2 2 2 2 2 2 2
left_child=1 2 11 4 -4 7 -2 15 9 12 -11 14 -8 -5 -1 -3 -7 -9 -18
right_child=6 5 3 13 -6 16 8 17 -10 10 -12 -13 -14 -15 -16 -17 18 -19 -20
leaf_value=0.019879808149462039 -0.066693932707039841 -0.005484313573388481 -0.059896287506342252 -0.052209727770753903 0.052250621315917692 0.0046727715284002463 -0.043358082816756856 -0.038596352709172665 -0.066731721947047226 -0.035700856296952514 0.066692182105234893 0.055886292748954028 0.064698256328385495 0.066719445392027191 -0.061021390671421365 0.062668597778037002 -0.066679075714313391 -0.066702004025757419 -0.066714463632968776
leaf_weight=0.0067605187978188033 0.0084021228321944363 0.0060278341097728108 0.011679146362439496 0.039223086838319432 0.044363195490404905 0.0037372078541011442 0.0041211815478163763 0.0019108247324766126 0.0061632275555894003 0.019229752258979715 0.0092358137080736924 0.0045406789595290311 0.093461861446485273 0.0034779218840412787 0.1172125443808909 0.058527110265458759 0.0056911277406470617 0.0051822852265104294 0.004283653230231721
leaf_count=68 26 29 38 461 101 23 6 16 15 49 36 15 591 4 1450 274 37 38 8
internal_value=0.000952772 -0.0140558 -0.0306333 -0.00199826 0.0288794 0.0300789 0.0343203 0.0448768 0.0407398 0.0459947 -0.00247886 -0.0526349 0.0601348 -0.0425232 -0.0566097 0.0563048 -0.0472432 -0.0591306 -0.0666943
internal_weight=0.453231 0.312617 0.227257 0.0987434 0.0560423 0.08536 0.140614 0.0716481 0.132212 0.126049 0.0284656 0.128514 0.097583 0.042701 0.123973 0.0645549 0.013712 0.00709311 0.00997478
internal_count=3285 2562 2137 604 139 425 723 357 697 682 85 1533 597 465 1518 303 68 54 45
is_linear=0
shrinkage=0.1


Tree=248
num_leaves=22
num_cat=0
split_feature=3 47 145 72 71 9 7 114 89 11 172 120 118 118 8 47 106 36 14 137 9
split_gain=0.0272646 0.0149263 0.0128357 0.0114281 0.00956426 0.0114004 0.00877902 0.00869735 0.00744218 0.00578169 0.0032133 0.00233881 0.00155882 0.00152093 0.00123423 0.00107505 0.000271164 7.26499e-06 4.68886e-10 3.41864e-10 2.81945e-10
threshold=1.2125974755194091 1.3060012062747537 -0.26076534464855572 2.4846827434733831 0.43493008115120074 0.37572264595441651 -0.40169090627582899 -1.1757457667651317 1.6951629022409025 -0.81983585672598946 -0.41567391299381146 1.5202530655439164 -1.1152077738818895 0.26712867493220965 1.2027740475550208 0.85494999633472724 1.5303498982960562 -0.13167599470195276 -0.19456288391889701 2.3311685845796126 0.30044328681628091
decision_type=2 2 2 2 2 2 2 2 2 2 2 2 2 2 2 2 2 2 2 2 2
left_child=4 2 13 7 5 6 9 -4 -5 -1 -7 17 -6 -2 -8 -12 19 -3 -19 -14 -15
right_child=1 11 3 8 12 10 14 -9 -10 -11 15 -13 16 20 -16 -17 -18 18 -20 -21 -22
leaf_value=-0.066672721162825008 -0.0066068620910265516 -0.061790438574837271 -0.050224423531393281 -0.066731404246049383 0.043327558152166247 0.05707951066493188 -0.059710921256977037 0.050778347023889475 0.066674092964852952 0.058526173582947108 0.028491855879781813 0.0020610962745413737 -0.066673942677662287 -0.06668228767067011 0.046853967886837551 -0.065834616077098035 -0.025707556068218885 -0.066716461901002333 -0.066681766177983492 -0.066725409604221242 -0.066711534068069234
leaf_weight=0.0041623723427619544 0.0061326781615207429 0.0036763014286407261 0.0089905674503825139 0.015890868628048338 0.0013426418972812817 0.0024099600268527857 0.012243292993844079 0.16481830645170703 0.0056751121301203957 0.032401579013821902 0.0012541667547338866 0.0067318469591555177 0.059159136792004574 0.0076763813394791214 0.0011927259183721626 0.033013000642313273 0.001660020738199818 0.0060636932175839276 0.01089100140234223 0.0013194001512601963 0.0057768211408983916
leaf_count=79 23 18 32 27 12 5 219 884 56 88 12 35 1318 51 8 339 8 9 53 1 8
internal_value=-0.000304706 0.0204428 0.0292976 0.0370345 -0.0337868 -0.0121884 0.018873 0.0455538 -0.0316256 0.0442738 -0.0545328 -0.0491201 -0.0632772 -0.0478803 -0.0502511 -0.0623823 -0.0655806 -0.0658204 -0.0666942 -0.0666751 -0.0666948
internal_weight=0.392482 0.242324 0.214961 0.195375 0.150158 0.0866771 0.05 0.173809 0.021566 0.036564 0.0366771 0.0273628 0.0634812 0.0195859 0.013436 0.0342672 0.0621386 0.020631 0.0169547 0.0604785 0.0134532
internal_count=3285 1196 1081 999 2089 750 394 916 83 167 356 115 1339 82 227 351 1327 80 62 1319 59
is_linear=0
shrinkage=0.1


Tree=249
num_leaves=26
num_cat=0
split_feature=7 92 122 33 185 180 192 87 162 7 182 133 3 60 36 29 187 48 86 185 9 34 127 162 120
split_gain=0.0236896 0.0162899 0.0118397 0.00818371 0.00803839 0.00778251 0.00733271 0.0054503 0.00501552 0.00480097 0.00475614 0.00261092 0.00216842 0.0014955 0.00221675 0.000904667 0.00181693 0.000824821 0.000617611 0.000218347 0.000177155 3.43963e-05 2.48386e-06 1.81025e-10 2.57387e-11
threshold=-0.59288237339655681 -0.81740472811885201 1.4398585477209676 0.71285516052862674 0.95152853928733383 1.1492303243251185 0.2989434280481037 0.11750156894004359 0.76983163209898486 0.23731064709030655 0.3260917547508082 0.72418834455090042 1.5461754034763053 0.090398295570916859 0.15334796373430162 0.22010803631230264 0.80591905713849166 1.4031037852711037 -0.31538096350483397 0.89724340107418732 0.71448813103669484 -0.5348928125097141 0.69178982743762896 3.9341428790039736 0.95586118306326129
decision_type=2 2 2 2 2 2 2 2 2 2 2 2 2 2 2 2 2 2 2 2 2 2 2 2 2
left_child=3 9 4 15 6 -6 -3 19 11 13 -11 -4 20 14 -2 21 -17 -15 -12 -5 -9 -1 -18 -23 -21
right_child=1 2 8 7 5 -7 -8 12 -10 10 18 -13 -14 17 -16 16 22 -19 -20 24 -22 23 -24 -25 -26
leaf_value=-0.048500798818914365 0.037315758308522871 -0.0084312358332212425 0.021226956869314334 -0.027174397516276129 -0.040572484883927146 0.057845131406037475 0.056602805633946401 0.039481043587870579 0.06026591979993149 -0.066679731457979591 0.019311271478466119 -0.066693479217963217 -0.02728232673925457 -0.065985621405495104 -0.066674767795741358 0.033566482761320647 -0.06189462629192706 0.0082650056766034007 0.062883000898822358 -0.066684626452975168 0.066682140873377385 -0.066674902727634419 -0.06668182260747027 -0.06671476150367607 -0.066672270514437165
leaf_weight=0.0010600126615827312 0.0041358778935318696 0.020156942755420459 0.0040854574817785752 0.0017506439471617341 0.022751625909222639 0.012421443751009065 0.12394303397741169 0.0032447615703858909 0.0048431317445647428 0.0057388048317079656 0.0061046624250593587 0.019495382884088031 0.0037458871556736986 0.029555219727626536 0.0040642909061716637 0.0028490268068708247 0.0015118935843929648 0.0015758670833747592 0.0069645493404095768 0.0028565326756506693 0.0091352156196080614 0.057764692051023303 0.0038281459173958865 0.001162366343123721 0.0041139306886179838
leaf_count=29 26 84 31 10 107 37 1030 14 30 38 22 112 38 375 58 19 13 16 19 11 50 1010 37 3 66
internal_value=-0.000758478 0.0144402 0.0275372 -0.0441923 0.0370441 -0.0058161 0.0475057 0.00493908 -0.0324239 -0.0323476 0.0092077 -0.051461 0.0393818 -0.0522192 -0.0142256 -0.0620984 -0.030921 -0.062227 0.0425305 -0.0587477 0.0595528 -0.0663545 -0.0653265 -0.0666757 -0.0666773
internal_weight=0.358859 0.265836 0.207697 0.0930231 0.179273 0.0351731 0.1441 0.024847 0.028424 0.0581393 0.018808 0.0235808 0.0161259 0.0393313 0.00820017 0.0681761 0.00818907 0.0311311 0.0130692 0.00872111 0.01238 0.0599871 0.00534004 0.0589271 0.00697046
internal_count=3285 1985 1431 1300 1258 144 1114 189 173 554 79 143 102 475 84 1111 69 391 41 87 64 1042 50 1013 77
is_linear=0
shrinkage=0.1


Tree=250
num_leaves=22
num_cat=0
split_feature=162 167 20 166 192 126 172 24 48 114 119 70 40 155 16 105 7 13 165 0 14
split_gain=0.0198954 0.0154272 0.0140034 0.0137336 0.0148108 0.00787394 0.00957476 0.00675856 0.00434055 0.00403652 0.00338827 0.00318547 0.00247329 0.000804395 0.000374653 0.000250225 4.79691e-05 4.79409e-05 9.26945e-10 1.59944e-10 3.27987e-12
threshold=0.19450231258392425 0.81824013061367962 -0.79736367449433898 1.2806612040269758 0.59403611453607719 0.28892683905801864 1.4335201229176651 -0.27431637864621111 1.1773756834509366 -1.7871284688719256 0.051674309902352389 0.18302913421904479 0.25130847226846326 2.9177830424513886 0.6067845600912195 1.1450580507098416 -1.3336758258655819 -0.297147177994043 -0.89855471200730652 0.35624055952266959 0.55445902822947257
decision_type=2 2 2 2 2 2 2 2 2 2 2 2 2 2 2 2 2 2 2 2 2
left_child=1 2 5 4 -4 16 -7 9 10 -2 -9 -5 -3 14 -11 -12 -1 -14 -19 -10 -21
right_child=7 12 3 11 -6 6 -8 8 19 13 15 -13 17 -15 -16 -17 -18 18 -20 20 -22
leaf_value=0.052028375991039835 0.066681368961558171 -0.0084966507341402153 0.0080277931319462092 0.064791699114154763 -0.052729235852732551 -0.046917396079315034 0.058571996645992531 -0.066709950527902309 -0.066714689399882787 -0.066674573626308256 0.066005188838595824 -0.028343979859283375 0.051288033831857677 0.024594468039559256 -0.0063310428063824828 0.035557428070294432 0.066684972322418726 0.066711211504247664 0.066679252222724486 -0.06667047957842652 -0.066676379037135067
leaf_weight=0.0023602520595886736 0.00245628340053372 0.0048687532034819006 0.076297314484691015 0.024625375523100956 0.084622079131804639 0.018530340130382683 0.016062491109551047 0.0027170733510502041 0.0010789985535666338 0.058153281072918617 0.0086122505927050952 0.0043159516717423676 0.0021077063756820271 0.001005441947199869 0.0010474190348759285 0.0039311362324951924 0.041428834092585021 0.011961921289184829 0.037606993371809949 0.0034968610389114474 0.001290062275074888
leaf_count=11 9 18 276 96 442 58 40 24 1 1422 46 27 8 9 23 20 271 39 364 73 8
internal_value=0.000962462 0.0121706 0.00216419 -0.0125164 -0.0239223 0.0377242 0.0020645 -0.0424832 0.00642984 -0.0589741 0.0345323 0.0509026 0.0596394 -0.0641006 -0.0656069 0.0564628 0.065895 0.0660589 0.066687 -0.0666799 -0.0666721
internal_weight=0.408577 0.324788 0.268243 0.189861 0.160919 0.0783819 0.0345928 0.0837888 0.0211264 0.0626624 0.0152605 0.0289413 0.0565454 0.0602061 0.0592007 0.0125434 0.0437891 0.0516766 0.0495689 0.00586592 0.00478692
internal_count=3285 1650 1221 841 718 380 98 1635 172 1463 90 123 429 1454 1445 66 282 411 403 82 81
is_linear=0
shrinkage=0.1


Tree=251
num_leaves=17
num_cat=0
split_feature=119 71 7 38 73 133 162 71 163 6 85 87 11 44 3 90
split_gain=0.0243857 0.0178559 0.0171087 0.0107515 0.0130173 0.00639351 0.00395778 0.00361608 0.00331852 0.00249422 0.00245501 0.00143829 0.00141606 0.000526404 0.00023921 1.25775e-05
threshold=1.574039241133643 0.67533097182410617 -0.44313843823558313 0.7700252468544746 1.9085323766684155 1.8518718535926049 -0.38082700693113597 1.3423392527232372 -1.0810836641003354 0.45770109545184029 0.28907092559169517 2.1106021501578209 -0.32866634046318272 0.69939206608780891 1.8531320899970065 1.2705176341314719
decision_type=2 2 2 2 2 2 2 2 2 2 2 2 2 2 2 2
left_child=1 2 3 4 -1 8 -5 11 -4 -3 -7 13 14 -2 -11 -15
right_child=7 9 5 6 -6 10 -8 -9 -10 12 -12 -13 -14 15 -16 -17
leaf_value=0.048199116060968189 0.014660945220017457 0.011781771938547944 0.010625215636020738 -0.066699115927429761 -0.045376553021982513 -0.017440312313822797 0.0051198764048207808 -0.066672522574979035 -0.059612546742185912 -0.066676986966756543 0.065915931456936569 -0.010822862438505774 0.043423434231648718 0.057571525485664576 -0.022849064113645314 0.066682728826499602
leaf_weight=0.10078707758111705 0.0020370399979583445 0.0047291154915001235 0.0076612075663433634 0.015881083803833462 0.017438082741136895 0.0072142205917771207 0.01484628759953921 0.0022944702986933399 0.05514794681857893 0.058823371290600335 0.0069248062973201741 0.0026465244300197801 0.0012120662886445635 0.0015591508345096363 0.0012722464671242042 0.053626657068889472
leaf_count=426 12 37 61 82 56 24 109 30 690 1155 18 6 7 9 5 558
internal_value=-0.000341859 -0.0124514 0.000920113 0.0207001 0.0343968 -0.0373689 -0.0319989 0.0565277 -0.0510452 -0.0581931 0.0233847 0.0612493 -0.0635908 0.0645826 -0.0657491 0.0664253
internal_weight=0.354101 0.291938 0.225901 0.148953 0.118225 0.0769482 0.0307274 0.0621638 0.0628092 0.0660368 0.014139 0.0598694 0.0613077 0.0572228 0.0600956 0.0551858
internal_count=3285 2670 1466 673 482 793 191 615 751 1204 42 585 1167 579 1160 567
is_linear=0
shrinkage=0.1


Tree=252
num_leaves=26
num_cat=0
split_feature=160 29 7 119 90 164 63 134 69 69 78 23 110 92 12 117 19 112 32 49 67 196 134 111 86
split_gain=0.0214417 0.0156134 0.0116551 0.00936514 0.0078213 0.00666605 0.0054035 0.00510436 0.00501983 0.00355459 0.00322572 0.00307333 0.00242907 0.00242257 0.00333516 0.0020195 0.00136237 0.000310652 3.16713e-05 4.02111e-10 4.06405e-10 1.40613e-10 1.14748e-10 3.84038e-11 3.65643e-11
threshold=-0.46488048361001511 -0.24770654034501285 -0.10587013798178954 0.11007642924810405 1.3253393877062478 -0.18771828221342321 1.7279224250774192 -1.3404876480550212 0.18839759787719582 1.4053827113341444 0.22787814938067083 0.54918102590125251 0.7885660572061447 -0.36585891475075244 -0.010434082215136269 -0.48155563768026377 0.58826212810042267 0.92573775443211515 0.42463692137148318 0.35197336990550315 -1.4764712535372839 -1.5582174037804253 0.37379094595637502 1.5109636871096701 -1.2395112384846179
decision_type=2 2 2 2 2 2 2 2 2 2 2 2 2 2 2 2 2 2 2 2 2 2 2 2 2
left_child=3 2 13 5 7 -1 17 12 10 -9 -4 18 -3 16 -15 -10 -2 -6 -7 22 -21 -22 24 -24 -5
right_child=1 4 8 19 6 11 -8 9 15 -11 -12 -13 -14 14 -16 -17 -18 -19 -20 20 21 -23 23 -25 -26
leaf_value=0.058524838163304505 -0.064448981998540988 0.038978506267252314 -0.046692728683930831 -0.066683243060933775 -0.019258515331125083 -0.053110141342923349 0.046008429335743367 0.054545582960229322 0.020706822665589084 -0.055463509812357918 0.059966244807466443 0.025890721557469434 -0.066694280603749156 -0.036904448116473108 0.06348039188677744 -0.06370265334964223 0.038682490081920581 -0.066684368155930124 -0.066683275756027796 -0.066720084683409939 -0.066701092913492299 -0.066676124298320025 -0.066679987582061659 -0.066693819744200092 -0.066671096374049652
leaf_weight=0.012366441696940456 0.034471669769118307 0.0035393556318012998 0.0031916014468151835 0.0026939079498333731 0.0015749145204608803 0.0020613072338164793 0.0075072308873131979 0.10901084727811394 0.0047620078748877859 0.0030185252007868249 0.025414439265659894 0.0054081758280517525 0.0056441091473971028 0.018083441387716448 0.0040510611033823798 0.0070021398041717475 0.001330329154370701 0.011226691265619593 0.010355764504311082 0.004217221194267041 0.0032005515895434664 0.0076381169083106206 0.0056196617324530962 0.0031225013535731705 0.030953713016060647
leaf_count=22 575 41 35 25 5 11 29 1060 33 16 104 20 27 114 13 24 7 111 72 10 7 95 50 11 768
internal_value=-0.000650453 0.0148178 -0.0157961 -0.0429808 0.0360835 0.00211094 -0.0213493 0.0457061 0.0254528 0.0515815 0.0480662 -0.0370268 -0.0259674 -0.0445384 -0.018532 -0.0295346 -0.0606168 -0.0608498 -0.0644301 -0.0666797 -0.0666937 -0.0666835 -0.0666747 -0.0666849 -0.0666721
internal_weight=0.327466 0.239828 0.0983067 0.0876374 0.141522 0.0301917 0.0203088 0.121213 0.0403702 0.112029 0.028606 0.0178252 0.00918346 0.0579365 0.0221345 0.0117641 0.035802 0.0128016 0.0124171 0.0574457 0.0150559 0.0108387 0.0423898 0.00874216 0.0336476
internal_count=3285 2194 905 1091 1289 125 145 1144 196 1076 139 103 68 709 127 57 582 116 83 966 112 102 854 61 793
is_linear=0
shrinkage=0.1


Tree=253
num_leaves=22
num_cat=0
split_feature=24 192 161 119 114 20 7 13 158 20 162 7 39 34 81 84 197 137 37 16 16
split_gain=0.0179815 0.0154545 0.0104344 0.0101532 0.0123502 0.0104279 0.00724619 0.00590563 0.00506882 0.00695684 0.00427084 0.00274264 0.00262595 0.0018127 0.000402663 0.000278359 0.000193158 1.81933e-06 5.78569e-10 1.17019e-10 8.57142e-12
threshold=-0.51581664293440455 0.56589539787632415 0.3585812058125703 0.11007642924810405 -0.59655992445062944 -0.82585457421852493 -1.2575799510901591 0.43803109061912698 1.0548419804308167 -0.78865623782464656 0.19450231258392425 -1.0168622075657106 -0.89875619920593763 0.41896098821458777 0.27789529510918509 0.048150525079806349 -0.24180906834011454 -0.16909589551825174 -0.91511717793816405 0.60155389163753759 0.49061688665982472
decision_type=2 2 2 2 2 2 2 2 2 2 2 2 2 2 2 2 2 2 2 2 2
left_child=7 2 8 11 6 -6 -5 16 10 -10 -2 -3 -9 17 -13 20 18 -4 -1 -20 -14
right_child=1 3 13 4 5 -7 -8 12 9 -11 -12 14 15 -15 -16 -17 -18 -19 19 -21 -22
leaf_value=-0.066705150401538502 0.06669364253533204 0.066692272587657073 -0.062664350709224742 -0.04103483180344647 0.019920617475756314 -0.047139819506624575 0.054372654332898056 0.06669322406400692 0.066676785799158242 -0.028865699281123043 -0.002360870051230955 -0.0028049244420368857 -0.066681981947246449 0.034047497747204045 -0.066368274471752087 -0.0032461263106676659 -0.022919251266811311 -0.066701755764411522 -0.066672602986920917 -0.066690469056836538 -0.066669564065174103
leaf_weight=0.0073555004491936407 0.075931226443572086 0.0016813497204566366 0.0012677814447670252 0.0095024607398954686 0.03952550819303724 0.056099516938957095 0.049060526482207933 0.0054291218821163056 0.013200955345382681 0.018030310171525343 0.010154002867238887 0.0010296489190295679 0.0010275547901983373 0.0021727900784753737 0.031066464975083363 0.001001401516077749 0.0010315183317288748 0.0093293167692536372 0.034102168562640145 0.0041076100915233829 0.0012108552764402702
leaf_count=14 484 6 7 44 166 631 263 19 131 78 93 15 4 15 285 16 8 92 822 46 46
internal_value=0.00103857 0.0101871 0.0366845 -0.00815103 0.002727 -0.0194212 0.0388918 -0.051611 0.0460285 0.0115186 0.0585485 -0.0578073 0.024177 -0.0491585 -0.0643292 -0.0470698 -0.0657107 -0.0662187 -0.0666795 -0.0666745 -0.0666753
internal_weight=0.373318 0.318052 0.130086 0.187965 0.154188 0.095625 0.058563 0.0552657 0.117316 0.0312313 0.0860852 0.0337775 0.00866893 0.0127699 0.0320961 0.00323981 0.0465968 0.0105971 0.0455653 0.0382098 0.00223841
internal_count=3285 2310 900 1410 1104 797 307 975 786 209 577 306 85 114 300 66 890 99 882 868 50
is_linear=0
shrinkage=0.1


Tree=254
num_leaves=24
num_cat=0
split_feature=184 6 72 24 44 90 145 119 166 7 20 155 156 71 17 75 125 8 109 93 153 185 125
split_gain=0.0218506 0.0158019 0.0118694 0.0110864 0.0106447 0.00790659 0.0074041 0.00548872 0.0069385 0.00415732 0.00405611 0.00399836 0.00191341 0.00097027 0.000932725 0.000399768 0.000246795 0.00019104 0.000102079 7.29988e-05 1.08219e-05 6.48436e-12 2.05585e-12
threshold=1.4272534634355056 0.72143463722482959 1.9665015551690879 -0.57230827285767483 0.64477090246562696 1.6333157808067253 -0.23025079714227847 1.1390666302035324 -0.73771760590466107 0.020981779174586778 -0.84176831786887463 2.6202822003122912 -0.010731285629807139 0.82414818113057442 -0.38098869684367681 1.9797976052036503 -0.0026903024464001043 -0.63838221613321766 1.0919872949528946 0.78203694650701205 0.62515260485852908 1.6702457215991913 0.51120794685098048
decision_type=2 2 2 2 2 2 2 2 2 2 2 2 2 2 2 2 2 2 2 2 2 2 2
left_child=1 4 11 9 14 15 16 12 -9 19 -8 13 -5 18 17 -4 -6 -1 -2 -3 -11 -7 -23
right_child=2 3 5 7 6 21 10 8 -10 20 -12 -13 -14 -15 -16 -17 -18 -19 -20 -21 -22 22 -24
leaf_value=-0.021422221420102566 0.043938585192762787 0.049801119625250627 -0.037028034917879017 -0.014705091801320406 -0.030145898983901354 0.06667801983698092 -0.056910038212874728 0.050963151802218859 -0.046056764468466876 -0.066670060382157503 0.059544639106323384 -0.053151474334879212 -0.063100961756140897 0.0078184663535570322 0.018534992332552774 -0.066331101137026907 -0.066689812255932457 -0.066677287190913856 0.066687039699942913 0.066682572047342265 -0.054182864666470765 0.066669605071419211 0.066673425651977966
leaf_weight=0.0010067468892884799 0.0020334292694315073 0.0033922652510227644 0.0081776251900009811 0.0089913670653913869 0.0030324898962135194 0.0017758632984623537 0.0031881166996754464 0.01155003645180841 0.020374239937154925 0.0022674240353808264 0.048338370658711938 0.0030625122089986681 0.089366194973081292 0.0029919169610366217 0.0015480353304155878 0.010809963969222736 0.0047313045242844956 0.01270008119627164 0.065897927026526304 0.010459546769197914 0.0010001498685596744 0.0035409280990279512 0.0023386224347632378
leaf_count=26 6 18 22 142 14 10 19 38 140 64 191 15 1524 15 21 19 34 218 568 54 38 70 19
internal_value=-0.000541623 -0.0180664 0.038111 -0.0370418 0.0194543 -0.0191206 0.038622 -0.0469832 -0.0109555 0.038614 0.0523392 0.0587207 -0.0586768 0.0635514 -0.0550435 -0.0537108 -0.052416 -0.0633534 0.0660061 0.0625484 -0.0628479 0.0666727 0.0666711
internal_weight=0.322575 0.221946 0.100629 0.147401 0.0745451 0.026643 0.0592903 0.130282 0.0319243 0.0171194 0.0515265 0.0739858 0.0983576 0.0709233 0.0152549 0.0189876 0.00776379 0.0137068 0.0679314 0.0138518 0.00326757 0.00765541 0.00587955
internal_count=3285 2541 744 2018 523 140 258 1844 178 174 210 604 1666 589 265 41 48 244 574 72 102 99 89
is_linear=0
shrinkage=0.1


Tree=255
num_leaves=27
num_cat=0
split_feature=119 130 3 162 6 75 122 160 164 87 49 119 7 63 66 7 48 162 170 71 168 92 115 53 60 183
split_gain=0.019157 0.0132328 0.0110001 0.00876685 0.00821907 0.00642576 0.00600818 0.00484181 0.00471755 0.00389473 0.0037224 0.00369415 0.00331151 0.00322441 0.00321419 0.0024358 0.00211813 0.00127496 0.000580889 0.000513874 0.000506738 0.00021611 4.64321e-05 1.69401e-06 1.74487e-10 8.78123e-12
threshold=0.46947662741577795 0.60092953780903791 0.19945065850566354 0.76983163209898486 1.0525667373967043 0.70573856321810224 1.6473692787121765 -0.46488048361001511 -0.20442774841397643 1.1219968831034712 0.29965055049558015 0.72158811928308098 -1.0324210404331526 1.414255062059848 -0.54230280524908159 -1.0490621301479799 1.6474559239177027 1.0000000180025095e-35 3.3617245485704634 0.71470248831613647 -0.24205491012305261 -0.80818637710447161 -0.36811568147525958 -0.46043869571017876 -0.14536981566885407 2.0251973711841598
decision_type=2 2 2 2 2 2 2 2 2 2 2 2 2 2 2 2 2 2 2 2 2 2 2 2 2 2
left_child=1 2 21 9 11 17 7 8 -3 16 -7 20 -9 25 -6 -16 18 -4 -2 -13 -5 -1 -8 -23 -24 -11
right_child=3 6 5 4 14 10 22 12 -10 13 -12 19 -14 -15 15 -17 -18 -19 -20 -21 -22 23 24 -25 -26 -27
leaf_value=0.036944252395788246 -0.065664754743506512 0.053550693247768316 -0.066680270111253423 -0.00068139122681427477 -0.066699610109569374 -0.064331365252191616 -0.044709516790655809 -0.056479104070427624 -0.042236958287662829 -0.066670484525431895 0.066019229182182199 -0.06667855829330295 0.061676491762773823 0.045904026209281357 -0.066674820446860281 0.060980554653961072 0.066723197863476247 -0.018478821031215009 -0.016873878500603786 0.0066592381356941639 0.066675336507176872 0.063468945754478923 -0.066720057485952639 0.066695820833271288 -0.066674640784681896 -0.066680462922771827
leaf_weight=0.0032390805390605246 0.061099557154193462 0.0099391534859023523 0.030913043082364311 0.0019334376465849346 0.0025134685456578145 0.0030497193529299693 0.001258421365491813 0.0024441913792543337 0.010651891563611571 0.002786722894597915 0.0077783835931768408 0.016769111979556328 0.08032713226202759 0.0067669365234905854 0.0016041514090829869 0.021914115686740843 0.0012697369093075386 0.0066718833350023479 0.0025416518401470958 0.0010131611616088767 0.0026447480413480653 0.0019560753316909549 0.0011993494117632508 0.0096663774747867137 0.0028706599387078304 0.0012902661646876368
leaf_count=9 992 19 323 16 13 35 8 19 53 57 41 334 875 29 20 168 1 73 26 13 29 6 1 66 50 9
internal_value=-0.000722386 0.020889 -0.0154679 -0.0306579 0.0025905 -0.0385691 0.0420543 0.0473924 0.00399907 -0.051897 0.0293062 -0.0418762 0.0581874 0.00357822 0.040786 0.0522733 -0.0611646 -0.0581238 -0.0637162 -0.0625001 0.0382296 0.0597867 -0.0614973 0.0661527 -0.066688 -0.0666736
internal_weight=0.296112 0.171965 0.0632746 0.124147 0.0483922 0.048413 0.108691 0.103362 0.020591 0.0757549 0.0108281 0.0223605 0.0827713 0.0108439 0.0260317 0.0235183 0.0649109 0.0375849 0.0636412 0.0177823 0.00457819 0.0148615 0.00532843 0.0116225 0.00407001 0.00407699
internal_count=3285 1578 553 1707 593 472 1025 966 72 1114 76 392 894 95 201 188 1019 396 1018 347 45 81 59 72 51 66
is_linear=0
shrinkage=0.1


Tree=256
num_leaves=23
num_cat=0
split_feature=38 198 122 150 136 44 19 89 86 151 34 166 49 13 199 17 24 53 11 37 32 78
split_gain=0.0164276 0.0165761 0.0107828 0.00926716 0.00900377 0.00746533 0.00697417 0.00653245 0.00621998 0.00440552 0.00400135 0.0037421 0.0030583 0.00265829 0.00196473 0.00180099 0.00152706 0.00105419 0.000220995 8.89128e-05 4.74111e-05 1.64341e-05
threshold=0.7700252468544746 0.77832730607608702 1.0054106033307864 1.2866191373682663 1.1188702955320369 1.7108481257194657 0.51745104280658838 1.606174341299683 1.7085740077086962 0.83066737889686648 -0.30042238992379355 1.7349389814996783 -1.7779305150278775 1.6332838431732501 -0.35472625382954276 -0.77389830294859308 -0.50780447208067903 -1.4355981349989597 -0.51303888860792835 -0.26382914805387087 0.66140931843603723 0.96267172957376357
decision_type=2 2 2 2 2 2 2 2 2 2 2 2 2 2 2 2 2 2 2 2 2 2
left_child=1 2 11 4 -4 8 7 10 15 18 -2 12 -1 -5 -12 -3 -11 -7 -8 -10 -18 -19
right_child=6 5 3 13 -6 17 9 -9 19 16 14 -13 -14 -15 -16 -17 20 21 -20 -21 -22 -23
leaf_value=0.01894196147581793 -0.0057603646143168192 0.060933503790921953 0.042595130525400184 -0.066686563266577056 -0.060003370799602065 0.012158483975313319 -0.040400842551947397 -0.066710175871741578 -0.0369662456237232 -0.033761686366477285 -0.027789736325479993 0.053874017449905311 -0.06047946251120645 0.053722990072897381 0.065782985539657224 -0.017876483651241601 0.048604255200860556 -0.056269502329593615 -0.06669619422954691 -0.066686081815091419 0.066687297263891041 -0.066689252886263123
leaf_weight=0.0051347231437830479 0.009783329012861941 0.045308214186661644 0.041465395350314793 0.020152324074842909 0.010776428811368532 0.0023213785607367763 0.006142518344859127 0.0047505121638096162 0.001361168429866666 0.0022713937287335284 0.0023226958583109072 0.0032045638999989015 0.086970180192111002 0.0020170100879113298 0.066149503205451765 0.0030979350267443797 0.0021092991100886138 0.0020004464677185751 0.0066631925110414159 0.0038647826550004529 0.0046379448394873179 0.0062204977775763837
leaf_count=68 20 296 193 201 201 7 23 17 7 7 11 15 1450 9 573 7 18 14 18 47 36 47
internal_value=0.00102888 -0.0137145 -0.0300843 -0.00155793 0.0214311 0.0295785 0.0339239 0.0471496 0.0447002 -0.0163783 0.0540615 -0.0523558 -0.0560518 -0.0557315 0.0626088 0.0558898 0.0371594 -0.0473501 -0.0540831 -0.0589452 0.0610342 -0.0641538
internal_weight=0.338725 0.233895 0.169721 0.0744112 0.0522418 0.0641744 0.10483 0.083006 0.0536321 0.0218243 0.0782555 0.0953095 0.0921049 0.0221693 0.0684722 0.0484061 0.00901864 0.0105423 0.0128057 0.00522595 0.00674724 0.00822094
internal_count=3285 2562 2137 604 394 425 723 621 357 102 604 1533 1518 210 584 303 61 68 41 54 54 61
is_linear=0
shrinkage=0.1


Tree=257
num_leaves=24
num_cat=0
split_feature=44 6 90 145 24 136 87 24 37 7 8 6 16 184 183 7 22 6 54 37 40 142 118
split_gain=0.0196297 0.015761 0.0124915 0.00976531 0.00946926 0.00541878 0.00487489 0.00388688 0.00343559 0.00328662 0.00311491 0.00213807 0.00100783 0.000898619 0.000761406 0.000730459 0.000238779 0.000175762 4.55659e-06 8.41233e-10 4.61968e-11 4.30611e-12 5.65938e-13
threshold=0.71773846693429899 0.97445532179975569 1.6458578935797232 -0.26076534464855572 -0.57230827285767483 0.22737986388130058 -1.3516741256654863 -0.57091220090985872 -1.093434802698223 -0.237270769652389 -1.3464629155044647 0.48259444119988409 0.27202413182115509 1.3488143012780422 -0.17541298012733253 -1.3820278535898896 -1.29405943092333 0.8897981926369557 0.59684432662554421 -0.9279601931565068 0.8921589091089982 -0.11454052572317758 -0.29594249956039703
decision_type=2 2 2 2 2 2 2 2 2 2 2 2 2 2 2 2 2 2 2 2 2 2 2
left_child=4 3 6 14 9 11 13 -8 -7 20 -6 -5 -4 -3 -2 -12 -17 -11 -16 -14 21 -1 -19
right_child=1 2 12 5 10 8 7 -9 -10 17 15 -13 19 -15 18 16 -18 22 -20 -21 -22 -23 -24
leaf_value=0.066678143485615973 -0.0074966267436235275 -0.003101341059382496 -0.032744851748281394 0.06669679531869678 0.066703244577411919 -0.066695697098845486 0.056683545895985954 -0.048355491783005487 0.05599889312717117 -0.01615794613210967 -0.0069834399384260176 -0.063960124372721638 0.066750094267122334 0.064710833436383647 -0.061719622375770278 -0.02298643297005315 -0.06667678682958926 -0.066670960977046473 -0.066692776828609718 0.066678832844402944 0.066690248547252459 0.066672646687454956 -0.066667754207567487
leaf_weight=0.0029882117742090486 0.0031675861791882207 0.0031645303724872065 0.0010876600863412014 0.0016006373916752628 0.0018893904634751371 0.0023344206128967917 0.0037288648609319344 0.063777729360481317 0.10198342704734387 0.0010002453891502236 0.002194051368860527 0.0057574451693653828 0.001872494467534124 0.0051091784189338796 0.0027396939167374512 0.0012783837237293474 0.058203286321713676 0.0010261079387419167 0.0056250777925015427 0.014365046885359334 0.0033965953916776925 0.0027246115514572011 0.001186953907563292
leaf_count=16 19 40 4 3 4 7 22 510 768 12 19 108 1 12 13 10 1423 19 37 144 8 26 60
internal_value=-0.000460638 0.0148912 -0.0161603 0.038356 -0.0442201 0.047403 -0.0336741 -0.0425534 0.0532532 0.0360083 -0.0597732 -0.0355377 0.0604448 0.038774 -0.049252 -0.0636477 -0.0657378 -0.050946 -0.0650639 0.0666871 0.066681 0.0666755 -0.0666692
internal_weight=0.292202 0.216314 0.0931055 0.123208 0.0758878 0.111676 0.0757803 0.0675066 0.104318 0.0123227 0.0635651 0.00735808 0.0173252 0.00827371 0.0115324 0.0616757 0.0594817 0.00321331 0.00836477 0.0162375 0.00910942 0.00571282 0.00221306
internal_count=3285 1688 733 955 1597 886 584 532 775 141 1456 111 149 52 69 1452 1433 91 50 145 50 42 79
is_linear=0
shrinkage=0.1


Tree=258
num_leaves=23
num_cat=0
split_feature=7 29 30 69 27 6 92 19 107 36 89 160 189 172 185 48 92 1 148 141 159 36
split_gain=0.0172514 0.014464 0.00694782 0.00765191 0.00630142 0.00596996 0.00590311 0.00571635 0.0048921 0.00283058 0.00359057 0.002784 0.00330653 0.00255692 0.00226237 0.000920625 0.000733049 0.000315803 4.88189e-06 2.78284e-06 9.78914e-12 4.58403e-13
threshold=-0.11726056084041274 0.56335140450313437 1.0645581993902711 0.18839759787719582 0.051251991988263267 0.64289892292399531 -0.79790194952211146 0.36402316783988925 0.89202102217860368 -0.26542359338092553 1.1348605270172716 -0.46488048361001511 0.26853993542114285 0.76310066865966786 0.77263874755440531 1.6021347477036219 -1.3191605052692095 1.2615274801243754 0.4770483175152323 -0.25867687762595498 0.72590229592891042 1.1598367818993449
decision_type=2 2 2 2 2 2 2 2 2 2 2 2 2 2 2 2 2 2 2 2 2 2
left_child=1 4 3 11 5 19 -7 -5 -9 10 -6 12 -2 14 -3 -11 -13 18 -15 -1 21 -4
right_child=2 13 20 7 9 6 -8 8 -10 15 -12 16 -14 17 -16 -17 -18 -19 -20 -21 -22 -23
leaf_value=-0.061161113632057666 0.062792388773170477 0.058089060261006908 -0.06667225378164747 -0.066698372006474368 0.019035406053188653 -0.059817562042912067 0.047091211195036412 0.058096514101215829 -0.046707963413227603 -0.061671918405035712 -0.064385386473284067 0.010060241334794513 -0.040066780557970624 0.059503670105634857 -0.062053413097307178 0.031104794122764165 0.065430596739060917 0.035504625960066011 0.066689281752680421 -0.066684655220430752 -0.066678651856730484 -0.066669782549442475
leaf_weight=0.0010070513017126368 0.0062310650500876363 0.002700430502954986 0.0016084338512882814 0.010194913735176669 0.011551822046385496 0.0067874156156904055 0.021604477497021435 0.014050918574866955 0.0065208124469791065 0.068335658977048297 0.0093241959057195345 0.0024955637418315737 0.0062700860726181418 0.0010042968333436866 0.003735495244654885 0.0010865651056519701 0.057060626424572547 0.0041426866046094793 0.016148999962751986 0.0096762376542756101 0.0039851374340287293 0.001407444412507175
leaf_count=14 8 32 18 39 81 146 179 230 67 1275 142 11 38 16 34 8 578 29 142 138 30 30
internal_value=-0.000689425 -0.0219448 0.0297165 0.0362796 -0.0359928 -0.00244336 0.0215334 -0.00546854 0.0248757 -0.0505109 -0.0182242 0.0541049 0.0112023 0.0435915 -0.0116432 -0.0602198 0.0631104 0.0602841 0.0662686 -0.066164 -0.0666754 -0.0666711
internal_weight=0.26693 0.157105 0.109825 0.102824 0.129373 0.0390752 0.0283919 0.0307666 0.0205717 0.0902982 0.020876 0.0720573 0.0125012 0.0277319 0.00643593 0.0694222 0.0595562 0.021296 0.0171533 0.0106833 0.00700102 0.00301588
internal_count=3285 2236 1049 971 1983 477 325 336 297 1506 223 635 46 253 66 1283 589 187 158 152 78 48
is_linear=0
shrinkage=0.1


Tree=259
num_leaves=22
num_cat=0
split_feature=40 20 35 25 44 156 89 185 24 86 37 118 36 24 57 57 133 29 73 51 48
split_gain=0.0144643 0.0150219 0.00935039 0.00838721 0.00782288 0.00776436 0.0063141 0.00671289 0.00480398 0.00443823 0.00354732 0.00353322 0.00284562 0.00272897 0.00196139 0.00172342 0.000122657 4.07794e-10 8.69095e-11 2.34936e-11 7.87277e-12
threshold=0.81854975892518256 -0.82585457421852493 -0.1649213226004109 -0.57954725898486481 1.4833839764555681 1.6471395304934304 1.606174341299683 0.19485030055696237 -0.55645603315269077 1.015886446051262 -0.12238176346703449 1.6824242246209906 -0.45365947570123027 -0.45729755714468062 1.5252699584317952 3.7223089401010463 0.32587107759977191 -0.93819009898607297 1.4740758097556361 2.9329265619616556 1.0165814705803904
decision_type=2 2 2 2 2 2 2 2 2 2 2 2 2 2 2 2 2 2 2 2 2
left_child=1 4 3 13 9 -5 7 -2 -9 16 -11 15 -10 -3 18 -4 -1 -8 -6 20 -19
right_child=6 2 11 5 14 -7 17 8 12 10 -12 -13 -14 -15 -16 -17 -18 19 -20 -21 -22
leaf_value=0.036682363654580025 -0.037417288314206057 -0.037734848696094531 -0.06433693096523635 -0.046354450538964406 -0.066676442179996076 0.045999948373632853 -0.066738885892576691 -0.066681068348090441 -0.004046221744202382 0.038331359985515734 -0.066691666615645004 0.061962268737297127 0.059023694756423543 0.063921694376213381 0.032927034448839064 0.066697408858088933 0.066219919354697371 -0.066680561843636549 -0.066697354582197721 -0.06669057591752113 -0.066670255065470183
leaf_weight=0.0014685004643979474 0.010383210406871513 0.0031278765309252768 0.066060431719961343 0.044132173566140409 0.0062888821994420141 0.011468790919025196 0.0016214819625020027 0.0035115363898512433 0.0079360270838151337 0.0082387324982846621 0.0052754747548533496 0.0023671887829550533 0.07257052911518258 0.016956843315711012 0.0025181806850014263 0.001019224146148189 0.032959144557025866 0.0014205161905920241 0.0029053779726382345 0.001488909634645097 0.0015495217239731573
leaf_count=16 28 51 1616 307 61 30 1 19 20 74 45 4 663 67 8 2 197 12 19 4 41
internal_value=0.00100084 -0.0142467 -0.0316108 -0.007297 0.0279981 -0.0273045 0.0320761 0.0384381 0.0478125 0.0458971 -0.00266596 -0.0581088 0.0528065 0.0480903 -0.0452668 -0.062346 0.06496 -0.0666959 -0.0666831 -0.0666803 -0.0666752
internal_weight=0.305269 0.204787 0.145133 0.0756857 0.0596543 0.055601 0.100482 0.0944013 0.0840181 0.0479419 0.0135142 0.0694468 0.0805066 0.0200847 0.0117124 0.0670797 0.0344276 0.00608043 0.00919426 0.00445895 0.00297004
internal_count=3285 2497 2077 455 420 337 788 730 702 332 119 1622 683 118 88 1618 213 58 80 57 53
is_linear=0
shrinkage=0.1


Tree=260
num_leaves=17
num_cat=0
split_feature=119 71 7 38 81 44 170 162 71 117 6 17 87 44 133 118
split_gain=0.0177661 0.0129915 0.0124063 0.0077613 0.00947472 0.00446552 0.00326328 0.00282932 0.00268974 0.00247479 0.00180163 0.00105453 0.00102418 0.000359289 1.648e-05 9.48752e-06
threshold=1.574039241133643 0.67533097182410617 -0.44313843823558313 0.7700252468544746 2.0303377027002347 1.6068700989417459 1.6940182698321389 -0.38082700693113597 1.3423392527232372 -0.74690485142030205 0.45770109545184029 -0.34931962336605082 2.1106021501578209 0.70542740231514256 2.2338863977428631 0.55111096792853409
decision_type=2 2 2 2 2 2 2 2 2 2 2 2 2 2 2 2
left_child=1 2 3 4 -1 9 -7 -5 12 -4 -3 14 13 -2 -12 -15
right_child=8 10 5 7 -6 6 -8 -9 -10 -11 11 -13 -14 15 -16 -17
leaf_value=0.045058687601961779 0.019498213292433363 0.0098714043560539175 0.00036721592437086409 -0.066690200108043593 -0.057645588927966007 0.064509189079199863 -0.046098518690510501 0.0035652182372636781 -0.066671165301451618 -0.061149878219900304 -0.066674439487698689 0.017926618351535948 -0.0070311037596289512 0.066678748250938474 -0.054463883408074489 0.057987057320695826
leaf_weight=0.079121039794699755 0.0017027764006343196 0.0036201201692165333 0.0078775710744594107 0.011551163489457394 0.010132668499863939 0.0066199275706821936 0.0044674472082988359 0.011378995543964265 0.0017127410610555662 0.03850086554120935 0.042181694637292821 0.0015372431125797439 0.0021029368945164597 0.038829621091281297 0.0011350605645930037 0.0012978447721252442
leaf_count=444 14 37 99 82 38 33 18 109 30 643 1143 13 6 545 11 20
internal_value=-0.000460611 -0.0123329 0.00071252 0.0200671 0.033399 -0.0370712 0.0199419 -0.0318262 0.0562721 -0.0507009 -0.057989 -0.063466 0.0610651 0.0644885 -0.0663545 0.0663976
internal_weight=0.26377 0.218124 0.16965 0.112184 0.0892537 0.0574658 0.0110874 0.0229302 0.0456459 0.0463784 0.0484741 0.044854 0.0439332 0.0418302 0.0433168 0.0401275
internal_count=3285 2670 1466 673 482 793 51 191 615 742 1204 1167 585 579 1154 565
is_linear=0
shrinkage=0.1


Tree=261
num_leaves=20
num_cat=0
split_feature=160 134 110 7 65 92 39 194 81 164 66 7 106 162 31 62 115 92 134
split_gain=0.0152625 0.0114563 0.00717287 0.00686301 0.00565754 0.0054095 0.0044212 0.0036259 0.00397325 0.00343407 0.00334438 0.00303685 0.00236791 0.00215583 0.00145736 0.000316739 0.000262275 0.000108997 3.9842e-10
threshold=-0.46488048361001511 -0.48334835104932322 0.16728519437757575 -0.11105157344577153 1.5402017124666274 -0.78393374116828707 -0.75525005922067179 1.0000000180025095e-35 0.99405166483224749 -0.87117768259562522 2.3705453025350978 -0.35099694908730356 1.9065959207026191 0.19450231258392425 0.45795762181471084 -0.25275302316923637 0.030258664713300656 0.48738333068124479 1.1084817719612594
decision_type=2 2 2 2 2 2 2 2 2 2 2 2 2 2 2 2 2 2 2
left_child=2 3 -1 7 5 11 16 15 -9 -8 14 -3 -7 18 17 -2 -5 -4 -6
right_child=1 4 10 6 13 12 9 8 -10 -11 -12 -13 -14 -15 -16 -17 -18 -19 -20
leaf_value=0.036759065845495757 -0.010794028678423405 -0.064413135024390319 -0.06667660464121411 -0.021171993816210054 -0.066674694285809188 0.05961179230001909 -0.042197364436109087 -0.05155275246867122 0.021381664473843303 0.059149928453764225 0.052994313643043439 0.034865475616352608 -0.06667636450729017 0.042559570018888229 0.014364859751494489 -0.066682711617896059 -0.066679225489844882 -0.033984177047554763 -0.066725411694896375
leaf_weight=0.0096782523469300941 0.0010632149469529386 0.0061551457592941006 0.048239308866413921 0.0018299365628990918 0.004062039692144026 0.070751793865383661 0.0039674168510828159 0.01356270671249149 0.016625213650513615 0.021255986124742776 0.002644530536599631 0.0061694586256635375 0.0015165277727646745 0.0024914762780099409 0.0023656709954593671 0.021923258338119922 0.0041130550007437705 0.0010418360679977914 0.0025035541038960218
leaf_count=27 10 74 1019 12 53 956 36 259 190 165 9 30 16 24 17 325 42 19 2
internal_value=-0.00065658 0.0144001 -0.0425507 -0.0123336 0.0384763 0.0465187 0.0249267 -0.0341724 -0.011386 0.0432089 -0.0566888 -0.0147162 0.0569617 -0.0366399 -0.062305 -0.0640976 -0.0526669 -0.0659855 -0.066694
internal_weight=0.24196 0.177991 0.0639696 0.0843408 0.09365 0.0845929 0.0311664 0.0531744 0.0301879 0.0252234 0.0542913 0.0123246 0.0722683 0.00905707 0.0516468 0.0229865 0.00594299 0.0492811 0.00656559
internal_count=3285 2194 1091 1039 1155 1076 255 784 449 201 1064 104 972 79 1055 335 54 1038 55
is_linear=0
shrinkage=0.1


Tree=262
num_leaves=20
num_cat=0
split_feature=24 144 65 25 138 161 92 80 119 13 3 197 162 14 80 21 196 37 41
split_gain=0.0131317 0.011288 0.010354 0.00821816 0.0078367 0.0076565 0.00618822 0.00548232 0.00437144 0.00426374 0.00345536 0.00328075 0.00298522 0.00188979 0.000582322 0.000127902 1.78958e-05 2.45354e-10 6.89631e-11
threshold=-0.51581664293440455 -0.15451566283399046 1.3365108421155278 -0.56151586704756906 1.358882613561313 0.3585812058125703 -0.2562450281420488 -0.093407439013440993 1.574039241133643 0.43803109061912698 0.03557615676453247 -0.3534950899765697 0.19450231258392425 0.51990783293300813 1.4938857217065544 -1.2796033600734289 -1.4718304733353909 -0.91511717793816405 1.0916201337878182
decision_type=2 2 2 2 2 2 2 2 2 2 2 2 2 2 2 2 2 2 2
left_child=9 5 3 6 12 8 -3 -5 10 15 -2 16 -4 -11 -6 -1 -7 -17 -19
right_child=1 2 4 7 14 11 -8 -9 -10 13 -12 -13 -14 -15 -16 17 -18 18 -20
leaf_value=-0.030668715283441506 -0.06249425382208626 0.035497080453953687 0.063988975086199051 0.049378900841809015 0.014752888885750574 -0.052559278549796119 -0.060061180841063447 -0.051012272223793335 -0.06670362832888703 -0.063477914826101753 0.060813630920407195 0.066119368566975797 -0.053771055567122653 0.058355522911065487 -0.066678897397938877 -0.066695817641486174 -0.066690953174530831 -0.066671492170974567 -0.066693200962118712
leaf_weight=0.0010167409709538324 0.0023524097705376326 0.030640547223356407 0.032304418436069682 0.0059360857940191627 0.0010126980932909637 0.0010111313822562815 0.0087013845663932443 0.065048982539337885 0.0029983440135765696 0.0017731446846482859 0.066933520949532976 0.0024259888523374693 0.0023063760768309285 0.0045150788391765673 0.0066102963573939633 0.0055124746832007068 0.0078778509509902506 0.026067848329603294 0.0015503711665587607
leaf_count=5 3 184 274 44 27 16 190 688 17 49 608 11 48 36 108 14 92 863 8
internal_value=0.000987642 0.0100037 -0.00618023 -0.0222987 0.0359258 0.0395379 0.0143621 -0.0426171 0.0515113 -0.0516697 0.0566271 -0.0369529 0.0561417 0.0240011 -0.0558609 -0.0656044 -0.0650835 -0.0666766 -0.0666727
internal_weight=0.276596 0.23616 0.152561 0.110327 0.0422338 0.0835992 0.0393419 0.0709851 0.0722843 0.0404357 0.0692859 0.011315 0.0346108 0.00628822 0.00762299 0.0341474 0.00888898 0.0331307 0.0276182
internal_count=3285 2310 1563 1106 457 747 374 732 628 975 611 119 322 85 135 890 108 885 871
is_linear=0
shrinkage=0.1


Tree=263
num_leaves=28
num_cat=0
split_feature=44 6 111 7 170 125 8 119 119 20 71 22 119 187 109 67 104 165 167 89 30 157 191 159 185 127 62
split_gain=0.0161113 0.00773357 0.0074564 0.0064702 0.00570501 0.00551282 0.00493048 0.00434066 0.00410906 0.00387535 0.00368881 0.00368721 0.00259506 0.00248288 0.00215248 0.0021296 0.00131155 0.00123814 0.00116732 0.000837714 0.000734052 0.000106241 3.3634e-05 1.23574e-05 6.43909e-11 6.20233e-11 6.34902e-13
threshold=1.1370776116198378 1.1934763764090139 0.54782084898960981 -1.024510885719967 1.9038422897183127 0.66661613335221781 1.0687223939357187 1.520003665080252 0.1794213508239004 -0.83202439751613089 0.95843109754810629 -0.57274824411292913 1.2035939423547279 0.47572576541818162 1.3155253722784941 -0.64986007252464073 2.0132003248453181 -1.0262347291759535 -0.058312383417002171 1.606174341299683 0.68694417651803363 0.28053734509837219 0.33125832106097125 0.67483522392604656 1.314682713205207 1.4342478139425998 2.3574613659034713
decision_type=2 2 2 2 2 2 2 2 2 2 2 2 2 2 2 2 2 2 2 2 2 2 2 2 2 2 2
left_child=2 4 5 9 10 8 16 17 22 25 13 14 23 -2 -3 -11 -5 -6 -10 24 -8 -12 -1 -7 -13 -4 -9
right_child=1 11 3 6 7 12 20 26 18 15 21 19 -14 -15 -16 -17 -18 -19 -20 -21 -22 -23 -24 -25 -26 -27 -28
leaf_value=-0.045056106898527098 -0.020017346899654467 -0.045171475914930752 -0.066670126014029829 -0.064517977371442714 0.0027229945283955889 -0.054963162715133795 -0.023937485783477114 0.066669634643860887 0.064758515416047366 0.064277856060941246 -0.027141595575825572 -0.066674990744983051 0.064210568174120838 0.061745552143328178 0.066685748907741177 -0.014595254103495704 0.02655577529692062 -0.066705586834306774 -4.6315154160296053e-05 -0.0087758958474054103 0.06147643620094119 -0.066673975987233444 -0.066668725950855476 -0.066675544481921242 -0.066690339057258893 -0.066697977513298742 0.06667240283425073
leaf_weight=0.0010002016142607309 0.0039359846914521759 0.002546281664763228 0.0039298065366892834 0.063239041508040827 0.0037477479527296973 0.0010059073865704713 0.0013649372613144797 0.0038819092696940052 0.018609247558742936 0.0094341511994571192 0.0010007700366259078 0.0073410740901636018 0.0018382266971457293 0.065857373534527142 0.0053034805732750101 0.0053728352013422418 0.0016217927950492586 0.0081637808198138373 0.0032676141868250843 0.0031770962668815636 0.0038279363147921686 0.0021196929160396394 0.0025707603103910515 0.0086226870739665173 0.0043549293332034722 0.0010038117761723697 0.0010533721069805324
leaf_count=27 20 29 121 1385 13 28 48 83 94 35 10 104 9 666 34 26 11 54 54 15 23 38 154 184 9 2 9
internal_value=-0.000477904 0.0270676 -0.0249309 -0.0404847 0.0402603 0.0129034 -0.0547342 -0.012188 0.0388442 0.0100826 0.0523786 -0.0250467 -0.044666 0.0571345 0.0304018 0.0356581 -0.0622408 -0.0448611 0.055079 -0.0543115 0.0390255 -0.0539955 -0.0606152 -0.0654519 -0.0666807 -0.0666758 0.0666702
internal_weight=0.239192 0.112483 0.126709 0.0897943 0.0897606 0.0369146 0.0700537 0.0168468 0.0254478 0.0197406 0.0729138 0.0227229 0.0114668 0.0697934 0.00784976 0.014807 0.0648608 0.0119115 0.0218769 0.0148731 0.00519287 0.00312046 0.00357096 0.00962859 0.011696 0.00493362 0.00493528
internal_count=3285 1084 2201 1651 893 550 1467 159 329 184 734 191 221 686 63 61 1396 67 148 128 71 48 181 212 113 123 92
is_linear=0
shrinkage=0.1


Tree=264
num_leaves=26
num_cat=0
split_feature=119 130 3 48 19 75 65 160 119 87 49 160 36 92 123 162 7 185 196 88 27 92 88 53 93
split_gain=0.0138048 0.00998069 0.00785498 0.00669129 0.00583209 0.00473709 0.00418193 0.00360348 0.00358325 0.00265341 0.00262995 0.00254664 0.00245323 0.00205671 0.00165757 0.000966025 0.000893277 0.0012764 0.00087742 0.000660641 0.000297766 0.000180492 0.000148676 1.4483e-06 4.55073e-11
threshold=0.4768439997190046 0.60092953780903791 0.19945065850566354 1.1916313052706722 0.49591338636191573 0.70573856321810224 1.7053556301903441 -0.46488048361001511 0.11007642924810405 1.3707928269805547 0.29965055049558015 -0.46488048361001511 -1.0877262205289979 -0.95021775147024468 0.76075217910881021 1.0000000180025095e-35 1.0000000180025095e-35 1.0905766195341797 -1.5281566768153574 0.20869942700640223 0.96986482469452884 -0.80818637710447161 1.4030207618476183 -0.46043869571017876 -0.46322763135720185
decision_type=2 2 2 2 2 2 2 2 2 2 2 2 2 2 2 2 2 2 2 2 2 2 2 2 2
left_child=1 2 21 9 12 15 7 8 -3 16 -7 -6 -5 -9 -11 -4 22 -18 -13 -14 -8 -1 -2 -23 -22
right_child=3 6 5 4 11 10 20 13 -10 14 -12 18 19 -15 -16 -17 17 -19 -20 -21 24 23 -24 -25 -26
leaf_value=0.034823539911516509 -0.065352878353283683 0.036767928201614897 -0.066677095286195795 0.048017549522924453 -0.066673011378794694 -0.063984812246976247 -0.0077333599315702398 -0.011185554195232759 -0.066682593601507231 -0.066670886924829656 0.065946391728490358 -0.019872741523093651 -0.064471475419650565 0.063155137374024756 0.050170465833663559 -0.01862176704067461 0.04125259924358346 -0.066673496996623421 0.063034172574342975 -0.017294225184091832 -0.066699213397046209 0.063220531148398873 -0.035877262929792396 0.066687589168460085 -0.066673786541940214
leaf_weight=0.0023797598314558863 0.042810767026367103 0.010705336449063907 0.022907026750999648 0.0028817451857321421 0.0018928477861663842 0.0021496727558769626 0.0011494173422761369 0.0039814158089939147 0.0048719543055995027 0.0017844688495642904 0.0056583066825623973 0.001396750442836491 0.011610337963702477 0.057011431043974881 0.0037991245662851725 0.005117745928146177 0.0020302076391089932 0.002380919016104599 0.014829043907411688 0.0039877345511740723 0.0010020881290984107 0.0014638636785093704 0.0017825084114519987 0.0068096358700131523 0.0023652428590139607
leaf_count=9 1009 33 327 20 55 35 11 22 44 42 41 13 211 870 24 76 22 32 148 78 3 6 40 66 48
internal_value=-0.000592739 0.0206455 -0.0162961 -0.0303057 0.00277748 -0.0387098 0.0418236 0.0473392 0.00441274 -0.0524863 0.0301741 0.0430925 -0.0367496 0.0583024 0.012829 -0.0579015 -0.0599283 -0.0170008 0.0558974 -0.0524103 -0.0516803 0.0590933 -0.0641747 0.0660741 -0.0666814
internal_weight=0.218759 0.127573 0.046486 0.0911865 0.0365985 0.0358328 0.0810869 0.0765701 0.0155773 0.054588 0.00780798 0.0181186 0.0184798 0.0609928 0.00558359 0.0280248 0.0490044 0.00441113 0.0162258 0.0155981 0.00451675 0.0106533 0.0445933 0.0082735 0.00336733
internal_count=3285 1591 560 1694 525 479 1031 969 77 1169 76 216 309 892 66 403 1103 54 161 289 62 81 1049 72 51
is_linear=0
shrinkage=0.1


Tree=265
num_leaves=22
num_cat=0
split_feature=162 167 20 166 192 195 20 7 178 37 125 40 86 127 176 92 32 53 39 42 37
split_gain=0.0117638 0.0093204 0.00855117 0.00816037 0.0082351 0.00481894 0.00424587 0.003768 0.00288717 0.00243227 0.00193786 0.00152786 0.00146906 0.00120796 0.000407054 0.000360201 3.54095e-05 1.45436e-06 2.18512e-10 1.19208e-10 4.82328e-11
threshold=0.19450231258392425 0.81824013061367962 -0.79736367449433898 1.2806612040269758 0.59403611453607719 0.7844737667647671 -0.82585457421852493 -1.4918919457651427 0.2776773441345603 -1.2716876795784644 0.22321965186253459 0.25130847226846326 1.1060388638694476 0.24163943859439552 0.15231500956552571 -1.6664054574136919 0.079236445940804298 0.3721163697969822 -0.26643093186155514 0.79671820775979685 -0.48726044627320758
decision_type=2 2 2 2 2 2 2 2 2 2 2 2 2 2 2 2 2 2 2 2 2
left_child=1 2 5 4 -4 7 8 -1 13 -8 -5 -3 -7 17 -10 -11 -13 -2 -18 -16 -17
right_child=6 11 3 10 -6 12 9 -9 14 15 -12 16 -14 -15 19 20 18 -19 -20 -21 -22
leaf_value=-0.066683450615318066 0.06667749263400137 -0.0091933407869124583 0.006398014613533275 -0.023972008635851545 -0.051510220773362383 0.013680383640719643 0.066676482207962129 0.061034522595430518 -0.0051612032966235604 -0.0058425470810917306 0.065421549979698776 0.050571862607334352 -0.0666889076544218 -0.011487166935550762 -0.066707490227781746 -0.066677716386434299 0.066677827175452301 0.06343256680347685 0.066710058280297649 -0.066673729291583481 -0.066669286093643393
leaf_weight=0.0024665531273058141 0.0037268840660544811 0.0029626443247252601 0.047098358410949004 0.0029119755017745766 0.051313025051967998 0.0043973457795800641 0.0014617579799960359 0.036388328767316125 0.001427457243153186 0.0010018025905083041 0.014500470781058539 0.0014300108014140269 0.0047109078932408011 0.0031107473278098041 0.0017422515084035695 0.0092981674933980685 0.02756871131896332 0.0021945244079688564 0.0022771553376514956 0.0026166177217419317 0.025125964604740147
leaf_count=14 30 18 276 20 442 18 8 326 8 28 103 14 22 37 2 108 389 17 8 64 1333
internal_value=0.000901454 0.0119919 0.00207273 -0.012631 -0.0237961 0.0375801 -0.0415729 0.0529268 0.00363881 -0.0597353 0.0504718 0.0594422 -0.0278877 0.0389685 -0.0515091 -0.0649514 0.0659438 0.0654749 0.0666803 -0.0666872 -0.0666716
internal_weight=0.249732 0.198025 0.163787 0.115824 0.0984114 0.0479631 0.0517062 0.0388549 0.0148185 0.0368877 0.0174124 0.0342385 0.00910825 0.00903216 0.00578633 0.0354259 0.0312759 0.00592141 0.0298459 0.00435887 0.0344241
internal_count=3285 1650 1221 841 718 380 1635 340 158 1477 123 429 40 84 74 1469 411 47 397 66 1441
is_linear=0
shrinkage=0.1


Tree=266
num_leaves=25
num_cat=0
split_feature=44 6 125 111 71 170 136 119 8 119 71 22 189 187 197 109 104 89 169 22 18 118 185 25
split_gain=0.0143563 0.0068539 0.00661505 0.00729668 0.00629114 0.00503594 0.00426065 0.0038409 0.00347114 0.00333267 0.00324263 0.00319124 0.00262219 0.00222125 0.00203995 0.00189822 0.00154714 0.000801326 9.34081e-05 2.48796e-05 6.98831e-06 9.80095e-11 4.58005e-11 4.98572e-13
threshold=1.1370776116198378 1.1934763764090139 0.62426305588462405 0.71031991582868137 0.67533097182410617 1.9038422897183127 1.2247631968442678 1.520003665080252 -1.225177387069907 0.1794213508239004 0.95843109754810629 -0.57274824411292913 0.99060473486889167 0.47572576541818162 -0.56704269994214618 1.3155253722784941 2.0132003248453181 1.606174341299683 0.23648089744466624 -1.2813509232772275 -0.0070455826613200273 -0.022454171325883732 1.314682713205207 -0.48544570004340376
decision_type=2 2 2 2 2 2 2 2 2 2 2 2 2 2 2 2 2 2 2 2 2 2 2 2
left_child=2 5 3 4 9 10 16 14 -4 -1 13 15 -8 -2 -7 -3 -5 22 -12 -10 -6 -21 -13 -9
right_child=1 11 8 6 20 7 12 23 19 -11 18 17 -14 -15 -16 -17 -18 -19 -20 21 -22 -23 -24 -25
leaf_value=-0.058247955339864349 -0.01877786034004772 -0.043745752639642012 0.017225687669927447 -0.05781837772541229 -0.066673874916876347 0.039250592731898112 -0.058041480251835469 0.066668982338997346 -0.050795574614351441 0.063015184460941634 -0.028620835630245284 -0.06667403876600167 0.05836442412490829 0.061194734067313752 -0.066243099298554278 0.066683404960658485 0.065469979207486567 -0.0081961694853006414 -0.066673323335674703 -0.066682324740481067 -0.057467824429973849 -0.06667179437356674 -0.066687768077212412 0.066671131003844378
leaf_weight=0.0025121276830759589 0.0036883397815472554 0.0023372380123873873 0.0057313809465995283 0.028437819174087053 0.0046904644063943124 0.0023316956412600129 0.0027408397927501937 0.0025815734861680548 0.0010135576430911888 0.023168904971498705 0.0010007802447944405 0.0065217593737543211 0.0065830316334540839 0.059511071244742197 0.0085706935865346168 0.0046605595634900965 0.0010556370098129255 0.0030246280039136772 0.0018150242326555599 0.014572868933555583 0.0010004391697293604 0.022461794661012391 0.0038726425409549847 0.0018565410318842623
leaf_count=111 20 29 33 664 174 15 31 67 14 132 15 104 34 666 52 34 2 15 33 251 47 708 9 25
internal_value=-0.000442448 0.0268556 -0.0248192 -0.00579208 0.0300728 0.0398559 -0.0347779 -0.0117558 -0.0553244 0.0511532 0.0518494 -0.0249472 0.0241458 0.0565275 -0.0436811 0.0298005 -0.0534056 -0.0534972 -0.0531489 -0.0662529 -0.0650555 -0.0666759 -0.0666792 0.0666699
internal_weight=0.215741 0.101773 0.113969 0.0701893 0.0313719 0.0813557 0.0388173 0.0153405 0.0437796 0.025681 0.0660152 0.0204168 0.00932387 0.0631994 0.0109024 0.0069978 0.0294935 0.013419 0.0028158 0.0380482 0.0056909 0.0370347 0.0103944 0.00443811
internal_count=3285 1084 2201 1195 464 893 731 159 1006 243 734 191 65 686 67 63 666 128 48 973 221 959 113 92
is_linear=0
shrinkage=0.1


Tree=267
num_leaves=27
num_cat=0
split_feature=7 92 27 88 33 6 115 87 7 182 170 74 10 67 184 60 29 187 86 36 185 160 104 19 162 134
split_gain=0.0125811 0.00834885 0.00643518 0.00509192 0.00447105 0.00345352 0.00336453 0.00287333 0.00269046 0.00271554 0.00255411 0.0021992 0.00131506 0.00100933 0.00131739 0.000983287 0.000552216 0.00105936 0.000415583 0.000334386 0.000138688 7.13842e-05 1.10106e-05 1.01482e-06 2.58081e-11 3.56937e-12
threshold=-0.59288237339655681 -0.81740472811885201 0.80596931924740656 0.19721231407439002 0.71285516052862674 0.48259444119988409 1.4125180193564284 0.11750156894004359 0.23731064709030655 0.3260917547508082 1.5288977961038104 0.63140970438192145 0.50504212304387741 -0.38259386658423306 0.62651026279441968 0.10022906628285212 0.22010803631230264 0.80591905713849166 -0.44592977706894715 -0.57590334358688644 0.87392509452698208 1.0000000180025095e-35 2.1371876394065081 0.48173105218242357 2.495819590644166 0.37379094595637502
decision_type=2 2 2 2 2 2 2 2 2 2 2 2 2 2 2 2 2 2 2 2 2 2 2 2 2 2
left_child=4 8 5 10 16 15 -7 20 13 -10 -4 -5 -9 19 -15 -3 22 -18 -11 -2 -6 -14 24 -19 -1 -22
right_child=1 2 3 11 7 6 -8 12 9 18 -12 -13 21 14 -16 -17 17 23 -20 -21 25 -23 -24 -25 -26 -27
leaf_value=-0.066671405568990594 -0.012489692951033986 0.018432154882104767 -0.061130582396903166 -0.038132018788090444 -0.0250197885718705 0.053360088703704928 -0.060089585884493306 -0.02867301459694347 -0.066674448173744058 0.014592837456595308 0.029306764228309485 0.050685790204099218 0.044499001479912502 0.047051337295979156 -0.060947896325621913 -0.064995096337572777 0.033953357105247897 -0.062766540713596747 0.061941917175708378 -0.065778896114671581 -0.066670416838378599 0.066677707323503324 -0.056040437010045213 -0.066676313446569879 -0.066686873149820511 -0.066677175960124929
leaf_weight=0.030019066455679422 0.0012718868265437768 0.0023931929254104025 0.015436033798323479 0.0035184392263545297 0.0010158488294109711 0.069783261520569795 0.0027158044667885397 0.002222996996351867 0.0032348033555535949 0.0031364594333354034 0.0039147890247477326 0.013425350877696474 0.0020924839182043797 0.0021872668453397628 0.0023354346817541227 0.0034484111056372058 0.0016814057180454247 0.0010005786643887404 0.0045323420663407887 0.015871288709149667 0.002641977283929009 0.0047352830752060981 0.0010055963070954013 0.0019728213783309911 0.0011189339443262716 0.0011093451339547755
leaf_count=982 28 18 135 39 9 1067 19 36 38 19 37 91 28 17 80 25 19 22 22 350 70 38 46 28 14 8
internal_value=-0.000458353 0.0143296 0.0270236 -0.00778558 -0.0434653 0.0431504 0.0491103 0.00503586 -0.0303497 0.0101648 -0.0428346 0.0322425 0.0381306 -0.0507391 -0.00871736 -0.0308166 -0.0616777 -0.0294865 0.0425766 -0.0618253 -0.0577965 0.0598807 -0.0663394 -0.0653606 -0.066672 -0.0666724
internal_weight=0.197821 0.147205 0.114635 0.0362946 0.0506163 0.0783407 0.0724991 0.0138179 0.0325695 0.0109036 0.0193508 0.0169438 0.00905076 0.0216659 0.0045227 0.0058416 0.0367984 0.00465481 0.0076688 0.0171432 0.00476717 0.00682777 0.0321436 0.0029734 0.031138 0.00375132
internal_count=3285 1985 1431 302 1300 1129 1086 189 554 79 172 130 102 475 97 43 1111 69 41 378 87 66 1042 50 996 78
is_linear=0
shrinkage=0.1


Tree=268
num_leaves=21
num_cat=0
split_feature=135 20 33 69 44 166 89 12 195 145 87 198 192 86 65 125 38 62 37 85
split_gain=0.0106434 0.0124525 0.00861027 0.00819066 0.00545917 0.00497772 0.00436694 0.00407351 0.00336518 0.00285772 0.00271068 0.00208725 0.0019426 0.00183565 0.00137357 0.000660035 0.000579825 0.000496925 9.1649e-11 3.42791e-11
threshold=-1.2412439768614789 -0.79736367449433898 -0.34681122592944286 -0.091269165667718574 1.4833839764555681 0.67047460606240594 1.606174341299683 -0.28394533929426741 0.7844737667647671 -0.37135354929046727 1.2651764429463734 0.82988639019871135 0.19512465301163728 1.822157999307408 1.1908453107323025 0.23472145206877126 0.35714476153035896 0.37693175779374227 -0.83593948743679947 0.48268243194819582
decision_type=2 2 2 2 2 2 2 2 2 2 2 2 2 2 2 2 2 2 2 2
left_child=6 4 3 9 8 12 10 -7 13 -3 15 -10 -4 -2 19 -1 -17 -5 -8 -6
right_child=1 2 5 17 14 7 18 -9 11 -11 -12 -13 -14 -15 -16 16 -18 -19 -20 -21
leaf_value=-0.0026766680804635409 0.060343127191138372 0.053851273531757671 0.011890156931605758 0.022026119470976886 -0.066674055003117724 0.041761827867143941 -0.066711499064092572 -0.066674293896161238 -0.066687305659727969 -0.042144361312704347 -0.028540875794702793 0.041313211686956834 -0.062460750897753062 -0.028275763318041498 0.032630542283629403 0.0087505921897687473 0.066638592261432081 0.064775760840583174 -0.066677121174471318 -0.066690031027195076
leaf_weight=0.0015596046323480542 0.03682905932146241 0.0036036349083587984 0.0037224235315989054 0.00327922289034177 0.0045372656718427606 0.010155541230233212 0.0012558889575302601 0.0052579929219973573 0.0040823512645147267 0.022238115516302059 0.0037074541105539529 0.0031860232556937262 0.062785205091131502 0.0024958304747997309 0.0017766707032933482 0.0018210980069852658 0.03470128986191412 0.015919109034257417 0.0020272486426620153 0.0019077535152973724
leaf_count=23 383 28 36 29 68 45 2 97 45 99 21 42 1736 11 13 18 457 79 39 14
internal_value=0.000860925 -0.00992506 -0.0271229 0.00799843 0.0299083 -0.0464326 0.0443604 0.0047712 0.0431649 -0.0287578 0.053085 -0.0193463 -0.0582993 0.0547188 -0.0452185 0.0610316 0.0637522 0.0574738 -0.0666903 -0.0666788
internal_weight=0.226849 0.181776 0.126961 0.0450401 0.054815 0.0819212 0.0450726 0.0154135 0.0465933 0.0258418 0.0417894 0.00726837 0.0665076 0.0393249 0.00822169 0.038082 0.0365224 0.0191983 0.00328314 0.00644502
internal_count=3285 2725 2149 235 576 1914 560 142 481 127 519 87 1772 394 95 498 475 108 41 82
is_linear=0
shrinkage=0.1


Tree=269
num_leaves=17
num_cat=0
split_feature=119 44 7 167 111 47 162 71 71 7 87 134 71 44 93 118
split_gain=0.0127348 0.00969343 0.00749337 0.0070385 0.00736276 0.00251553 0.00242494 0.0019037 0.00187695 0.00231879 0.000751842 0.000746707 0.000336937 0.000332844 1.09359e-05 8.92124e-06
threshold=1.574039241133643 1.7894057427799492 -0.44313843823558313 0.012840222366094918 1.0149803251266922 1.2891764530769494 1.0000000180025095e-35 1.3423392527232372 0.0077361636277113776 -0.081284236550152378 2.1106021501578209 0.61868788795800311 0.60206627498064658 0.69939206608780891 -0.69680845597302754 0.53003006387806484
decision_type=2 2 2 2 2 2 2 2 2 2 2 2 2 2 2 2
left_child=1 2 3 4 -1 12 -5 10 9 -4 13 -10 14 -2 -3 -15
right_child=7 5 8 6 -6 -7 -8 -9 11 -11 -12 -13 -14 15 -16 -17
leaf_value=0.044862652472070337 0.012164709612616616 0.056758973099660485 0.019305342475603834 -0.064899153530325424 -0.028235080356448672 -0.03597832746970471 -0.0027518416866449901 -0.066669941601132321 -0.066427068344823842 -0.066682384840160577 -0.0060928312108855867 -0.01211831682714307 0.025704463876251735 0.066675403825595267 0.066684509581069237 0.057071783267838405
leaf_weight=0.035027529942453839 0.0011799127860285799 0.0011913211310456964 0.0071246706124838965 0.019218437751987949 0.022715561141012586 0.0030758134944335316 0.0093248642724574893 0.0012184232682557186 0.036840663477960334 0.0056019049488895689 0.001600741525180637 0.0027185068342987498 0.0023538751047453834 0.028063983444553742 0.016274010028610064 0.0010018166167355949
leaf_count=257 12 10 76 363 272 29 94 30 1190 167 6 52 19 545 141 22
internal_value=-0.000537844 -0.0121161 -0.0220754 -0.00397361 0.0161067 0.0481627 -0.0445961 0.0560027 -0.0519485 -0.0185442 0.060696 -0.062695 0.0612208 0.0642308 0.0660075 0.0663444
internal_weight=0.194532 0.161467 0.138572 0.0862864 0.0577431 0.022895 0.0285433 0.0330649 0.0522857 0.0127266 0.0318465 0.0395592 0.0198192 0.0302457 0.0174653 0.0290658
internal_count=3285 2670 2471 986 529 199 457 615 1485 243 585 1242 170 579 151 567
is_linear=0
shrinkage=0.1


Tree=270
num_leaves=22
num_cat=0
split_feature=119 162 192 185 81 63 160 7 72 52 27 65 194 78 19 89 71 111 54 156 93
split_gain=0.0114385 0.00997711 0.00697288 0.00504494 0.00402505 0.00306107 0.00421209 0.00279368 0.00265135 0.00229444 0.00214327 0.00211958 0.00198469 0.00172063 0.00143479 0.0005959 0.000357215 0.000150499 1.55805e-06 3.01085e-11 1.34665e-11
threshold=0.16661278146608785 0.76983163209898486 0.14255963176772599 1.1289461455440766 0.13663087599285337 1.414255062059848 -0.46488048361001511 -0.78730436343755827 2.7619550845860323 1.7401216638612911 0.19392363597913234 1.3828680700003806 1.0000000180025095e-35 0.71324291313440125 0.57634025678647682 0.38007743261061949 0.57573232112613726 0.5030552330669138 0.23059486232692897 1.0000000180025095e-35 0.38052300124804855
decision_type=2 2 2 2 2 2 2 2 2 2 2 2 2 2 2 2 2 2 2 2 2
left_child=2 5 10 9 17 14 19 -6 16 13 -1 -9 -8 -3 15 -2 -5 -4 -12 -7 -20
right_child=1 3 4 8 7 6 12 11 -10 -11 18 -13 -14 -15 -16 -17 -18 -19 20 -21 -22
leaf_value=0.036331326860732129 0.013650438256482073 -0.04955817994082648 -0.025155385512992279 -0.066670689805017683 -0.037186236575278697 -0.06668924890557236 -0.032736247404333285 0.060793497277435264 0.039766483894060678 -0.026339629865226984 -0.062480393731554763 -0.049979463797688695 0.053226011374593957 0.061650914617227819 0.018848187228421662 -0.063799469179081331 -0.0036002073596552459 -0.066678581396854106 -0.066681120474226488 -0.066671568020458191 -0.06667215728919014
leaf_weight=0.0026840047889891147 0.0010163214519707245 0.0014847294196442809 0.0013006860954192226 0.0085813363648412633 0.0033484062396382788 0.0011105327507721086 0.0039740350175634384 0.050735839663502702 0.0036818641237914571 0.0041072498497669576 0.001004139194265008 0.0017882382553580092 0.0082855538730655098 0.022098308588283544 0.0023041428285068824 0.044078845160584024 0.0010029564064097949 0.002653817163718486 0.0025323321196992765 0.0072557166654405592 0.0049581028420107032
leaf_count=24 26 27 17 336 31 11 66 750 37 25 25 24 74 345 34 1009 17 34 12 259 102
internal_value=-0.000301746 -0.0206503 0.0309299 0.0183438 0.0444757 -0.0441278 -0.0119704 0.0513763 -0.032362 0.0426365 -0.0415663 0.0570221 0.0253607 0.0546495 -0.0581212 -0.062054 -0.0600706 -0.0530211 -0.0661793 -0.0666739 -0.0666752
internal_weight=0.179987 0.108982 0.0710056 0.0409564 0.059827 0.0680251 0.0206258 0.0558725 0.0132662 0.0276903 0.0111786 0.0525241 0.0122596 0.023583 0.0473993 0.0450952 0.00958429 0.0039545 0.00849457 0.00836625 0.00749043
internal_count=3285 2266 1019 787 856 1479 410 805 390 397 163 774 140 372 1069 1035 353 51 139 270 114
is_linear=0
shrinkage=0.1


Tree=271
num_leaves=20
num_cat=0
split_feature=24 38 122 189 70 43 92 89 92 119 13 11 39 60 149 197 37 41 162
split_gain=0.00950962 0.00831016 0.00797149 0.00606623 0.00432597 0.00411207 0.00376876 0.00366179 0.00364648 0.00332371 0.00321289 0.00214345 0.00144502 0.000984252 0.000276439 8.42874e-05 1.02467e-10 2.86971e-11 8.65804e-12
threshold=-0.51581664293440455 0.7700252468544746 1.0054106033307864 1.860215057044645 -0.42986992191348944 0.45932782623638696 -0.28137982620799973 1.606174341299683 -0.80818637710447161 1.0000000180025095e-35 0.43803109061912698 -0.88920827750735809 -0.89875619920593763 -0.31618867682045998 0.81736225062637935 -0.25345662791892659 -0.91511717793816405 1.0916201337878182 0.19450231258392425
decision_type=2 2 2 2 2 2 2 2 2 2 2 2 2 2 2 2 2 2 2
left_child=10 2 5 4 -4 8 7 13 -2 -8 15 -7 -12 -3 -11 16 -1 -18 -5
right_child=1 6 3 18 -6 11 9 -9 -10 14 12 -13 -14 -15 -16 -17 17 -19 -20
leaf_value=-0.06668843964719938 0.059444989010180839 -0.021108500068009024 0.051786978252988891 -0.066675590318860736 -0.0041486110981140091 0.010856269195429145 -0.066701381165393772 -0.066691756390903134 -0.033463978903872094 0.0098860899639717226 0.066682055941974364 -0.058803289074751047 -0.046335436675217022 0.064325445909855575 0.06667676967766982 -0.037065041893916018 -0.066670313739890713 -0.066686614135195443 -0.066668485160921109
leaf_weight=0.0041915491565305265 0.0077575013547175322 0.0013948501846243735 0.035253360456863447 0.0046001563023310146 0.022748151174255327 0.0050644796529013538 0.0053695588940172456 0.0023538318682767559 0.0092750438848270278 0.0011794246274803299 0.0029777317058687913 0.034564873629733484 0.0018244710031467539 0.04056606392350659 0.0031366025141323917 0.0010011526965172371 0.018883575045492762 0.0011455638973529849 0.0027345151620465913
leaf_count=14 71 11 257 39 271 64 10 14 138 11 19 655 66 580 41 14 854 8 148
internal_value=0.000791918 0.00966561 -0.00479118 0.0190135 0.0298491 -0.03224 0.0423265 0.0546772 0.00885157 -0.0141818 -0.0512249 -0.0499011 0.023744 0.0614855 0.0511578 -0.0654989 -0.0666742 -0.0666712 -0.0666729
internal_weight=0.206022 0.175998 0.121998 0.0653362 0.0580015 0.0566619 0.0540003 0.0443147 0.0170325 0.00968559 0.030024 0.0396294 0.0048022 0.0419609 0.00431603 0.0252218 0.0242207 0.0200291 0.00733467
internal_count=3285 2310 1643 715 528 928 667 605 209 62 975 719 85 591 52 890 876 862 187
is_linear=0
shrinkage=0.1


Tree=272
num_leaves=22
num_cat=0
split_feature=3 47 145 72 24 7 20 63 89 73 7 6 162 6 44 44 89 116 26 52 93
split_gain=0.0115587 0.00665294 0.00623001 0.00492212 0.0048289 0.00395026 0.00342797 0.0032705 0.00301436 0.00263957 0.00252604 0.00226687 0.00224936 0.0013391 0.00151412 0.00131204 0.000286913 1.83802e-05 2.65551e-11 1.67651e-11 1.48207e-11
threshold=1.2125974755194091 1.2930759352824681 -0.12550479993541475 2.4846827434733831 -0.57230827285767483 -1.1885902904357046 -0.79736367449433898 1.3804973823418936 1.6951629022409025 0.88037374256467638 -0.04192068240348483 1.3149128449061713 0.19450231258392425 0.4291277130964129 0.74739862423933323 1.806778941548852 1.5187990073809321 -0.008085182247026609 1.4098768161697588 -1.4774642468478703 0.85683440124724364
decision_type=2 2 2 2 2 2 2 2 2 2 2 2 2 2 2 2 2 2 2 2 2
left_child=4 2 7 11 10 6 18 12 -5 -3 17 -4 -2 14 -7 -15 20 -1 -6 -19 -11
right_child=1 9 3 8 5 13 -8 -9 -10 16 -12 -13 -14 15 -16 -17 -18 19 -20 -21 -22
leaf_value=0.055051210822740587 -0.063570945557455266 0.045667602618298067 0.058338908062277699 -0.06669580235225861 -0.066670078041766848 -0.066673626232430547 0.066691367478071056 0.051014541504880322 0.0666703691228792 -0.066674277729710671 -0.066668371076990571 -0.0079589469858919095 0.033521488757294104 -0.061506716045297775 0.057999382107475683 0.032637725196373854 -0.030080125784622436 0.066683994986231995 -0.066690073383369228 0.066672330561664606 -0.066682678518250105
leaf_weight=0.0018488066125428304 0.011698550411892938 0.0029443671865010393 0.059256883670059324 0.0059920467065239791 0.0019599264019234397 0.001761825758876511 0.0055076944336178713 0.004839307975544215 0.0023631092835785239 0.0074634748334574397 0.0018911227602984582 0.0056490197903258368 0.0029974719718666174 0.045365799056526157 0.0021788101366837509 0.0015302659903682061 0.0026989626912836693 0.0020471161260502413 0.0010046436746051768 0.0030953421028243611 0.002922328833847132
leaf_count=16 88 23 793 22 61 44 14 30 55 81 109 50 21 1762 12 24 18 7 4 36 15
internal_value=-0.000614871 0.0196129 0.029889 0.0432689 -0.032896 -0.0431943 0.0200239 -0.020288 -0.0289755 -0.0398782 0.035867 0.0525687 -0.0437675 -0.05373 0.00225911 -0.0584347 -0.059128 0.0636026 -0.0666769 0.066677 -0.0666766
internal_weight=0.177017 0.108826 0.0927964 0.0732611 0.0681914 0.059309 0.00847226 0.0195353 0.00835516 0.0160291 0.00888239 0.0649059 0.014696 0.0508367 0.00394064 0.0468961 0.0130848 0.00699126 0.00296457 0.00514246 0.0103858
internal_count=3285 1196 1059 920 2089 1921 79 139 77 137 168 843 109 1842 56 1786 114 59 65 43 96
is_linear=0
shrinkage=0.1


Tree=273
num_leaves=20
num_cat=0
split_feature=160 134 110 7 65 92 39 194 78 160 66 7 119 162 32 27 182 36 187
split_gain=0.0101636 0.00736817 0.00477834 0.00460562 0.00377862 0.00337585 0.00293852 0.00250973 0.00262672 0.00227651 0.00218418 0.00200068 0.00166222 0.001377 0.00106525 0.000218982 0.000176747 5.82153e-05 1.20995e-10
threshold=-0.46488048361001511 -0.48334835104932322 0.16728519437757575 -0.11105157344577153 1.5402017124666274 -0.78393374116828707 -0.75525005922067179 1.0000000180025095e-35 0.92392612575534327 1.0000000180025095e-35 2.3705453025350978 -0.35099694908730356 0.7108672136279528 0.19450231258392425 -0.30890235047575892 0.79529106112752868 -0.19634601444245589 -1.0480554749176891 0.26061520488785594
decision_type=2 2 2 2 2 2 2 2 2 2 2 2 2 2 2 2 2 2 2
left_child=2 3 -1 7 5 11 15 16 -9 -8 14 -3 -7 18 -4 -5 -2 -16 -6
right_child=1 4 10 6 13 12 9 8 -10 -11 -12 -13 -14 -15 17 -17 -18 -19 -20
leaf_value=0.035927630002532678 -0.023196411550696058 -0.06357637329812442 0.015298725731477933 -0.013930389641420163 -0.066706181040401782 0.063673241402341541 0.064304995155191627 -0.05135957235490083 0.020382920953501988 -0.019738974845217166 0.051505570621020014 0.034879608721480319 0.0099857953404739255 0.039746676751430683 -0.042502634591372185 -0.066673520597010802 -0.066677235196882303 -0.066673575099357882 -0.066671857640742335
leaf_weight=0.0066434723339625626 0.0010004597315855799 0.004004903792974801 0.0016988055012916439 0.0010858813398044722 0.0016618748195469371 0.041960698840739497 0.01299464134444861 0.0089490532182026072 0.011876001943619485 0.0042859959357883773 0.0017859329409475313 0.00425857238133176 0.0066857600822913801 0.0016869851242518052 0.0010287333070664309 0.0028617416351153224 0.014262513107041741 0.031740740720579197 0.0026885738966484496
leaf_count=27 16 74 18 13 2 883 145 251 198 56 9 30 89 24 22 41 319 1015 53
internal_value=-0.000248761 0.0146573 -0.042038 -0.0112822 0.0382764 0.0462565 0.0256776 -0.0330232 -0.0104466 0.0434602 -0.056325 -0.0128372 0.0562947 -0.0369457 -0.0619121 -0.0521654 -0.0638271 -0.0659148 -0.066685
internal_weight=0.163161 0.120264 0.0428977 0.0573163 0.0629474 0.0569099 0.0212283 0.036088 0.0208251 0.0172806 0.0362542 0.00826348 0.0486465 0.00603743 0.0344683 0.00394762 0.015263 0.0327695 0.00435045
internal_count=3285 2194 1091 1039 1155 1076 255 784 449 201 1064 104 972 79 1055 54 335 1037 55
is_linear=0
shrinkage=0.1


Tree=274
num_leaves=24
num_cat=0
split_feature=11 33 135 69 44 135 166 12 86 24 35 161 6 192 19 53 24 195 97 49 69 39 113
split_gain=0.00857407 0.0103582 0.0046714 0.00463952 0.00443288 0.00388303 0.00382382 0.00306603 0.00291554 0.0025516 0.00205116 0.00181777 0.00154053 0.00128448 0.00108619 0.000794927 0.000640405 0.000353546 0.000226124 0.000174353 1.12128e-05 5.18795e-07 2.63622e-11
threshold=-0.83675867712304408 -0.34681122592944286 -1.2412439768614789 -0.091269165667718574 1.7108481257194657 -1.2412439768614789 0.67047460606240594 -0.28394533929426741 1.7085740077086962 -0.35717773779447504 -0.9044148023220796 0.3585812058125703 1.5131346049558221 0.94982584972464479 0.49494619365433262 -1.4991734364219786 -0.50780447208067903 1.1248542989803252 0.16389001721864879 -1.4996579883727201 -0.25415645578584017 -0.35802678668568438 1.1210379512299908
decision_type=2 2 2 2 2 2 2 2 2 2 2 2 2 2 2 2 2 2 2 2 2 2 2
left_child=4 3 9 5 8 19 12 -8 14 16 -7 18 -4 -10 17 -6 -3 -1 -5 -2 -17 -15 -22
right_child=1 2 6 11 15 10 7 -9 13 -11 -12 -13 -14 21 -16 20 -18 -19 -20 -21 22 -23 -24
leaf_value=0.065648519986608297 0.021630297788727371 0.0008187280630013124 -0.057352186969764109 0.021221046735003749 0.031681600568249861 0.039471135872869878 0.039647793457022712 -0.062326462006712359 0.065126775020383873 -0.042607315863313219 -0.038892122753308264 -0.023250074087030947 0.024850425890468684 -0.063872647135525387 0.0012305616401202596 -0.054680430995134227 0.064235335148650041 0.013058518612114149 0.066070610178380992 0.066671717454214255 -0.06668941317216559 -0.066679179801839253 -0.066671535519969238
leaf_weight=0.032320526815965422 0.0010008447743530269 0.0020421810222615031 0.056859986658764683 0.0011873878993355893 0.0010762510137283243 0.004083682216332817 0.0087843468681967352 0.0044381199836607274 0.001008871443445968 0.0043440192221169136 0.018346842170103628 0.0026961107578244983 0.0023750423511046384 0.0010010466398853168 0.0030483252517115025 0.001002676135613001 0.0072298397353733881 0.0013309620380823608 0.021113772777425766 0.0060819051623184342 0.0013366408124966247 0.0019256723198850523 0.002154079835236189
leaf_count=510 13 34 1770 7 5 41 47 98 22 34 96 32 49 12 39 11 62 13 188 112 8 37 45
internal_value=0.000780219 -0.0115025 -0.0331038 0.0226065 0.0381518 -0.00424285 -0.0432027 0.00542014 0.049619 0.0206371 -0.0246254 0.0543064 -0.0540563 -0.0321774 0.0583907 -0.0455119 0.0502677 0.0635685 0.0636827 0.060307 -0.0640011 -0.0657192 -0.0666784
internal_weight=0.186789 0.140584 0.0860735 0.0545105 0.0462051 0.0295133 0.0724575 0.0132225 0.0406354 0.013616 0.0224305 0.0249973 0.059235 0.00393559 0.0366998 0.00556965 0.00927202 0.0336515 0.0223012 0.00708275 0.0044934 0.00292672 0.00349072
internal_count=3285 2583 2094 489 702 262 1964 145 633 130 137 227 1819 71 562 69 96 523 195 125 64 49 53
is_linear=0
shrinkage=0.1


Tree=275
num_leaves=21
num_cat=0
split_feature=44 24 7 47 6 67 24 7 145 109 117 3 134 71 8 155 186 59 70 90
split_gain=0.0103952 0.00515587 0.00591203 0.00483988 0.00349651 0.00327322 0.00372083 0.00280135 0.00299844 0.00285759 0.00218516 0.00279512 0.00166687 0.000879927 0.000705928 9.20231e-05 5.37324e-05 3.52542e-05 7.86375e-07 5.40655e-11
threshold=1.1370776116198378 -0.57230827285767483 -0.8894994128545185 1.2930759352824681 1.4758889347639157 -0.21106214919396551 -0.26767120706457564 -0.44313843823558313 -0.23025079714227847 1.3155253722784941 -0.72627513271870414 1.2640435344114482 -0.48334835104932322 -0.026712024213345228 1.1517983871306761 0.007438530641778668 0.55140090296747446 -1.8411327102673078 -0.20765361119627293 1.5399233023374859
decision_type=2 2 2 2 2 2 2 2 2 2 2 2 2 2 2 2 2 2 2 2
left_child=1 12 5 4 7 6 -3 8 -2 -9 11 -4 16 -5 -12 -7 -1 -15 -18 -19
right_child=3 2 10 13 -6 15 -8 9 -10 -11 14 -13 -14 17 -16 -17 18 19 -20 -21
leaf_value=0.04272447087188614 -0.020368197315374148 0.051261419673677436 -0.055852129113490447 0.015250305300687604 -0.062204201589211583 -0.035262371527471664 -0.066669539837000233 -0.034763152996327013 0.062627568682025334 0.045888198611601178 -0.063567127221196437 0.061052971446145389 -0.040521824747391431 -0.04644269196567756 0.011970526775138492 -0.066676591865769186 0.063771090505660641 -0.066672151806467225 0.06667769816958348 -0.066693899695673214
leaf_weight=0.001133681025748956 0.0048720476179369135 0.01437813265238219 0.0047460443042837142 0.0018275849224664853 0.003480832257992005 0.001199128661028225 0.0032869889819266982 0.0085196305267345451 0.040854661549019511 0.0090702121933645685 0.042224088901775758 0.0035938794826506637 0.0019323391825309963 0.0010253596792608732 0.0012745249782710735 0.0041935989911507932 0.0011084590078098699 0.0037167967525419954 0.0058075293400179362 0.00165081478189677
leaf_count=16 24 91 237 18 29 10 149 117 640 147 1399 10 102 12 45 60 16 94 66 3
internal_value=-0.000657602 -0.0246283 -0.033626 0.0264638 0.0353744 0.00850046 0.0293177 0.0407388 0.0537846 0.00682476 -0.0523639 -0.00547483 0.0428826 -0.0459404 -0.0613538 -0.0596913 0.062904 -0.0634332 0.0662118 -0.0666788
internal_weight=0.159896 0.0848784 0.0748964 0.0750179 0.0667974 0.0230578 0.0176651 0.0633166 0.0457267 0.0175898 0.0518385 0.00833992 0.00998201 0.00822056 0.0434986 0.00539273 0.00804967 0.00639297 0.00691599 0.00536761
internal_count=3285 2201 2001 1084 957 310 240 928 664 264 1691 247 200 127 1444 70 98 109 82 97
is_linear=0
shrinkage=0.1


Tree=276
num_leaves=21
num_cat=0
split_feature=185 161 119 192 170 162 3 156 48 87 168 107 137 197 14 178 134 72 92 167
split_gain=0.00928904 0.00769052 0.00529339 0.00540251 0.00504466 0.00338199 0.00295163 0.0022333 0.00216761 0.00215778 0.002114 0.00169492 0.00159306 0.00125496 0.000548725 0.001255 0.00052844 0.000164494 4.09198e-05 2.33431e-06
threshold=0.95152853928733383 0.3585812058125703 0.1794213508239004 0.36221088388324002 1.9038422897183127 0.48216698276929837 0.03557615676453247 0.36007366868112411 1.5334559820484237 1.0899911230466353 0.79945276059647641 1.0133929297325774 1.9072093472858185 -0.21517224631470119 -0.22567198739260746 1.0517252075461079 -1.3404876480550212 1.7294316160897658 -0.9807677872772661 1.249451362130803
decision_type=2 2 2 2 2 2 2 2 2 2 2 2 2 2 2 2 2 2 2 2
left_child=1 2 3 6 8 12 -1 -7 14 11 -5 -6 -4 16 15 -2 -3 -13 -18 -16
right_child=4 13 5 10 9 7 -8 -9 -10 -11 -12 17 -14 -15 19 -17 18 -19 -20 -21
leaf_value=0.056237625633271587 -0.059217983549409804 -0.0026529618830833054 -0.059328634643411288 0.061569789700793992 0.063661914535831296 -0.06667464392838017 -0.048428266665885698 0.066161995978318483 0.041941191472855965 0.058929813603026605 -0.025858594577777078 -0.020609031159712493 0.066691174904992115 -0.025548838353427406 -0.066672488560816326 0.06140184933373323 0.046276162417871393 -0.066669983400151928 0.066590392017911657 -0.061766224695003626
leaf_weight=0.003479587850961253 0.0035001173632736018 0.0011724932946890467 0.020884475407910941 0.021798294836116838 0.0016066359694377752 0.0017460330564063034 0.011939024109324237 0.0046001436003280105 0.0021591072427327154 0.006432478178794554 0.0031675612463004646 0.0010021531270467676 0.0010537388916418413 0.0016867107015059437 0.028105882525323977 0.0011447075867181411 0.001028895247145555 0.0034254764937031723 0.027349454375325877 0.0010043999836852882
leaf_count=17 90 19 471 276 14 29 204 103 25 38 49 27 5 40 989 8 4 113 685 79
internal_value=-0.000205994 0.017211 -0.00150182 0.0217337 -0.036172 -0.0346776 -0.0248078 0.0296145 -0.0551969 0.0186349 0.0504772 -0.0243192 -0.0532756 0.0583471 -0.0614103 -0.0294915 0.0631357 -0.0562445 0.0658539 -0.0665032
internal_weight=0.148287 0.0999064 0.0686689 0.0403845 0.048381 0.0282844 0.0154186 0.00634618 0.0359142 0.0124667 0.0249659 0.00603427 0.0219382 0.0312376 0.0337551 0.00464482 0.0295508 0.00442763 0.0283783 0.0291103
internal_count=3285 1902 1154 546 1383 608 221 132 1191 192 325 154 476 748 1166 98 708 140 689 1068
is_linear=0
shrinkage=0.1


Tree=277
num_leaves=21
num_cat=0
split_feature=162 167 20 166 192 126 172 20 178 114 128 40 127 11 166 13 165 53 165 37
split_gain=0.00777175 0.00627899 0.00575362 0.00518959 0.00544402 0.00318522 0.00386197 0.00286099 0.00202071 0.00155259 0.00146148 0.000995583 0.000812952 0.000297487 0.000154861 3.78663e-05 1.98258e-05 9.90383e-07 6.14051e-11 1.66505e-11
threshold=0.19450231258392425 0.81824013061367962 -0.79736367449433898 1.2806612040269758 0.59403611453607719 0.28892683905801864 1.4335201229176651 -0.82585457421852493 0.2776773441345603 -1.7484468524361068 0.054833314399054082 0.25130847226846326 0.24163943859439552 -1.0080681284056714 1.3705976495592944 -0.297147177994043 -1.0019285086292424 0.3721163697969822 -1.0677515390905434 -0.57276849715378497
decision_type=2 2 2 2 2 2 2 2 2 2 2 2 2 2 2 2 2 2 2 2
left_child=1 2 5 4 -4 16 -7 8 12 -9 -5 -3 17 -10 19 -13 -1 -2 -17 -11
right_child=7 11 3 10 -6 6 -8 9 13 14 -12 15 -14 -15 -16 18 -18 -19 -20 -21
leaf_value=0.052472750056047061 0.066674136569498929 -0.0074219110921551271 0.0059627114504937281 -0.041332618485272588 -0.050710907124528318 -0.04657077216229262 0.058094921375267818 0.059964751652430481 -0.0050138080732487801 -0.066674910632055898 0.063894893617050766 0.046879440217796602 -0.010214858671587801 -0.066683046676208835 -0.026583116418881926 0.066689057568824664 0.066674057334969491 0.063444022204802095 0.066673159398281362 -0.066668562414041052
leaf_weight=0.0010442958982821429 0.0025202787128364434 0.0020420828077476463 0.033095585776209191 0.0015233326448651505 0.034742496741728246 0.0075505434306251118 0.0066128610906162066 0.0010385590176156248 0.0010453251670696773 0.0054403112731051797 0.0098826512785308296 0.0010153708026336963 0.0021879654514123104 0.0031078465231075825 0.0010065759311146385 0.0028303629096626494 0.016761127957579447 0.0015227344611048466 0.017151977227513274 0.017175856583435234
leaf_count=10 30 18 276 16 442 58 40 9 42 75 107 8 37 32 23 19 272 17 384 1370
internal_value=0.000774716 0.0117215 0.00187813 -0.0125687 -0.023062 0.0376889 0.0022974 -0.0411605 0.00287114 -0.0597009 0.0498412 0.0592355 0.0388857 -0.0511613 -0.064962 0.0657182 0.0658411 0.0654576 0.0666754 -0.0666701
internal_weight=0.169298 0.134253 0.111213 0.0792441 0.0678381 0.0319688 0.0141634 0.0350455 0.0103842 0.0246613 0.011406 0.0230398 0.00623098 0.00415317 0.0236227 0.0209977 0.0178054 0.00404301 0.0199823 0.0226162
internal_count=3285 1650 1221 841 718 380 98 1635 158 1477 123 429 84 74 1468 411 282 47 403 1445
is_linear=0
shrinkage=0.1


Tree=278
num_leaves=18
num_cat=0
split_feature=71 44 32 24 144 7 180 5 7 120 172 118 59 22 185 45 40
split_gain=0.00947404 0.00782622 0.00507305 0.00465768 0.00380602 0.00371163 0.00227926 0.00144336 0.00131261 0.00122655 0.000690116 0.000559549 0.000292201 0.000292069 1.39928e-05 3.99565e-11 6.55195e-12
threshold=0.7204561883995898 0.71773846693429899 -0.42263960782612081 -0.57230827285767483 -0.19673070160282938 -0.44313843823558313 0.27071526593348283 1.6990136761572299 -0.20640608489787407 1.9350023845686759 0.72065924535526726 -0.94166154406683877 -1.732085510017167 -1.2331498852287155 1.6329035001691905 2.2919216781718608 0.76666811005234792
decision_type=2 2 2 2 2 2 2 2 2 2 2 2 2 2 2 2 2
left_child=1 3 10 8 6 -6 -4 13 16 11 -3 -2 -13 -5 -14 -12 -1
right_child=9 2 4 7 5 -7 -8 -9 -10 -11 15 12 14 -15 -16 -17 -18
leaf_value=0.066671319886855346 0.0032459514074164256 0.022675050419063598 0.034368155634807336 -0.011865653455793755 0.053955437314164703 0.0030384354612555588 -0.062460843280088635 0.059770883376783115 -0.048044457230886038 0.049022102720941138 -0.066674554764274294 -0.026864896615797874 -0.066670602395057219 -0.065267946263263363 -0.054588754930148559 -0.066692625281567705 0.066678878367116196
leaf_weight=0.0028349039630484185 0.0013579691039922173 0.0010018690968536239 0.0039865777898739907 0.001080646333321055 0.054022505189095682 0.019478649442589813 0.0062300202689584694 0.0010131564631592474 0.0012617171137208052 0.0010921332795987828 0.0046345760601980146 0.0020754240463247654 0.020976493827674862 0.019591485316141188 0.0010045066337625022 0.0016625721473246813 0.0019259735163359437
leaf_count=41 28 30 49 22 723 309 54 7 82 21 98 32 1101 658 18 3 9
internal_value=-0.000692769 0.0113755 0.0255414 -0.0351579 0.0325125 0.0404618 -0.0246776 -0.0567648 0.0426411 -0.0547473 -0.0544145 -0.0592065 -0.0627319 -0.0624763 -0.0661185 -0.0666793 0.0666744
internal_weight=0.145231 0.118725 0.0910168 0.0277079 0.0837178 0.0735012 0.0102166 0.0216853 0.00602259 0.0265065 0.00729902 0.0254144 0.0240564 0.0206721 0.021981 0.00629715 0.00476088
internal_count=3285 2085 1266 819 1135 1032 103 687 132 1200 131 1179 1151 680 1119 101 50
is_linear=0
shrinkage=0.1


Tree=279
num_leaves=23
num_cat=0
split_feature=185 161 119 192 170 81 162 156 90 48 192 197 87 179 134 14 178 37 76 175 71 7
split_gain=0.00843222 0.00681495 0.00479433 0.00480543 0.00452233 0.00354178 0.00296105 0.00198573 0.0019325 0.00190962 0.00131146 0.00111909 0.00105884 0.00108059 0.000517023 0.000499629 0.00109905 9.55963e-05 4.11069e-05 1.60402e-05 2.30967e-06 2.60346e-13
threshold=0.95152853928733383 0.3585812058125703 0.1794213508239004 0.076721700496464512 1.9038422897183127 0.14382420538254473 0.48216698276929837 0.36007366868112411 1.6458578935797232 1.5334559820484237 1.3508709160998233 -0.21517224631470119 0.066232254628460871 0.56190462829220988 -1.3404876480550212 -0.22567198739260746 1.0517252075461079 -0.67671283525013792 0.21798885805839344 0.94986397124527977 1.6262228957964453 -0.68377123974359999
decision_type=2 2 2 2 2 2 2 2 2 2 2 2 2 2 2 2 2 2 2 2 2 2
left_child=1 2 3 17 9 -5 10 -8 12 15 -4 14 13 -6 -3 16 -2 -1 -16 -14 -17 -10
right_child=4 11 6 5 8 -7 7 -9 21 -11 -12 -13 19 -15 18 20 -18 -19 -20 -21 -22 -23
leaf_value=-0.066672541611904931 -0.058368221348340757 -0.003147026393291859 -0.059372581401449964 -0.065540026237533744 0.0561680590655569 0.048418297407640219 -0.066673873080833376 0.066098029397098759 -0.066668147820504897 0.039917941024737169 0.043184486068527338 -0.023555937841225356 0.056117816231791823 -0.062964638285540511 0.045927814760250651 -0.066671936291214484 0.060744133712450438 -0.03293921533620927 0.066579667290215777 0.066682198178699026 -0.061773755115460627 -0.066670346164687713
leaf_weight=0.0048984112427206128 0.0031804226198346433 0.0011370482106940463 0.018632599266311445 0.0030186263822997708 0.0013831916830895352 0.028256992251044721 0.0015547267021247526 0.0040891224380175117 0.0011614553188792343 0.001982827172469114 0.0013363051198211897 0.0015887730951362746 0.0023388067547784885 0.0016936184906626295 0.0010032091013272284 0.025263125896117344 0.0010240770088785212 0.0010139839778275919 0.024549365140501322 0.0037282763660186902 0.0010008131721406235 0.0010047414871223745
leaf_count=108 90 19 457 55 13 366 29 103 66 25 19 40 29 41 33 1002 8 17 656 17 66 26
internal_value=-0.000118659 0.0172153 -0.00114026 0.02179 -0.0361952 0.0374194 -0.0344334 0.029523 0.0182574 -0.0551733 -0.0525095 0.0579793 0.0383766 -0.00940808 0.0628329 -0.0613617 -0.0293564 -0.0608872 0.0657689 0.0626097 -0.0664853 -0.0666692
internal_weight=0.134841 0.0910792 0.0628008 0.037188 0.0437614 0.0312756 0.0256128 0.00564385 0.0113101 0.0324513 0.0199689 0.0282784 0.00914389 0.00307681 0.0266896 0.0304684 0.0042045 0.0059124 0.0255526 0.00606708 0.0262639 0.0021662
internal_count=3285 1902 1154 546 1383 421 608 132 192 1191 476 748 100 54 708 1166 98 125 689 46 1068 92
is_linear=0
shrinkage=0.1


Tree=280
num_leaves=19
num_cat=0
split_feature=24 92 65 119 38 122 140 13 167 39 111 103 38 89 117 195 33 67
split_gain=0.00700603 0.00602746 0.00751988 0.00617073 0.00410184 0.00472453 0.00256572 0.00234904 0.00212644 0.00107751 0.000864748 0.000678856 0.000451491 0.000333387 5.44897e-05 4.74691e-11 4.41891e-11 7.57983e-12
threshold=-0.51581664293440455 -0.39860716033573568 1.3554605641213333 1.574039241133643 0.7700252468544746 0.95526842639552811 -0.015626883530267831 0.43803109061912698 -0.2862972674051219 -0.89875619920593763 1.7385492911072002 0.82480536582707797 -0.13218539402530438 1.3205729206008316 0.12074875199411851 -1.11319370499256 -0.5156820114123003 -1.9868750835455848
decision_type=2 2 2 2 2 2 2 2 2 2 2 2 2 2 2 2 2 2
left_child=7 3 6 4 5 -2 -3 14 -4 -9 -8 -6 -10 -5 16 -15 -1 -18
right_child=1 2 8 13 11 -7 10 9 12 -11 -12 -13 -14 15 -16 -17 17 -19
leaf_value=-0.066682072296565434 -0.018069217482716227 0.055251930642296332 -0.059250889068141924 -0.012431866613765264 0.066674416246592413 0.042797684245211229 -0.060024773256168479 0.066678272872446334 0.0067210748907475058 -0.046108788724110922 0.031485323223489667 -0.016947822860928108 0.064456702221245984 -0.066692039361336802 -0.042730449005098536 -0.066671465683304593 -0.066677898242337066 -0.066669276366783298
leaf_weight=0.0038668199053972759 0.022528232788317837 0.0022149439155327846 0.0018248854757985109 0.0013560258466895903 0.02730705765179664 0.02938829357844952 0.027057609232997493 0.0021939492326055188 0.0015622126124981159 0.0013797269921269608 0.0010736200047176672 0.001006596357910893 0.010184133063830814 0.0014099876543696155 0.0010047990822386046 0.0054806104612907802 0.0011091410754033833 0.012639238253768786
leaf_count=27 263 19 57 20 554 291 677 19 40 66 29 16 124 6 36 214 12 815
internal_value=0.000867871 0.00958409 -0.020701 0.0246168 0.0330836 0.0163856 -0.0483733 -0.0511279 0.041176 0.0231334 -0.0565323 0.0637015 0.0567781 -0.0577561 -0.0653806 -0.0666757 -0.0666726 -0.06667
internal_weight=0.154588 0.132394 0.0439174 0.0884768 0.0802302 0.0519165 0.0303462 0.0221937 0.0135712 0.00357368 0.0281312 0.0283137 0.0117463 0.00824662 0.01862 0.0068906 0.0176152 0.0137484
internal_count=3285 2310 946 1364 1124 554 725 975 221 85 706 570 164 240 890 220 854 827
is_linear=0
shrinkage=0.1


Tree=281
num_leaves=18
num_cat=0
split_feature=119 44 7 24 117 146 7 47 71 178 20 71 166 29 116 40 37
split_gain=0.00849259 0.00640801 0.00481806 0.00505068 0.00353098 0.00222184 0.00207437 0.00161124 0.00125771 0.00050157 0.000467527 0.000259155 0.000141232 2.96967e-05 1.9578e-05 7.7017e-06 5.51154e-11
threshold=1.574039241133643 1.7894057427799492 -1.1885902904357046 -0.57230827285767483 -0.66435427404215708 -0.097939262479717279 -0.20640608489787407 1.2891764530769494 0.82414818113057442 1.1192286087946284 -0.82585457421852493 0.60206627498064658 0.17195423787316477 0.31643342369422378 -0.18023913895538426 -1.1421440967756273 -1.0504052328829776
decision_type=2 2 2 2 2 2 2 2 2 2 2 2 2 2 2 2 2
left_child=1 2 5 6 -5 14 -4 11 12 -10 -7 15 13 16 -1 -3 -2
right_child=8 7 3 4 -6 10 -8 -9 9 -11 -12 -13 -14 -15 -16 -17 -18
leaf_value=-0.066678609380826023 0.066694024533899915 0.057838772521363283 0.065340290481516891 -0.0019658011871549141 -0.051769253848755303 0.012718523466928276 -0.066667974789825196 -0.033078841999418039 0.031817408928632149 -0.066674048487451384 0.066682203836030088 0.023547323995971429 0.028269089440643214 0.048964399091561146 -0.047273209643051095 0.066678476655608429 0.066670995610379188
leaf_weight=0.0010828574231709354 0.0011083934514317618 0.0010873438859562165 0.0069837278379054624 0.019201372116640414 0.055045737167802145 0.0020001040315946747 0.0014349612542901014 0.002131656271558314 0.0010178077905038654 0.0010509311089208495 0.0081370234747737413 0.0016541666336706848 0.0010635018202265192 0.0010003483139371374 0.0010000488248351766 0.010535864224948455 0.016662808066485017
leaf_count=13 2 13 81 432 1716 12 110 29 23 20 60 19 24 19 47 138 527
internal_value=-0.000893824 -0.0121889 -0.0219023 -0.0305661 -0.0388894 0.0367065 0.0428395 0.0476243 0.0559816 -0.0182168 0.0560349 0.060581 0.0637203 0.0657288 -0.0573617 0.0658515 0.0666724
internal_weight=0.132199 0.110295 0.0948858 0.0826658 0.0742471 0.01222 0.00841869 0.015409 0.0219038 0.00206874 0.0101371 0.0132774 0.0198351 0.0187715 0.00208291 0.0116232 0.0177712
internal_count=3285 2670 2471 2339 2148 132 191 199 615 43 72 170 572 548 60 151 529
is_linear=0
shrinkage=0.1


Tree=282
num_leaves=20
num_cat=0
split_feature=160 134 110 7 185 170 69 29 170 66 48 87 48 39 65 30 14 48 119
split_gain=0.00772927 0.00530326 0.00346405 0.00341886 0.00281403 0.00241712 0.00227699 0.00204246 0.00192952 0.00164958 0.00163567 0.00145974 0.00106009 0.000994381 0.000886677 0.000795866 0.000741721 0.000147156 3.83811e-05
threshold=-0.46488048361001511 -0.48334835104932322 0.16728519437757575 -0.11105157344577153 1.0688621009376111 1.9038422897183127 0.18839759787719582 -0.32869666087429505 2.1676647309602162 2.3705453025350978 1.4031037852711037 0.095904396899120989 1.2332788332725413 -0.70721116975728904 1.7053556301903441 -0.58219178049965725 -0.14204236421544367 1.3185476918804266 -0.060464081087267273
decision_type=2 2 2 2 2 2 2 2 2 2 2 2 2 2 2 2 2 2 2
left_child=2 3 -1 8 7 17 13 11 10 15 -2 -3 -8 -5 -9 -4 -10 -6 -17
right_child=1 4 9 6 5 -7 12 14 16 -11 -12 -13 -14 -15 -16 18 -18 -19 -20
leaf_value=0.033785919569592066 -0.05325358865778404 -0.051786660902408556 0.014540396796407874 -0.029519413557203208 -0.066671756124027273 0.050175276620958713 -0.063438377612462696 0.063965786956747692 0.061020340498801354 0.050670739713939317 0.029087257135715541 0.038953226009757147 0.037699871447981786 0.06128727870864608 -0.028984808596476199 -0.046896896704613285 -0.03053797664472549 -0.02384423518745224 -0.066672248785634589
leaf_weight=0.0050808035794034359 0.020181415502293021 0.0029771821959911895 0.0012965021278432678 0.0013711160486309373 0.0040350174456307286 0.0034846792750613531 0.0033026536298166312 0.030177192772953276 0.0027420041024015518 0.0013727212008234338 0.0027400364047025496 0.0043827665454045928 0.0015102853940334171 0.010008787749484329 0.00106239941487729 0.0010241215859423348 0.0013063314918326787 0.0010014004619733896 0.023556303453460718
leaf_count=27 641 40 17 39 111 25 43 898 28 9 61 47 34 139 10 20 54 24 1018
internal_value=-6.32498e-05 0.0149613 -0.0420196 -0.0103619 0.0381575 -0.0138544 0.0259596 0.0496394 -0.0321696 -0.0561538 -0.0434105 0.00224792 -0.0317015 0.0503464 0.0608047 -0.0618206 0.031476 -0.0581563 -0.0658483
internal_weight=0.122614 0.0902833 0.0323305 0.0431626 0.0471206 0.0085211 0.0161928 0.0385995 0.0269698 0.0272496 0.0229215 0.00735995 0.00481294 0.0113799 0.0312396 0.0258769 0.00404834 0.00503642 0.0245804
internal_count=3285 2194 1091 1039 1155 160 255 995 784 1064 702 87 77 178 908 1055 82 135 1038
is_linear=0
shrinkage=0.1


Tree=283
num_leaves=23
num_cat=0
split_feature=24 33 69 135 44 135 166 116 82 86 145 161 192 195 7 191 70 16 105 62 162 90
split_gain=0.00644602 0.00745726 0.00350043 0.00339811 0.00304911 0.00285229 0.0025476 0.00240172 0.00196725 0.00190818 0.00153796 0.00140274 0.00127456 0.00124988 0.00101517 0.00087602 0.000854751 0.000490756 0.00018243 0.000103725 9.81958e-05 8.451e-12
threshold=-0.27796612643074986 -0.34681122592944286 -0.091269165667718574 -1.2412439768614789 1.7108481257194657 -1.2412439768614789 0.67047460606240594 0.23228333932324172 0.79561420898596713 1.7085740077086962 -0.37135354929046727 0.3585812058125703 0.19512465301163728 1.1862174087682651 0.23731064709030655 1.1118763565518484 -0.5862881315787315 0.4005256886844652 0.85973252260053068 0.32666169772132458 0.19450231258392425 1.1796980846050269
decision_type=2 2 2 2 2 2 2 2 2 2 2 2 2 2 2 2 2 2 2 2 2 2
left_child=1 2 5 8 9 20 12 -8 19 13 -7 18 -5 14 -2 -11 -10 -6 -4 -3 -1 -19
right_child=4 3 11 6 17 10 7 -9 16 15 -12 -13 -14 -15 -16 -17 -18 21 -20 -21 -22 -23
leaf_value=0.066670263037157049 0.06461416101410937 0.033522736772211487 0.023228784312505468 0.013932346615298512 0.0102553923206542 0.05354157985370455 -0.066672420738065924 0.038664585377636958 0.033413198154460914 0.045664437722878724 -0.035952118646278113 -0.023595441874032192 -0.057681538844534357 -0.040074003606965808 -0.022141271740217388 -0.066676590123180529 -0.061339968507137813 -0.066681830564417038 0.065994324205241525 0.064323771534287338 0.031799209079641469 -0.066670645885275576
leaf_weight=0.0041915858500942696 0.026196233244263567 0.0014425649392251216 0.001065960275809629 0.0026442662178851597 0.0011651508687009473 0.0022001912539053566 0.0032608578883355221 0.0064379451976037672 0.0013937813080246997 0.0010662583413250095 0.015092447151801027 0.0020947742355019719 0.041319585606970577 0.0013030725374392196 0.0014220041637145178 0.001988842707760341 0.0030038046561458032 0.0010844485896086553 0.015529167681052058 0.0045161507364355202 0.0010002413728216197 0.0017916773485922022
leaf_count=116 553 20 16 37 23 30 95 47 22 26 105 32 1762 28 14 47 37 8 172 48 9 38
internal_value=0.000835506 -0.0116664 0.0215335 -0.0330192 0.0373485 -0.00504983 -0.0431403 0.00324898 0.0194251 0.0476922 -0.0245656 0.053514 -0.0533742 0.0556318 0.0601473 -0.0274685 -0.0313087 -0.0444949 0.0632474 0.056867 0.0599521 -0.0666749
internal_weight=0.141211 0.105193 0.0411744 0.064019 0.0360177 0.0224845 0.0536627 0.0096988 0.0103563 0.0319764 0.0172926 0.0186899 0.0439639 0.0289213 0.0276182 0.0030551 0.00439759 0.00404128 0.0165951 0.00595872 0.00519183 0.00287613
internal_count=3285 2548 480 2068 737 260 1941 142 127 668 135 220 1799 595 567 73 59 69 188 68 125 46
is_linear=0
shrinkage=0.1


Tree=284
num_leaves=22
num_cat=0
split_feature=3 47 114 76 24 48 168 7 7 9 166 44 184 120 162 59 8 165 89 187 47
split_gain=0.00765981 0.00481713 0.00409191 0.004201 0.00296662 0.00218993 0.00180941 0.00176918 0.00170675 0.00144672 0.0016153 0.00140607 0.00100633 0.000823891 0.000319201 0.000291766 8.05307e-06 2.11573e-06 1.22339e-11 1.00913e-11 3.49043e-12
threshold=1.1417265045350342 1.3060012062747537 -0.7376803396660927 2.6738589252555038 -0.57230827285767483 1.4642729675025947 -0.51808515818363221 -0.237270769652389 -0.8894994128545185 0.37572264595441651 -0.092386758097040597 1.1370776116198378 1.7802115540033208 1.5202530655439164 -0.38082700693113597 -2.0986185625964877 -1.0596090164609917 -1.062401140211447 1.2064285333354896 0.66575256828227047 0.83148040880492502
decision_type=2 2 2 2 2 2 2 2 2 2 2 2 2 2 2 2 2 2 2 2 2
left_child=4 2 6 5 7 -4 11 20 9 10 -6 -2 -5 17 -8 -10 -17 -3 -11 -19 -1
right_child=1 13 3 12 8 -7 14 -9 15 18 -12 -13 -14 -15 -16 16 -18 19 -20 -21 -22
leaf_value=0.066676539771808513 -0.050307471694684518 -0.062144807841085385 0.050794047672088942 -0.066200626668239712 0.047574771898838575 -0.031354798460264371 -0.063250005688234287 -0.066667931152825197 -0.017230227871787282 -0.06666978286721853 -0.066669061939965649 0.063413045825911285 0.020161881326829473 0.0042696545974156425 -0.016539100378574447 -0.057542101904116794 -0.066669796285318259 -0.066682772253755185 -0.066682426445214327 -0.066672821988253 0.066670506219243753
leaf_weight=0.0018032730495178839 0.0016657256915095795 0.0012347742413112428 0.049662213532428723 0.0044873725983052273 0.004411922686813341 0.0034719573213806134 0.0066118013869527212 0.0013417620673408228 0.0012844441480410742 0.0020782277410944516 0.0017201474042849441 0.0031307132603615173 0.0019293449968245113 0.0021531861975745414 0.0018786088867273057 0.0010128783660547916 0.021147714523294781 0.0012825723092646513 0.001211360853176302 0.0049642641151876887 0.002047446379037865
leaf_count=13 31 9 856 24 38 39 91 111 11 85 94 46 43 36 30 41 1561 16 7 68 35
internal_value=-0.00091451 0.0162106 0.0250005 0.0361962 -0.0380238 0.0454262 -0.0251781 0.0322173 -0.049121 -0.0131735 0.0155275 0.0239197 -0.0402336 -0.0502396 -0.0529146 -0.0635669 -0.0662526 -0.0659272 -0.0666744 -0.0666749 0.0666733
internal_weight=0.120532 0.0824725 0.0728377 0.0595509 0.0380592 0.0531342 0.0132868 0.00519248 0.0328667 0.00942166 0.00613207 0.00479644 0.00641672 0.0096348 0.00849041 0.023445 0.0221606 0.00748161 0.00328959 0.00624684 0.00385072
internal_count=3285 1289 1160 962 1996 895 198 159 1837 224 132 77 67 129 121 1613 1602 93 92 84 48
is_linear=0
shrinkage=0.1


Tree=285
num_leaves=23
num_cat=0
split_feature=110 87 123 162 167 65 7 140 172 155 3 123 187 162 192 14 123 185 50 197 110 192
split_gain=0.00687893 0.00518782 0.00339885 0.00321519 0.00481536 0.00233408 0.00210781 0.00383586 0.00183163 0.00161902 0.00129212 0.00121681 0.000587396 0.000556054 0.000532688 0.000415933 0.000219614 7.89563e-05 4.59109e-05 1.48854e-05 4.78639e-12 1.44166e-12
threshold=0.55098308101717242 1.0525643767260533 -0.28451086511972323 0.48216698276929837 -0.54020024469694983 1.3365108421155278 -0.237270769652389 0.5759370585930732 0.79619947963405202 1.8376652817030277 1.4514149613616854 2.8206895018748166 1.4928338366935894 -0.38082700693113597 0.076721700496464512 -0.22944510214962008 0.51860948036100207 0.91815163389031251 -0.75900919671707878 -0.53020599422228876 0.25293558525441978 0.12510084556397214
decision_type=2 2 2 2 2 2 2 2 2 2 2 2 2 2 2 2 2 2 2 2 2 2
left_child=2 3 19 11 17 6 7 -4 9 18 -6 15 16 20 -8 -2 -10 -5 -3 -1 -7 -21
right_child=1 8 5 4 10 13 14 -9 12 -11 -12 -13 -14 -15 -16 -17 -18 -19 -20 21 -22 -23
leaf_value=-0.052395503570178498 -0.027908205288178101 -0.066674970438344999 -0.050797151346279615 -0.038225980446490115 0.061907908633862752 -0.066678236239436514 -0.0028347784837986501 0.059879464368507399 0.020161884524238463 0.054507525717260322 -0.052209726160691722 0.01447954460588376 -0.0049687451207470939 0.021040587769736902 0.062934820057387444 -0.065908841944959135 0.066123513198762571 -0.06667076452776953 -0.041439966140638981 -0.066670185205926699 -0.066669385726978989 -0.066674925792836778
leaf_weight=0.00100082343988106 0.0032345265353796995 0.0025827354950251902 0.0056722944225384708 0.0011615138473644029 0.0078216778047135449 0.0010804284102050588 0.00129362156121715 0.0069909807161820936 0.0011907045973202921 0.0019027718706183805 0.0011363446528775975 0.0022539396015872617 0.0016168963538802936 0.001018823512367816 0.025630424775954452 0.026302592983938666 0.0081926274333454785 0.0061047684048389783 0.0010001387199736192 0.001654267988214996 0.001406493915055762 0.0010478410324594734
leaf_count=27 116 60 93 35 238 5 18 128 21 31 73 35 38 27 653 1094 114 324 45 48 52 10
internal_value=-6.34939e-05 -0.0212392 0.0291241 -0.0378571 -0.00163422 0.0370242 0.0439499 0.0103038 0.0271605 -0.0200403 0.0474318 -0.0563431 0.0506988 -0.0411822 0.0597748 -0.0617475 0.0602912 -0.0621239 -0.0596308 -0.0628134 -0.0666732 -0.066672
internal_weight=0.111297 0.0645012 0.046796 0.0480154 0.0162243 0.0430931 0.0395873 0.0126633 0.0164859 0.00548565 0.00895802 0.0317911 0.0110002 0.00350575 0.026924 0.0295371 0.00938333 0.00726628 0.00358287 0.00370293 0.00248692 0.00270211
internal_count=3285 2224 1061 1915 670 976 892 221 309 136 311 1245 173 84 671 1210 135 359 105 85 57 58
is_linear=0
shrinkage=0.1


Tree=286
num_leaves=23
num_cat=0
split_feature=24 33 69 135 44 135 165 183 82 86 101 161 192 195 7 70 191 16 97 166 47 134
split_gain=0.00572746 0.00669244 0.00309469 0.00295719 0.002709 0.00252823 0.0022279 0.00297842 0.00170995 0.00167506 0.00164471 0.00127387 0.00123315 0.00110453 0.000912944 0.00073862 0.000720356 0.000452054 0.00017755 0.00013204 5.81617e-12 1.42404e-12
threshold=-0.27796612643074986 -0.34681122592944286 -0.091269165667718574 -1.2412439768614789 1.7108481257194657 -1.5099529582779743 0.5241355862480449 0.38027447070562598 0.79561420898596713 1.7085740077086962 -0.021940434304502307 0.3585812058125703 0.19512465301163728 1.1862174087682651 0.23731064709030655 -0.5862881315787315 1.1583800775933153 0.4005256886844652 0.27780165573692978 -0.80111416850104356 1.2125188743536977 -0.60579682205013718
decision_type=2 2 2 2 2 2 2 2 2 2 2 2 2 2 2 2 2 2 2 2 2 2
left_child=1 2 5 8 9 21 12 -8 19 13 -7 18 -5 14 -2 -10 -11 -6 -4 -3 -19 -1
right_child=4 3 11 6 17 10 7 -9 15 16 -12 -13 -14 -15 -16 -17 -18 20 -20 -21 -22 -23
leaf_value=0.066668576414644409 0.064359827252191706 0.025316281865473141 0.022327528814353126 0.014261078015752377 0.0097646284158577207 0.066672327063183115 -0.044837612799498661 0.058591065674816749 0.031362010086601354 0.039375961637579067 -0.03276096162062557 -0.022554131067803157 -0.059336112404351188 -0.038297880524252564 -0.020956416306433315 -0.060728465112043675 -0.066675644612251311 -0.066669823231158165 0.065914683061203114 0.063757684626664132 -0.066679420657534974 0.066672346228493301
leaf_weight=0.0018932844345727062 0.023525046823579032 0.001132281551235792 0.0010014741269515079 0.0024361576679439159 0.0011066709078022532 0.0018732028815975346 0.0071373112293713348 0.0045650138763448922 0.0012888077685602184 0.0010235697741336472 0.014860491644867579 0.0019689454225044747 0.034768370803249127 0.0012030710836370409 0.001324876647686323 0.0026862603226618376 0.0017113590074586682 0.0014568569240509532 0.013984974692903052 0.0042374335216663894 0.0011144693389724125 0.0021286113069436388
leaf_count=66 553 14 14 35 23 35 184 55 22 28 132 32 1667 28 14 37 45 38 174 54 8 27
internal_value=0.000833469 -0.0114498 0.0213719 -0.0326979 0.0371402 -0.0045198 -0.0425468 -0.00449064 0.018847 0.0474653 -0.0216302 0.0530668 -0.054517 0.0552807 0.0598112 -0.0308706 -0.026985 -0.0436744 0.063002 0.0556518 -0.066674 0.0666706
internal_weight=0.128429 0.0959626 0.037711 0.0582516 0.0324659 0.0207556 0.0489069 0.0117023 0.00934478 0.0287879 0.0167337 0.0169554 0.0372045 0.026053 0.0248499 0.00397507 0.00273493 0.003678 0.0149864 0.00536972 0.00257133 0.0040219
internal_count=3285 2548 480 2068 737 260 1941 239 127 668 167 220 1702 595 567 59 73 69 188 68 46 93
is_linear=0
shrinkage=0.1


Tree=287
num_leaves=21
num_cat=0
split_feature=89 108 125 76 9 104 20 7 68 155 65 89 5 143 7 163 167 44 84 6
split_gain=0.00697774 0.00449018 0.00371288 0.00352482 0.00317368 0.00275439 0.00256308 0.00248733 0.00181387 0.00162739 0.00131635 0.00125268 0.00100399 0.000851741 0.000812729 0.000290967 0.000270618 0.000251516 8.68513e-05 4.49438e-05
threshold=1.2754395768919409 0.71960081116429586 0.62426305588462405 2.6738589252555038 -0.0092748981767921401 0.91696130358141748 -0.60518502072381664 -0.19969483944951696 -0.044918958149707346 2.3365288518965284 0.71485145668243544 1.8126480284576991 1.2436567676676848 -0.30430277070587686 -0.38031327678399007 -1.1501780444810346 -0.023368742160687808 1.8431695854656887 -1.5208166053441292 0.95885991068281717
decision_type=2 2 2 2 2 2 2 2 2 2 2 2 2 2 2 2 2 2 2 2
left_child=1 2 7 5 6 10 8 16 -3 13 -2 -5 18 -7 -8 -6 -1 -17 -4 -12
right_child=3 4 12 11 15 9 14 -9 -10 -11 19 -13 -14 -15 -16 17 -18 -19 -20 -21
leaf_value=0.064880677067137793 0.057887761298768638 -0.062476691093754116 -0.034345062543998432 -0.065285163391782294 -0.0091669904952360031 -0.02595697232772818 0.063142339608216427 -0.06666760409072793 0.026063421683944012 -0.059064543127873528 -0.043223883921200044 0.031036450779391725 0.046008564945543638 0.060738885510216702 -0.014762386059914584 -0.066281192779359177 0.026964370451656255 -0.019128956775603095 -0.066671203345066404 -0.066678325141551559
leaf_weight=0.010982858530951489 0.0013262072816360151 0.0079189585508174787 0.0010021313914876373 0.0046598855096817706 0.0010040772340289541 0.0011783196450778589 0.0048459129266120726 0.001807542719916456 0.0032689363167719429 0.0012480011630486834 0.0012472690091271943 0.0019009930865649949 0.0010271551182086114 0.029601663761241074 0.0018504736326576668 0.024018916316890682 0.002271721703436925 0.0011871703090946531 0.0048707124215070499 0.0023682983680828329
leaf_count=79 23 381 38 22 61 6 56 227 44 26 30 45 7 750 97 1057 38 30 245 23
internal_value=-0.000912282 -0.0213964 0.0155463 0.0301718 -0.0397964 0.0421593 -0.00731848 0.0433754 -0.0366066 0.0528811 -0.0273292 -0.0373763 -0.0452024 0.05742 0.0416142 -0.0619575 0.0583821 -0.0640604 -0.0611551 -0.0585872
internal_weight=0.109587 0.0660566 0.0219621 0.0435306 0.0440944 0.0369698 0.0178843 0.0150621 0.0111879 0.032028 0.00494177 0.00656088 0.0069 0.03078 0.00669639 0.0262102 0.0132546 0.0252061 0.00587284 0.00361557
internal_count=3285 2360 634 925 1726 858 578 344 425 782 76 67 290 756 153 1148 117 1087 283 53
is_linear=0
shrinkage=0.1


Tree=288
num_leaves=25
num_cat=0
split_feature=160 7 119 29 34 164 119 69 123 57 191 126 23 185 90 29 141 49 67 196 134 88 3 86
split_gain=0.0062593 0.00436787 0.00282805 0.0027039 0.00241053 0.00216366 0.00193213 0.00169207 0.00164477 0.00121223 0.00116172 0.00112756 0.00104145 0.000878305 0.000720331 0.000372403 5.60199e-06 9.84415e-12 8.34671e-12 4.32377e-12 4.00951e-12 2.42982e-12 1.89209e-12 1.28307e-12
threshold=-0.46488048361001511 -0.59288237339655681 0.11007642924810405 -0.34580824636010427 -0.51290588782791513 -0.18771828221342321 0.09645923487778664 0.71670736046357331 0.015524139221918648 1.0395660036123451 1.2274582213781116 0.013121329149808032 0.54918102590125251 1.0102404515981049 1.4490358606078237 0.22010803631230264 0.15954921086519033 0.35197336990550315 -1.4764712535372839 -1.5582174037804253 0.37379094595637502 1.0860221556937608 1.1417265045350342 -1.0252991419867066
decision_type=2 2 2 2 2 2 2 2 2 2 2 2 2 2 2 2 2 2 2 2 2 2 2 2
left_child=2 4 5 6 10 -1 8 13 -3 -9 -2 -8 16 -5 -12 21 -7 20 -19 -20 23 -6 -22 -4
right_child=1 3 17 7 15 12 11 9 -10 -11 14 -13 -14 -15 -16 -17 -18 18 19 -21 22 -23 -24 -25
leaf_value=0.0583711108669474 -0.061142978630269365 -0.048215700436263616 -0.066671830444875374 0.060552712286718574 -0.066668922861806063 -0.058085305252765167 -0.064686900048124621 0.035341273234270908 0.063157898541355159 -0.056887976291342492 0.066671556186670117 -0.0016644806235213288 0.027456220714055703 0.019941469915382894 -0.029003473643094493 -0.015746434611439809 -0.06667389839655613 -0.066681915763008526 -0.066677708339268713 -0.066669975245443089 -0.066675651490011978 -0.066673334994680131 -0.066670348298012425 -0.066668122419131254
leaf_weight=0.0039315014660132874 0.001324664722005763 0.0017298971479249295 0.0010505945610930221 0.025802544742418831 0.0074945327539808204 0.0010000971874433162 0.0048984358602410794 0.003126483816686231 0.0056791550541674951 0.0026187877701886464 0.0035233389671702753 0.0067520128516207478 0.0017444785285078979 0.0067103631795362153 0.001013229937370852 0.0017090280341562911 0.0031561516796045908 0.0012494941220211331 0.0010445564998917689 0.0023489302557209149 0.0013027186037106739 0.0014975929823322076 0.0013912756915033242 0.0083496667728013563
leaf_count=22 27 51 41 871 441 30 140 124 54 46 69 155 20 73 52 38 53 10 7 95 14 53 47 752
internal_value=-3.98228e-05 0.01493 -0.0416655 0.0280004 -0.0303029 0.000901017 -0.00277174 0.0433305 0.0371539 -0.00669831 0.0212456 -0.0281623 -0.0373898 0.0521709 0.0453028 -0.058537 -0.0646073 -0.066671 -0.0666749 -0.0666724 -0.0666695 -0.0666697 -0.0666729 -0.0666685
internal_weight=0.10045 0.0738801 0.0265695 0.0573177 0.0165624 0.00983223 0.0190595 0.0382582 0.00740905 0.00574527 0.00586123 0.0116504 0.00590073 0.0325129 0.00453657 0.0107012 0.00415625 0.0167372 0.00464298 0.00339349 0.0120943 0.00899213 0.00269399 0.00940026
internal_count=3285 2194 1091 1514 680 125 400 1114 105 170 148 295 103 944 121 532 83 966 112 102 854 494 61 793
is_linear=0
shrinkage=0.1


Tree=289
num_leaves=20
num_cat=0
split_feature=24 38 122 189 70 43 187 92 89 119 13 179 39 36 123 12 37 16 162
split_gain=0.00519674 0.00448159 0.00422529 0.0032372 0.00245747 0.00232412 0.00202257 0.00195972 0.00207574 0.00174735 0.00169171 0.00126146 0.000792129 0.000407982 9.24097e-05 3.41583e-05 1.67807e-11 5.50961e-12 1.54768e-12
threshold=-0.51581664293440455 0.7700252468544746 1.0054106033307864 1.860215057044645 -0.52495675650322215 0.45932782623638696 0.56348511906891452 -0.28137982620799973 1.606174341299683 1.0000000180025095e-35 0.43803109061912698 2.1787789218861691 -0.89875619920593763 -0.45365947570123027 0.70992541234004103 -1.2226004037220697 -0.91511717793816405 0.60155389163753759 0.19450231258392425
decision_type=2 2 2 2 2 2 2 2 2 2 2 2 2 2 2 2 2 2 2
left_child=10 2 5 4 -4 6 -2 8 13 -9 15 -7 -12 -3 -11 -1 -17 -18 -5
right_child=1 7 3 18 -6 11 -8 9 -10 14 12 -13 -14 -15 -16 16 17 -19 -20
leaf_value=-0.047486900628954137 -0.040096590313080077 0.00039401400395218676 0.053190391758777322 -0.066671780854023227 -0.0011289766233603413 -0.053974548177487092 0.050649477690606341 -0.066685029251577571 -0.066679963907829209 0.066671949153263202 0.066675308896510105 0.051097979339159938 -0.045904840567317987 0.064103862449588031 0.026674728698559864 -0.066678858877900357 -0.066668585699785676 -0.066675514037947983 -0.066667712764346285
leaf_weight=0.0010006971608618178 0.004477894301771812 0.001053571999364066 0.018412806726701092 0.0024904819129005764 0.015207651940727374 0.021434277394746459 0.0054398699894591118 0.0028258651836949858 0.0013442720978673597 0.0013675856325789937 0.0015886845958448248 0.0012069458389305501 0.0010303155843303094 0.021866583353585156 0.0010000363436120097 0.0023157348969107252 0.0091702027655173914 0.0013120086621256641 0.0014975193366808526
leaf_count=35 122 10 225 39 303 676 87 10 14 30 19 43 66 581 22 14 795 46 148
internal_value=0.000834684 0.00942535 -0.00431711 0.0185154 0.0286199 -0.0306906 0.00967741 0.0421593 0.054092 -0.0135916 -0.0512951 -0.0483734 0.0223862 0.0611753 0.0497779 -0.0652799 -0.0666712 -0.0666695 -0.0666703
internal_weight=0.116043 0.0996254 0.0701674 0.0376085 0.0336205 0.032559 0.00991776 0.0294579 0.0242644 0.00519349 0.0164176 0.0226412 0.002619 0.0229202 0.00236762 0.0137986 0.0127979 0.0104822 0.003988
internal_count=3285 2310 1643 715 528 928 209 667 605 62 975 719 85 591 52 890 855 841 187
is_linear=0
shrinkage=0.1


Tree=290
num_leaves=20
num_cat=0
split_feature=71 44 144 170 24 89 90 168 7 74 7 8 9 7 143 6 88 119 44
split_gain=0.0062899 0.00433229 0.00302497 0.00345235 0.00284298 0.00274969 0.00203327 0.00182645 0.0017096 0.00121624 0.00113483 0.000591513 0.000401189 0.00036482 0.000321521 0.00029495 0.000141042 4.33134e-05 6.13019e-12
threshold=0.4430465272381951 0.68030511108699943 -0.18151892313996795 1.9038422897183127 -0.57230827285767483 1.5933257532988718 1.6458578935797232 -0.80305958223967366 -0.33006388482232885 0.26186644871995118 -0.43046116241640303 -1.104712246011305 -0.749113636872352 -1.1233785736364033 -0.0055627766716830826 0.63825311175189403 1.0082745630315619 2.009641371058033 0.51920849091160359
decision_type=2 2 2 2 2 2 2 2 2 2 2 2 2 2 2 2 2 2 2
left_child=1 4 9 8 12 7 -5 10 -4 -3 16 -9 -1 -6 -11 -13 -2 -7 -15
right_child=5 2 3 6 13 17 -8 11 -10 14 -12 15 -14 18 -16 -17 -18 -19 -20
leaf_value=0.066201347213267051 0.020896736040274776 0.043864247652594196 0.06315236037952919 -0.047110886813036934 -0.0033833271171191132 0.040627603983092203 0.066669212445088513 0.012746922348876722 0.01255562763824712 -0.064731560061561527 -0.066670790231872029 -0.030875924138723445 -0.0080800929469328937 -0.066668986986184106 -0.0094046304657875376 -0.06560551159909396 0.064042870736390548 0.066674651191114806 -0.066674142575290543
leaf_weight=0.0024490987364060857 0.0013429899615857721 0.0017316792359451929 0.029115459225749873 0.0063815993432854157 0.0010104775915351647 0.0010006607603827425 0.0020833206717725261 0.0011280801929842701 0.0086656089631560462 0.0044321964278424275 0.0012836755252010326 0.0027808591278244412 0.0010340914484459071 0.0047726462594255281 0.0013765835201411392 0.020271202945423283 0.0017383092354066321 0.0017635651324781065 0.0044629700419136498
leaf_count=38 33 25 594 95 44 30 76 35 185 57 92 143 74 318 35 1241 9 59 102
internal_value=-0.00093963 0.0162404 0.0290384 0.0386144 -0.0338978 -0.0379867 -0.0191082 -0.0472087 0.0515473 -0.0296919 0.0123269 -0.057956 0.0441486 -0.06043 -0.05162 -0.0614159 0.0452375 0.0572455 -0.0666715
internal_weight=0.0988251 0.0675157 0.0537864 0.046246 0.0137293 0.0313093 0.00846492 0.0285451 0.0377811 0.00754046 0.00436497 0.0241801 0.00348319 0.0102461 0.00580878 0.0230521 0.0030813 0.00276423 0.00923562
internal_count=3285 1643 1067 950 576 1642 171 1553 779 117 134 1419 112 464 92 1384 42 89 420
is_linear=0
shrinkage=0.1


Tree=291
num_leaves=19
num_cat=0
split_feature=160 51 66 110 7 10 194 164 92 66 162 160 32 86 48 88 19 92
split_gain=0.00560211 0.00398193 0.00387712 0.00254504 0.00229882 0.0019952 0.00175289 0.00165862 0.00135455 0.00121567 0.00104222 0.00068838 0.000595955 0.000458345 0.000353107 0.000174978 0.000149718 2.45348e-05
threshold=-0.46488048361001511 -0.6045029723151164 1.1930502737277642 0.16728519437757575 -0.046199934239548608 0.53331212248185611 1.0000000180025095e-35 -1.2455491770534413 -0.95021775147024468 2.3705453025350978 0.19450231258392425 1.0000000180025095e-35 -0.28479738364600699 1.6679217166784488 1.3288034389883374 -0.48151085722995862 0.50775006662415867 0.40166220606740005
decision_type=2 2 2 2 2 2 2 2 2 2 2 2 2 2 2 2 2 2
left_child=3 5 6 -1 14 13 10 -8 -7 12 -3 -6 -5 16 -4 -10 -2 -14
right_child=1 2 4 9 11 8 7 -9 15 -11 -12 -13 17 -15 -16 -17 -18 -19
leaf_value=0.033465030298697372 -0.066193105506523464 -0.038276209557858161 -0.061445017933496021 0.013079017080018036 0.051419107411716181 -0.066675557806492716 -0.041853602822196023 0.058362415303008945 0.017394409495294454 0.050088678048084145 0.049170985962034591 -0.032005141953515122 -0.066670751353136812 0.0088185093501305534 0.0021542905475286159 0.064907924710495168 -0.033043116259269867 -0.050560774137231479
leaf_weight=0.0037881543576077084 0.0080422360283591843 0.0037261479860717364 0.0068318513096983224 0.0010120467291017112 0.0041195651062935221 0.0012911979888485803 0.0017443386673221531 0.031020763537071616 0.0010746331879545323 0.0010270865232087081 0.00214893269503591 0.0013016297439207847 0.017065440663486697 0.0010555117812600665 0.0010008636156726425 0.0027806072018847763 0.0016402849983023779 0.0010007907405906727
leaf_count=27 286 83 334 19 59 36 39 1074 24 9 56 39 1009 36 34 50 44 27
internal_value=-8.7717e-05 0.0145898 0.0279997 -0.0417232 -0.0186708 -0.0292202 0.0440081 0.0530271 0.0219734 -0.0558898 -0.00629058 0.0313889 -0.0615952 -0.0537559 -0.0533183 0.0516637 -0.0605773 -0.0657783
internal_weight=0.0916721 0.0677786 0.0518941 0.0238935 0.0132539 0.0158845 0.0386402 0.0327651 0.00514644 0.0201054 0.00587508 0.00542119 0.0190783 0.010738 0.00783271 0.00385524 0.00968252 0.0180662
internal_count=3285 2194 1718 1091 466 476 1252 1113 110 1064 139 98 1055 366 368 74 330 1036
is_linear=0
shrinkage=0.1


Tree=292
num_leaves=21
num_cat=0
split_feature=162 167 20 161 69 126 172 20 178 165 40 127 176 1 68 145 199 34 71 37
split_gain=0.00480159 0.00391318 0.00374109 0.00306013 0.00398852 0.00186124 0.00240525 0.0017915 0.00126736 0.000693697 0.000634022 0.000398145 0.000193284 1.56638e-05 7.21256e-06 2.32512e-06 5.37177e-07 3.02175e-11 1.17618e-11 3.4911e-12
threshold=0.19450231258392425 0.81824013061367962 -0.79736367449433898 0.3585812058125703 -0.12244851407211375 0.28892683905801864 1.4335201229176651 -0.82585457421852493 0.20268181525028647 1.2301938528982463 0.25130847226846326 0.24163943859439552 0.2932324800014659 0.38427254956270102 0.19475371071717415 -0.27110776416568438 0.55063167041264383 0.33838845700329562 0.7509437369123676 -0.48726044627320758
decision_type=2 2 2 2 2 2 2 2 2 2 2 2 2 2 2 2 2 2 2 2
left_child=1 2 5 4 -4 14 -7 8 11 15 -3 16 -10 -12 -1 -9 -2 -5 -15 -17
right_child=7 10 3 17 -6 6 -8 9 12 -11 13 -13 -14 18 -16 19 -18 -19 -20 -21
leaf_value=0.066671797687404999 0.066672245149551279 -0.0057348723605297504 -0.029360472087066176 -0.066670867241022891 0.033531926107321371 -0.045297772896074007 0.05852902474243335 -0.061664562801751532 -0.012186774601294078 0.012204375710902731 0.053656575470707957 -0.0039460721373242866 -0.066675887792966557 0.066675056851815531 0.057772849772176976 -0.066671674109489751 0.063644525515897402 -0.066683579497698972 0.066668732182679977 -0.066667843980541416
leaf_weight=0.010031812147644814 0.0014032254666744839 0.0013729278980463286 0.022680132218965809 0.0059972703384119086 0.018155586664761358 0.0046545050831809931 0.0042855824367507012 0.001000388835564082 0.0010087703285535099 0.0012243285050317363 0.0010007793416662034 0.0012609520777004946 0.0018355050060563372 0.0071527686504850863 0.0010017228423748756 0.0031459469021228878 0.00100615209339594 0.0027170105890945706 0.0049927407826544368 0.0097714711137086852
leaf_count=260 22 18 394 231 199 58 40 31 19 35 29 28 65 105 22 95 24 17 277 1316
internal_value=0.000890946 0.0117103 0.00184934 -0.0128785 -0.00139847 0.0383858 0.00447336 -0.0410956 0.00275364 -0.0599608 0.0589285 0.0415811 -0.0473504 0.0656816 0.0658639 -0.0663091 0.0654079 -0.0666748 0.0666725 -0.0666688
internal_weight=0.1057 0.0840428 0.0695236 0.04955 0.0408357 0.0199736 0.00894009 0.0216567 0.0065146 0.0151421 0.0145192 0.00367033 0.00284428 0.0131463 0.0110335 0.0139178 0.00240938 0.00871428 0.0121455 0.0129174
internal_count=3285 1650 1221 841 593 380 98 1635 158 1477 429 74 84 411 282 1442 46 248 382 1411
is_linear=0
shrinkage=0.1


Tree=293
num_leaves=22
num_cat=0
split_feature=186 114 170 108 6 90 166 128 7 145 0 24 8 164 162 167 6 42 2 136 119
split_gain=0.00566686 0.00332459 0.0036887 0.00271565 0.002335 0.00231812 0.00228464 0.00215185 0.00136242 0.0011331 0.00102624 0.000806942 0.000545825 0.000466097 0.000404353 0.00039737 0.000318091 4.95806e-05 7.09149e-07 7.73067e-13 1.56133e-13
threshold=1.0645902329271515 -0.86922993994713682 1.9038422897183127 0.68655309608320259 1.1348626234269048 1.6458578935797232 -0.68011393475392845 0.57120028289303859 -0.1535586981973027 -0.23818803861823459 1.5356827174528431 -0.57230827285767483 -0.40149165398328351 -1.2640267170803317 -0.38082700693113597 -0.1587087439217307 0.52250957965527323 0.84928236705681071 0.69984759668388385 0.14262234144023792 2.4472367394838952
decision_type=2 2 2 2 2 2 2 2 2 2 2 2 2 2 2 2 2 2 2 2 2
left_child=3 10 4 7 9 12 -6 8 15 -3 14 -5 -4 -13 18 -1 -15 19 -2 -9 -7
right_child=1 2 5 11 6 20 -8 17 -10 -11 -12 13 -14 16 -16 -17 -18 -19 -20 -21 -22
leaf_value=0.065231472346991656 -0.063731492431941636 -0.033331800021092539 -0.065006480429788946 0.011354842452378961 0.056330824871107771 0.066669842362030871 -0.049374778374928867 -0.066667716876790392 -0.066667442288752349 0.06173986318447279 0.055282582606302137 0.0052923389528244883 -0.0090641318512938631 -0.019099840651746872 -0.011831324856367344 0.0065586331013346407 -0.065730631737736356 -0.040247590656528873 -0.066674006196540347 -0.066671317836563923 0.066668168970904357
leaf_weight=0.005312748793130595 0.0010016775177064119 0.0013140155106157172 0.0057270767056252225 0.0017947015978734262 0.003650062860288017 0.0010323988776690394 0.0046487638135204179 0.0014258852932016461 0.0011176834474326816 0.027275471672055573 0.0010028493252320914 0.0010856036203676913 0.0025078262074202939 0.0015901443282473329 0.0018270951754857379 0.0014747217330750581 0.01827715955334952 0.0010000720319567336 0.004491760877726847 0.0010245740445498086 0.0012122928974349634
leaf_count=42 14 21 41 105 62 26 61 171 173 715 23 38 43 52 44 59 1345 34 123 30 63
internal_value=-0.000959205 0.0186993 0.0289413 -0.0330619 0.0438151 -0.0234148 -0.00288241 0.00687733 0.0356372 0.0573702 -0.0395871 -0.0529997 -0.04797 -0.0585119 -0.0525835 0.0524836 -0.0619984 -0.0590114 -0.0661375 -0.0666692 0.0666689
internal_weight=0.0897946 0.0556913 0.0473679 0.0341033 0.0368883 0.0104796 0.00829883 0.0113557 0.00790515 0.0285895 0.00832338 0.0227476 0.0082349 0.0209529 0.00732053 0.00678747 0.0198673 0.00345053 0.00549344 0.00245046 0.00224469
internal_count=3285 1236 1032 2049 859 173 123 509 274 736 204 1540 84 1435 181 101 1397 235 137 201 89
is_linear=0
shrinkage=0.1


Tree=294
num_leaves=24
num_cat=0
split_feature=119 73 119 65 48 19 195 123 88 87 7 87 118 117 37 88 7 187 89 34 60 60 51
split_gain=0.00511733 0.00370002 0.00298199 0.00272326 0.00251068 0.00213973 0.00152746 0.00120144 0.0010388 0.00100242 0.000790714 0.00071164 0.000706166 0.000541947 0.00042512 0.000352395 0.000308797 0.000280549 0.000206473 3.96335e-05 2.1254e-05 1.13361e-05 9.81012e-07
threshold=0.48484920551824323 0.5088915747515137 -0.086221877870428953 1.3969377795541982 1.1916313052706722 0.49591338636191573 -0.7339517810227012 -0.28451086511972323 0.16828115473973984 1.3707928269805547 -0.74081274349540827 -0.19574356164328485 0.21501863571237631 -0.43486505458409069 -0.32847211592817566 0.3996347344845888 1.0000000180025095e-35 1.0057653066647603 1.4854573134566429 -0.75819698504532618 0.45830577815413592 -0.063500078860266915 -0.52067598774800494
decision_type=2 2 2 2 2 2 2 2 2 2 2 2 2 2 2 2 2 2 2 2 2 2 2
left_child=1 2 7 6 9 8 -3 -1 20 16 -8 -7 -10 -5 21 -9 19 -11 -13 -2 -6 -4 -15
right_child=4 3 14 13 5 11 10 15 12 17 -12 18 -14 22 -16 -17 -18 -19 -20 -21 -22 -23 -24
leaf_value=-0.066670953485698417 -0.049529210764467348 -0.037300931827777509 -0.05531229941807933 0.014965518769512749 -0.050247615888210043 -0.02852852773773254 0.0046246156849125992 0.0013533612355262385 -0.044914436988981496 0.049028211417597126 0.060860720876859377 0.066439420342035579 0.061427172495003068 -0.062749679747820281 -0.0021425975175788955 0.064027530267194196 -0.019156467509627764 -0.022353589982668468 0.017901590778657613 -0.066285438102404906 -0.066671402864736704 -0.066670327475910493 -0.066673354233443713
leaf_weight=0.0010339388350075751 0.0015622244254700464 0.0019039183371205573 0.0010075765728743153 0.0012412829623826838 0.0010002510559843358 0.0011679663825816533 0.0027762290218333865 0.0011338855574649651 0.0010896832636717591 0.0010300703384018553 0.025154803038049067 0.0045951062620588345 0.0014626266915911401 0.0010650293475009676 0.0012361820804471782 0.0042964555382241088 0.0016417708891367502 0.0011828630231320858 0.0010829478380856017 0.014640024198911307 0.0037122184844520234 0.0068719401780299449 0.0015863457751947854
leaf_count=26 111 45 53 33 44 57 77 20 67 17 882 116 30 10 58 50 53 48 41 929 168 319 31
internal_value=-0.000129165 0.0204816 -0.019823 0.0390997 -0.0298726 0.00244535 0.0493636 0.0321292 -0.0353564 -0.0526095 0.0552711 0.0425594 0.0160257 -0.039567 -0.0566643 0.0509408 -0.0604823 0.010873 0.057182 -0.0646698 -0.0631854 -0.0652179 -0.0650973
internal_weight=0.0834753 0.0493076 0.01558 0.0337276 0.0341678 0.0141108 0.029835 0.00646428 0.00726478 0.020057 0.027931 0.00684602 0.00255231 0.00389266 0.0091157 0.00543034 0.017844 0.00221293 0.00567805 0.0162022 0.00471247 0.00787952 0.00265138
internal_count=3285 1604 526 1078 1681 523 1004 96 309 1158 959 214 97 74 430 70 1093 65 157 1040 212 372 41
is_linear=0
shrinkage=0.1


Tree=295
num_leaves=21
num_cat=0
split_feature=24 192 119 44 110 167 75 13 40 162 20 35 116 38 106 135 49 18 37 16
split_gain=0.00425293 0.00385198 0.00274591 0.00327833 0.00271984 0.00263279 0.00223142 0.00140728 0.00116513 0.000931828 0.00112962 0.000850248 0.000481983 0.000467752 0.000277033 0.000231113 0.000162995 2.48154e-05 9.39185e-12 3.06982e-12
threshold=-0.51581664293440455 0.56589539787632415 0.15605901318337825 0.69939206608780891 0.40381647529756964 0.13925609209644649 0.49329678805913685 0.43803109061912698 0.53530581110275299 0.19450231258392425 -0.7813841227855115 0.45814728669506638 0.60740920290128009 1.1255783252605724 1.3835280000517653 -0.83818050473673622 -1.1653924945902161 -1.1645652919193288 -0.91511717793816405 0.60155389163753759
decision_type=2 2 2 2 2 2 2 2 2 2 2 2 2 2 2 2 2 2 2 2
left_child=7 4 12 11 6 -5 8 17 -2 14 -11 -4 16 -9 -6 -8 -3 -1 -19 -20
right_child=1 2 3 5 9 -7 15 13 -10 10 -12 -13 -14 -15 -16 -17 -18 18 19 -21
leaf_value=-0.050185541016636574 -0.046375675178321842 -0.023845516304315598 0.059467361652788368 -0.032426271291486779 0.064749984968347524 0.038464194845896908 -0.013733896502895658 -0.026567354875910939 0.062033731589951804 0.066670914436052317 -0.054032901973051523 -0.036614226574239989 0.011366697049954992 0.066673965661996723 0.012863173083446484 -0.0648533794582907 -0.066103068558657593 -0.066676755812341476 -0.066668273807952608 -0.066673940887906555
leaf_weight=0.0010015237762672777 0.0012855141646923585 0.0010252457739170504 0.0097685749296942959 0.020775785856358198 0.019260752241052614 0.0070054127058938312 0.0011307602303531894 0.0010151718352062753 0.0043327931214207638 0.0014745333751307044 0.0016351022845810794 0.0010168872117901637 0.0010064078917366723 0.0011446766661720176 0.0010870827850339984 0.0040594171068732976 0.0083210084010261198 0.0019245239336669337 0.0073261270731563854 0.0010992878517299687
leaf_count=56 13 34 208 636 554 154 22 69 84 34 60 63 36 16 19 114 279 14 774 46
internal_value=0.000898662 0.00935075 -0.00865909 0.00361595 0.0350623 -0.0145503 -0.00644252 -0.0511384 0.0372288 0.0541864 0.00320268 0.0504085 -0.0543872 0.0228487 0.0619779 -0.0537162 -0.0614676 -0.065216 -0.0666705 -0.066669
internal_weight=0.0966966 0.0831853 0.0489193 0.0385667 0.034266 0.0277812 0.0108085 0.0135113 0.00561831 0.0234575 0.00310964 0.0107855 0.0103527 0.00215985 0.0203478 0.00519018 0.00934625 0.0113515 0.0103499 0.00842541
internal_count=3285 2310 1410 1061 900 790 233 975 97 667 94 271 349 85 573 136 313 890 834 820
is_linear=0
shrinkage=0.1


Tree=296
num_leaves=21
num_cat=0
split_feature=71 44 24 144 170 89 90 7 168 197 7 7 164 119 118 88 178 197 101 44
split_gain=0.00517971 0.00346036 0.00255188 0.00228331 0.00257972 0.00218973 0.00153502 0.00150442 0.00146655 0.000918776 0.000893611 0.000765256 0.000390186 0.00031461 0.000212258 0.000142515 3.15089e-05 2.73563e-05 2.46523e-07 3.47897e-12
threshold=0.4430465272381951 0.71773846693429899 -0.57230827285767483 -0.18151892313996795 1.9038422897183127 1.5933257532988718 1.6458578935797232 -0.35651367763640868 -0.80305958223967366 -0.47961796987691069 -0.43046116241640303 -1.1885902904357046 1.4357959571798991 0.229549058104107 -0.9696592064346482 0.9951721850698918 0.55815129837827626 -0.32330515258429998 0.41367594886929854 0.51920849091160359
decision_type=2 2 2 2 2 2 2 2 2 2 2 2 2 2 2 2 2 2 2 2
left_child=1 2 13 9 7 8 -6 -5 10 -3 15 -4 14 -1 -10 -2 -7 -11 -15 -13
right_child=5 3 11 4 6 16 -8 -9 12 17 -12 19 -14 18 -16 -17 -18 -19 -20 -21
leaf_value=-0.001098636996295748 0.01627004350880646 0.02604189267258793 0.021931108839038607 0.063584145049897248 -0.043913627571875224 0.066673688225695457 0.066668685241702164 0.011909949844594604 -0.018917229172389721 -0.049019504305614192 -0.066670036670823746 -0.066668529792650227 -0.0061642158079033317 0.066672591465820594 -0.063992967921459351 0.063926941704780069 0.042893921350198712 -0.066675668638082802 0.064593633612115495 -0.066672633579381038
leaf_weight=0.0010080725473926586 0.0010976027569995495 0.0019146234503750748 0.0011047246950965936 0.023197231035510409 0.0051558638433562001 0.001258138862795021 0.0016592648466939863 0.0074414366199562236 0.001110949763983622 0.0014748252287972718 0.0010326316590862908 0.0039107152823589786 0.0013783500861563871 0.0013272113710627309 0.017509946183508877 0.0014650511898253171 0.0010001631558225199 0.0021668040776603439 0.0010002510693993827 0.0043787779153490192
leaf_count=73 32 62 35 581 88 47 76 187 40 20 92 329 110 20 1269 10 42 24 26 122
internal_value=-0.000932871 0.0162264 -0.0295723 0.0297815 0.0386559 -0.037929 -0.0169904 0.0510337 -0.0469328 -0.0300397 0.011868 -0.0562515 -0.0575035 0.0455672 -0.0613037 0.0435152 0.056142 -0.0595251 0.0657791 -0.0666707
internal_weight=0.0815926 0.0557398 0.0127298 0.04301 0.0374538 0.0258528 0.00681513 0.0306387 0.0235945 0.00555625 0.00359529 0.00939422 0.0199992 0.00333553 0.0186209 0.00256265 0.0022583 0.00364163 0.00232746 0.00828949
internal_count=3285 1643 605 1038 932 1642 164 768 1553 106 134 486 1419 119 1309 42 89 44 46 451
is_linear=0
shrinkage=0.1


Tree=297
num_leaves=24
num_cat=0
split_feature=160 134 71 119 17 185 37 164 170 9 29 8 63 23 156 34 62 61 49 185 134 80 86
split_gain=0.00459077 0.00317982 0.00213708 0.00204916 0.00188543 0.00172853 0.00169881 0.00157305 0.00151749 0.00125289 0.00125004 0.000885859 0.000762208 0.000749044 0.000399986 5.98836e-05 5.12692e-06 4.03238e-06 3.89518e-12 2.92327e-12 1.81333e-12 5.29334e-13 4.37535e-13
threshold=-0.46488048361001511 -0.48334835104932322 0.79936311738673271 0.11007642924810405 -0.85512945720833666 1.0688621009376111 -0.86879487738894934 -0.18771828221342321 1.9038422897183127 1.0608926347398715 -0.32869666087429505 0.27470234918561792 1.4369214040058029 0.54918102590125251 1.8958948117290599 -0.37508996615052564 1.0197685402064651 -0.044684254783147234 0.35197336990550315 1.0905766195341797 0.37379094595637502 0.67845786209112569 -0.77818084459547887
decision_type=2 2 2 2 2 2 2 2 2 2 2 2 2 2 2 2 2 2 2 2 2 2 2
left_child=3 2 9 7 16 10 -6 -1 15 12 11 -3 -2 17 -12 -7 -4 -9 20 -20 22 -22 -5
right_child=1 5 4 18 6 8 -8 13 -10 -11 14 -13 -14 -15 -16 -17 -18 -19 19 -21 21 -23 -24
leaf_value=0.057238497266623382 -0.056770024600851857 -0.033327153800836465 -0.056889470345995945 -0.06666995072269849 -0.060429636618714845 -0.037181288636815711 0.059307751196152197 -0.058966170155532495 0.049413275395168571 0.043861380929722082 0.063944561982921311 0.055890631902778855 0.0028712567593158086 0.025267402654269744 -0.00034066026217212641 -0.066669974325128667 -0.066669221248736379 -0.066671798539917324 -0.066675013323286195 -0.066668971495750282 -0.066673100765222731 -0.066669851785121026 -0.066667717452174716
leaf_weight=0.0029081073789711809 0.010923881011422054 0.0027690205220096678 0.0010000020480447356 0.0010330301386147767 0.0013908950081713565 0.0010006492448155768 0.0080008542852283426 0.0010003185822142768 0.0022660003482997126 0.0017931704229567922 0.017966252994256138 0.0018608016457619669 0.0026656785155410043 0.0013376796241573174 0.0010229927647742434 0.0022086246193566686 0.0011553792388667716 0.0021149921828964571 0.0021777956676487529 0.0012665488176253348 0.0010007975390635693 0.001005050620392467 0.0058178861655733272
leaf_count=22 476 46 62 68 101 35 181 26 25 44 893 41 112 20 15 100 63 57 30 82 20 41 725
internal_value=-0.000124528 0.0144657 -0.0102971 -0.041697 0.0222171 0.0373863 0.0415749 3.53341e-05 -0.0132384 -0.0347041 0.0491219 0.00253094 -0.045071 -0.0373222 0.0604814 -0.0574754 -0.0621318 -0.0641975 -0.0666699 -0.0666728 -0.0666688 -0.0666715 -0.0666681
internal_weight=0.0756864 0.0560242 0.0269299 0.0196622 0.0115471 0.0290943 0.00939175 0.0073611 0.00547527 0.0153827 0.0236191 0.00462982 0.0135896 0.00445299 0.0189892 0.00320927 0.00215538 0.00311531 0.0123011 0.00344434 0.00885676 0.00200585 0.00685092
internal_count=3285 2194 1039 1091 407 1155 282 125 160 632 995 87 588 103 908 135 125 83 966 112 854 61 793
is_linear=0
shrinkage=0.1


Tree=298
num_leaves=22
num_cat=0
split_feature=20 33 195 69 135 135 165 183 89 24 123 191 86 192 7 62 24 126 101 67 134
split_gain=0.00399171 0.00453802 0.00250491 0.00228247 0.00198352 0.0018065 0.00170797 0.00195305 0.00142184 0.00127375 0.00119424 0.000927483 0.000905955 0.000850501 0.0007771 0.000366092 0.000364662 5.96284e-05 2.27491e-05 1.91547e-12 5.24003e-13
threshold=-0.79736367449433898 -0.34681122592944286 0.73091956073679987 -0.091269165667718574 -1.2412439768614789 -1.5099529582779743 0.5241355862480449 0.38027447070562598 1.687669746153498 -0.35717773779447504 0.02552407494597209 1.070536250699442 1.822157999307408 0.19512465301163728 0.23731064709030655 0.24592023923660836 -0.50780447208067903 0.7987944115133957 1.4289164833966408 -0.48876758594259267 -0.60579682205013718
decision_type=2 2 2 2 2 2 2 2 2 2 2 2 2 2 2 2 2 2 2 2 2
left_child=2 3 8 5 9 20 13 -8 12 16 -7 -4 14 -6 -1 -5 -3 -17 -13 -20 -2
right_child=1 4 11 15 6 10 7 -9 -10 -11 -12 18 -14 -15 -16 17 -18 -19 19 -21 -22
leaf_value=0.065435526031489069 0.066668041333216826 -0.0051739881877235971 0.028243780805242438 0.00060018302656295877 0.011160388940606836 0.017955248438674382 -0.043682808589304352 0.05783090797913925 -0.066669566236076117 -0.053184924847979112 -0.049254490526646877 -0.048586320493382462 -0.023397669943520459 -0.063608254610338991 -0.023290128043286281 0.066471976317274792 0.063716051288764244 0.042270632085392647 -0.066675474605558269 -0.066669665189741684 0.066670789282397766
leaf_weight=0.017617099586459517 0.0013102932448418869 0.0010058372326966492 0.0017987601804634315 0.0010346900264721634 0.0016352244876998148 0.0043015995015593944 0.0049722730138910265 0.0030625670364088364 0.0010144880952793747 0.0017843554896899141 0.0068599609091961611 0.0010022292542544164 0.0013836995785823083 0.021851065467672015 0.0010457348334966801 0.0079423821166528796 0.0032548229880831059 0.0011677444181259497 0.0011036683182510387 0.0011684131322908797 0.0014751931726095799
leaf_count=581 64 34 25 27 34 96 186 55 29 25 63 62 21 1639 14 150 62 16 18 58 26
internal_value=0.000883436 -0.0129989 0.0336358 0.0208779 -0.0347246 -0.00537322 -0.0447874 -0.00498975 0.0488304 0.0177468 -0.0233523 -0.0294449 0.0546755 -0.0584025 0.060464 0.0569678 0.0474528 0.0633698 -0.0611365 -0.0666725 0.0666695
internal_weight=0.0877921 0.061658 0.0261341 0.0240919 0.0375661 0.013947 0.0315211 0.00803484 0.021061 0.00604502 0.0111616 0.00507307 0.0200465 0.0234863 0.0186628 0.0101448 0.00426066 0.00911013 0.00327431 0.00227208 0.00278549
internal_count=3285 2477 808 442 2035 249 1914 241 645 121 159 163 616 1673 595 193 96 166 138 76 90
is_linear=0
shrinkage=0.1


Tree=299
num_leaves=18
num_cat=0
split_feature=71 119 7 24 9 133 163 71 109 58 50 59 89 86 45 49 198
split_gain=0.00461141 0.00358333 0.00308595 0.00210625 0.00257874 0.00140405 0.000800495 0.000595912 0.000471955 0.0005961 0.000349433 0.000205248 9.56222e-05 2.26441e-07 8.74542e-12 2.33432e-12 4.62329e-13
threshold=0.7204561883995898 1.574039241133643 -0.44313843823558313 -0.25972598002260611 0.48131377080030818 1.8518718535926049 -1.0810836641003354 0.070611626354750115 1.4091219433431863 1.341228707040363 -1.8463722591664451 -1.6751469176089666 1.3117419901076894 -0.46457468115349521 0.92986963756523588 -2.1369003901939281 0.72256819227588343
decision_type=2 2 2 2 2 2 2 2 2 2 2 2 2 2 2 2 2
left_child=1 2 3 4 -1 6 -4 -7 11 -10 -5 -2 -3 -13 -14 -15 -16
right_child=8 12 5 10 -6 7 -8 -9 9 -11 -12 13 14 15 16 -17 -18
leaf_value=0.04876413834049903 -0.020157730048642675 0.037376690956192421 0.013427017673129754 0.0012429338787155369 -0.013786157624560414 0.066674523813410741 -0.058263258101320575 -0.017022028823286819 0.042480463913219725 -0.059065528089722978 -0.066671175022665549 -0.065084325230612652 0.06667672696635997 -0.06667275095831697 0.066667926696234711 -0.066668176138089508 0.06666969545410098
leaf_weight=0.018878425566754231 0.0010541182621182097 0.0012627874257304947 0.0017898400108151682 0.0010063734953291714 0.010126360524168376 0.0016187707769859108 0.012000355033478629 0.0017928339095760748 0.0010637136579134685 0.0012662424928748806 0.0030648455497157548 0.001000253503548266 0.0014799310081343728 0.001299363556427127 0.0060461030511760327 0.0078758176066457946 0.0019558460999178351
leaf_count=288 36 22 64 7 226 15 725 28 36 33 171 139 14 28 472 928 53
internal_value=-0.000913539 0.0108078 -0.000394486 0.0174719 0.0269261 -0.0347484 -0.0489585 0.0226911 -0.0536636 -0.0127059 -0.0498833 -0.0621617 0.063227 -0.0665131 0.0666697 -0.0666688 0.0666684
internal_weight=0.074582 0.0610225 0.0502778 0.033076 0.0290048 0.0172018 0.0137902 0.0034116 0.0135595 0.00232996 0.00407122 0.0112296 0.0107447 0.0101754 0.00948188 0.00917518 0.00800195
internal_count=3285 2085 1524 692 514 832 789 43 1200 69 178 1131 561 1095 539 956 525
is_linear=0
shrinkage=0.1


end of trees

feature_importances:
Column_7=349
Column_20=220
Column_162=200
Column_24=185
Column_119=163
Column_6=161
Column_71=135
Column_185=135
Column_44=125
Column_37=112
Column_29=103
Column_49=100
Column_3=98
Column_92=96
Column_114=90
Column_160=87
Column_90=86
Column_86=81
Column_89=76
Column_33=75
Column_110=71
Column_192=71
Column_87=69
Column_167=68
Column_170=67
Column_35=66
Column_48=64
Column_19=63
Column_65=63
Column_40=62
Column_47=61
Column_186=61
Column_69=57
Column_166=57
Column_11=56
Column_161=55
Column_118=54
Column_134=53
Column_135=50
Column_156=50
Column_8=48
Column_38=48
Column_165=47
Column_39=45
Column_168=45
Column_145=44
Column_198=44
Column_13=43
Column_195=42
Column_9=41
Column_34=41
Column_59=41
Column_187=39
Column_120=38
Column_122=38
Column_123=37
Column_178=36
Column_73=35
Column_194=35
Column_14=33
Column_22=32
Column_25=32
Column_81=32
Column_106=32
Column_125=32
Column_191=31
Column_0=29
Column_30=29
Column_36=29
Column_88=29
Column_117=29
Column_155=29
Column_12=28
Column_53=28
Column_164=28
Column_190=28
Column_136=26
Column_197=26
Column_184=25
Column_27=24
Column_67=24
Column_68=24
Column_111=24
Column_31=23
Column_115=23
Column_128=23
Column_60=22
Column_172=22
Column_63=21
Column_72=21
Column_77=21
Column_50=20
Column_66=20
Column_93=20
Column_133=20
Column_137=20
Column_174=20
Column_17=19
Column_130=19
Column_5=18
Column_196=18
Column_32=17
Column_41=17
Column_70=17
Column_75=17
Column_76=17
Column_51=16
Column_105=16
Column_144=16
Column_148=16
Column_10=15
Column_16=15
Column_80=15
Column_116=15
Column_158=15
Column_21=14
Column_83=14
Column_104=14
Column_131=14
Column_140=14
Column_176=14
Column_62=13
Column_74=13
Column_91=13
Column_109=13
Column_175=13
Column_1=12
Column_18=12
Column_26=12
Column_52=12
Column_78=12
Column_82=12
Column_107=12
Column_126=12
Column_141=12
Column_163=12
Column_57=11
Column_58=11
Column_108=11
Column_127=11
Column_15=10
Column_84=10
Column_143=10
Column_153=10
Column_159=10
Column_179=10
Column_2=9
Column_42=9
Column_97=9
Column_101=9
Column_138=9
Column_56=8
Column_79=8
Column_132=8
Column_146=8
Column_154=8
Column_177=8
Column_183=8
Column_189=8
Column_43=7
Column_85=7
Column_181=7
Column_23=6
Column_142=6
Column_199=6
Column_45=5
Column_61=5
Column_149=5
Column_180=5
Column_64=4
Column_121=4
Column_147=4
Column_151=4
Column_152=4
Column_169=4
Column_46=3
Column_54=3
Column_103=3
Column_112=3
Column_150=3
Column_182=3
Column_55=2
Column_113=2
Column_124=2
Column_171=2
Column_100=1
Column_129=1
Column_157=1
Column_173=1
Column_193=1

parameters:
[boosting: gbdt]
[objective: multiclass]
[metric: multi_logloss]
[tree_learner: serial]
[device_type: cpu]
[data_sample_strategy: bagging]
[data: ]
[valid: ]
[num_iterations: 100]
[learning_rate: 0.1]
[num_leaves: 31]
[num_threads: 12]
[seed: 42]
[deterministic: 0]
[force_col_wise: 0]
[force_row_wise: 0]
[histogram_pool_size: -1]
[max_depth: 5]
[min_data_in_leaf: 20]
[min_sum_hessian_in_leaf: 0.001]
[bagging_fraction: 1]
[pos_bagging_fraction: 1]
[neg_bagging_fraction: 1]
[bagging_freq: 0]
[bagging_seed: 400]
[bagging_by_query: 0]
[feature_fraction: 1]
[feature_fraction_bynode: 1]
[feature_fraction_seed: 30056]
[extra_trees: 0]
[extra_seed: 12879]
[early_stopping_round: 0]
[early_stopping_min_delta: 0]
[first_metric_only: 0]
[max_delta_step: 0]
[lambda_l1: 0]
[lambda_l2: 0]
[linear_lambda: 0]
[min_gain_to_split: 0]
[drop_rate: 0.1]
[max_drop: 50]
[skip_drop: 0.5]
[xgboost_dart_mode: 0]
[uniform_drop: 0]
[drop_seed: 17869]
[top_rate: 0.2]
[other_rate: 0.1]
[min_data_per_group: 100]
[max_cat_threshold: 32]
[cat_l2: 10]
[cat_smooth: 10]
[max_cat_to_onehot: 4]
[top_k: 20]
[monotone_constraints: ]
[monotone_constraints_method: basic]
[monotone_penalty: 0]
[feature_contri: ]
[forcedsplits_filename: ]
[refit_decay_rate: 0.9]
[cegb_tradeoff: 1]
[cegb_penalty_split: 0]
[cegb_penalty_feature_lazy: ]
[cegb_penalty_feature_coupled: ]
[path_smooth: 0]
[interaction_constraints: ]
[verbosity: 1]
[saved_feature_importance_type: 0]
[use_quantized_grad: 0]
[num_grad_quant_bins: 4]
[quant_train_renew_leaf: 0]
[stochastic_rounding: 1]
[linear_tree: 0]
[max_bin: 255]
[max_bin_by_feature: ]
[min_data_in_bin: 3]
[bin_construct_sample_cnt: 200000]
[data_random_seed: 175]
[is_enable_sparse: 1]
[enable_bundle: 1]
[use_missing: 1]
[zero_as_missing: 0]
[feature_pre_filter: 1]
[pre_partition: 0]
[two_round: 0]
[header: 0]
[label_column: ]
[weight_column: ]
[group_column: ]
[ignore_column: ]
[categorical_feature: ]
[forcedbins_filename: ]
[precise_float_parser: 0]
[parser_config_file: ]
[objective_seed: 16083]
[num_class: 3]
[is_unbalance: 0]
[scale_pos_weight: 1]
[sigmoid: 1]
[boost_from_average: 1]
[reg_sqrt: 0]
[alpha: 0.9]
[fair_c: 1]
[poisson_max_delta_step: 0.7]
[tweedie_variance_power: 1.5]
[lambdarank_truncation_level: 30]
[lambdarank_norm: 1]
[label_gain: ]
[lambdarank_position_bias_regularization: 0]
[eval_at: ]
[multi_error_top_k: 1]
[auc_mu_weights: ]
[num_machines: 1]
[local_listen_port: 12400]
[time_out: 120]
[machine_list_filename: ]
[machines: ]
[gpu_platform_id: -1]
[gpu_device_id: -1]
[gpu_use_dp: 0]
[num_gpu: 1]

end of parameters

pandas_categorical:null
